product_id,title,description,img_url,recommendation_text,brand,rating,main_category,sub_category,price
P0001,Samsung Galaxy A15 6GB 128GB,"Brand Samsung. Operating System Android. Screen Size 6.5"". Internal Memory 128GB. RAM 6GB. Main Camera Pixel 50.0. Dual Sim Yes. Water Resistant Yes. Expandable Memory No. Warranty 1 Year Manufacturer. Shipping 3 - 5 Days. Color Black",https://www.shophive.com/media/catalog/product/cache/3875881abdd255ac261538b8462285e9/a/1/a15_3.jpg,"Samsung Galaxy A15 6GB 128GB Samsung Mobile Phones Smartphones Brand Samsung. Operating System Android. Screen Size 6.5"". Internal Memory 128GB. RAM 6GB. Main Camera Pixel 50.0. Dual Sim Yes. Water Resistant Yes. Expandable Memory No. Warranty 1 Year Manufacturer. Shipping 3 - 5 Days. Color Black",Samsung,0.0,Mobile Phones,Smartphones,146.43
P0002,Xiaomi Redmi Note 5,Display 5.99 inches. RAM 4 GB RAM OR 32 GB 3 GB RAM. Battery 4000 mAh. Back Camera 12 MP,https://images.priceoye.pk/xiaomi-redmi-note-5-pakistan-priceoye-270x270.webp,Xiaomi Redmi Note 5 Xiaomi Mobile Phones Smartphones Display 5.99 inches. RAM 4 GB RAM OR 32 GB 3 GB RAM. Battery 4000 mAh. Back Camera 12 MP,Xiaomi,5.0,Mobile Phones,Smartphones,114.28
P0003,Vivo Y51A,Display 6.58 inches. RAM 8 GB. Battery 5000 mAh. Back Camera 48 MP + 8 MP + 2 MP,https://images.priceoye.pk/vivo-y51a-pakistan-priceoye-ohzu3-270x270.webp,Vivo Y51A Vivo Mobile Phones Smartphones Display 6.58 inches. RAM 8 GB. Battery 5000 mAh. Back Camera 48 MP + 8 MP + 2 MP,Vivo,5.0,Mobile Phones,Smartphones,142.85
P0004,Itel P70,Display 6.67 inches. RAM 8GB (4GB + 4GB EXPANDABLE RAM). Battery 6000 mAh. Back Camera 13 MP,https://images.priceoye.pk/itel-p70-pakistan-priceoye-1xx2t-270x270.webp,Itel P70 Itel Mobile Phones Smartphones Display 6.67 inches. RAM 8GB (4GB + 4GB EXPANDABLE RAM). Battery 6000 mAh. Back Camera 13 MP,Itel,5.0,Mobile Phones,Smartphones,85.71
P0005,HP EliteBook 640 G11 Intel Core Ultra 5 125U 8GB 512GB SSD 1Y,"Brand HP. Series Elitebook. Screen Size 14"". Screen Resolution 1920 x 1200. Touchscreen No. Operating System DOS. Generation Info n/a. Processor Type No info. Processor Model Info n/a. Processor Speed 1.3 GHz. Processor Turbo 4.3 GHz (Up to). Processor Cache 12 MB. RAM 8GB. HDD Interface SSD. Hard Disk Capacity 512GB SSD. Graphics Intel Integrated Graphics. Graphics Detail Info n/a. Video Memory Shared. Optical Drive No Optical Drive. USB Ports 2 ports. Numeric Pad No. HDMI Yes. Backlit Keyboard Yes. Warranty 1 Year Manufacturer. Shipping Same Day From Lahore",https://www.shophive.com/media/catalog/product/cache/3875881abdd255ac261538b8462285e9/l/a/laptop_36_12.jpg,"HP EliteBook 640 G11 Intel Core Ultra 5 125U 8GB 512GB SSD 1Y HP Laptops Business Laptops Brand HP. Series Elitebook. Screen Size 14"". Screen Resolution 1920 x 1200. Touchscreen No. Operating System DOS. Generation Info n/a. Processor Type No info. Processor Model Info n/a. Processor Speed 1.3 GHz. Processor Turbo 4.3 GHz (Up to). Processor Cache 12 MB. RAM 8GB. HDD Interface SSD. Hard Disk Capacity 512GB SSD. Graphics Intel Integrated Graphics. Graphics Detail Info n/a. Video Memory Shared. Optical Drive No Optical Drive. USB Ports 2 ports. Numeric Pad No. HDMI Yes. Backlit Keyboard Yes. Warranty 1 Year Manufacturer. Shipping Same Day From Lahore",HP,0.0,Laptops,Business Laptops,953.57
P0006,Xiaomi Mi 8 Lite,Display 6.26 inches. RAM 6 GB RAM OR 64 GB 4 GB RAM. Battery 3350 mAh. Back Camera 12 MP + 5MP,https://images.priceoye.pk/xiaomi-mi-8-lite-pakistan-priceoye-jeefp-270x270.webp,Xiaomi Mi 8 Lite Xiaomi Mobile Phones Smartphones Display 6.26 inches. RAM 6 GB RAM OR 64 GB 4 GB RAM. Battery 3350 mAh. Back Camera 12 MP + 5MP,Xiaomi,3.7,Mobile Phones,Smartphones,119.64
P0007,Oppo R11,Display 5.5 inches. RAM 6 GB RAM 64 GB 4 GB RAM. Battery 3000 mAh. Back Camera 16 MP,https://images.priceoye.pk/oppo-r11-pakistan-priceoye-270x270.webp,Oppo R11 Oppo Mobile Phones Smartphones Display 5.5 inches. RAM 6 GB RAM 64 GB 4 GB RAM. Battery 3000 mAh. Back Camera 16 MP,Oppo,5.0,Mobile Phones,Smartphones,142.86
P0008,Samsung Galaxy S9 Plus,Display 6.2 inches. RAM 6 GB RAM - CHINA. Battery 350013.48 mAh. Back Camera 12 MP,https://images.priceoye.pk/samsung-galaxy-s9-plus-pakistan-priceoye-l0z49-270x270.webp,Samsung Galaxy S9 Plus Samsung Mobile Phones Smartphones Display 6.2 inches. RAM 6 GB RAM - CHINA. Battery 350013.48 mAh. Back Camera 12 MP,Samsung,4.6,Mobile Phones,Smartphones,396.43
P0009,Samsung Galaxy Tab S9+ 12GB 512GB (SM-X810),"Brand Samsung. Operating System Android. RAM 12GB. Screen Size 12.4"". Warranty 7 Day Replacement. Internal Memory 512GB. Expandable Memory Yes. Phone Option No. Shipping 24 - 48 hrs",https://www.shophive.com/media/catalog/product/cache/3875881abdd255ac261538b8462285e9/s/a/samsung_32.jpg,"Samsung Galaxy Tab S9+ 12GB 512GB (SM-X810) Samsung Tablets Android Tablets Brand Samsung. Operating System Android. RAM 12GB. Screen Size 12.4"". Warranty 7 Day Replacement. Internal Memory 512GB. Expandable Memory Yes. Phone Option No. Shipping 24 - 48 hrs",Samsung,0.0,Tablets,Android Tablets,785.71
P0010,Tecno Camon 40,Display 6.78 inches. RAM 16GB (8GB + 8GB EXTENDED). Battery 5200 mAh. Back Camera 50 MP + 8 MP,https://images.priceoye.pk/tecno-camon-40-pakistan-priceoye-9c23u-270x270.webp,Tecno Camon 40 Tecno Mobile Phones Smartphones Display 6.78 inches. RAM 16GB (8GB + 8GB EXTENDED). Battery 5200 mAh. Back Camera 50 MP + 8 MP,Tecno,5.0,Mobile Phones,Smartphones,214.28
P0011,Samsung Galaxy Z Fold FE,Display 7.6 Inches. RAM 12/16 GB. Battery 4800 mAh. Back Camera 12 MP + 12 MP +12 MP,https://images.priceoye.pk/samsung-galaxy-z-fold-fe-pakistan-priceoye-7zkwc-270x270.webp,Samsung Galaxy Z Fold FE Samsung Mobile Phones Smartphones Display 7.6 Inches. RAM 12/16 GB. Battery 4800 mAh. Back Camera 12 MP + 12 MP +12 MP,Samsung,5.0,Mobile Phones,Smartphones,1160.71
P0012,HP Victus 16 R0073TX 16.1 Inches 13th Gen Core i5 Win 11 (16GB - 512GB),Display 16.1 Inches. Generation 13th Generation. Processor Core i5 13500HX Raptor Lake. Internal Memory 512 GB PCIe® Gen4 NVMe™ TLC M.2 SSD,https://images.priceoye.pk/hp-victus-16-r0073tx-16-1-inches-13th-gen-core-i5-win-11-16gb-512gb-pakistan-priceoye-o9azb-270x270.webp,HP Victus 16 R0073TX 16.1 Inches 13th Gen Core i5 Win 11 (16GB - 512GB) HP Laptops Laptops Display 16.1 Inches. Generation 13th Generation. Processor Core i5 13500HX Raptor Lake. Internal Memory 512 GB PCIe® Gen4 NVMe™ TLC M.2 SSD,HP,5.0,Laptops,Laptops,1607.14
P0013,HP Victus 16 R0073tx i5-13500HX 16GB 512GB SSD Gaming Laptop,"Brand HP. Series victus. Screen Size 16"". Screen Resolution 1920 x 1080. Touchscreen No. Operating System Windows 11 Home. Generation Intel 13th Generation. Processor Type Intel Core i5. Processor Model Info n/a. Processor Speed 3.5 GHz. Processor Turbo 4.7 GHz (Up to). Processor Cache 24 MB. RAM 16GB. HDD Interface SSD. Hard Disk Capacity 512GB SSD. Graphics Nvidia Graphics. Graphics Detail Info n/a. Video Memory 6GB Nvidia Graphics. Optical Drive No Optical Drive. USB Ports 3 ports. Numeric Pad Yes. HDMI Yes. Backlit Keyboard Yes. Warranty 1 Year Manufacturer. Shipping Same Day From Lahore",https://www.shophive.com/media/catalog/product/cache/3875881abdd255ac261538b8462285e9/i/m/image-removebg-preview---2023-08-22t161010.458.jpg,"HP Victus 16 R0073tx i5-13500HX 16GB 512GB SSD Gaming Laptop HP Laptops Gaming Laptops Brand HP. Series victus. Screen Size 16"". Screen Resolution 1920 x 1080. Touchscreen No. Operating System Windows 11 Home. Generation Intel 13th Generation. Processor Type Intel Core i5. Processor Model Info n/a. Processor Speed 3.5 GHz. Processor Turbo 4.7 GHz (Up to). Processor Cache 24 MB. RAM 16GB. HDD Interface SSD. Hard Disk Capacity 512GB SSD. Graphics Nvidia Graphics. Graphics Detail Info n/a. Video Memory 6GB Nvidia Graphics. Optical Drive No Optical Drive. USB Ports 3 ports. Numeric Pad Yes. HDMI Yes. Backlit Keyboard Yes. Warranty 1 Year Manufacturer. Shipping Same Day From Lahore",HP,0.0,Laptops,Gaming Laptops,994.64
P0014,Asus Zenbook DUO 14 UX8406MA Intel Core Ultra 7 16GB 1TB SSD,"Brand Asus. Series ZenBook. Screen Size 14"". Screen Resolution 2880 x 1800. Touchscreen No. Operating System Windows 11 Home. Generation Info n/a. Processor Type Intel Core Ultra 7. Processor Model Ultra 7 155H. Processor Speed 1.4 GHz. Processor Turbo 4.8 GHz (Up to). Processor Cache 24 MB. RAM 16GB. HDD Interface SSD. Hard Disk Capacity 1TB SSD. Graphics Intel Integrated Graphics. Graphics Detail Info n/a. Video Memory Shared. Optical Drive No Optical Drive. USB Ports 1 port. Numeric Pad No. HDMI Yes. Backlit Keyboard Yes. Warranty International Warranty. Shipping 5 - 10 Days",https://www.shophive.com/media/catalog/product/cache/3875881abdd255ac261538b8462285e9/l/a/laptop_191.jpg,"Asus Zenbook DUO 14 UX8406MA Intel Core Ultra 7 16GB 1TB SSD Asus Laptops Laptops Brand Asus. Series ZenBook. Screen Size 14"". Screen Resolution 2880 x 1800. Touchscreen No. Operating System Windows 11 Home. Generation Info n/a. Processor Type Intel Core Ultra 7. Processor Model Ultra 7 155H. Processor Speed 1.4 GHz. Processor Turbo 4.8 GHz (Up to). Processor Cache 24 MB. RAM 16GB. HDD Interface SSD. Hard Disk Capacity 1TB SSD. Graphics Intel Integrated Graphics. Graphics Detail Info n/a. Video Memory Shared. Optical Drive No Optical Drive. USB Ports 1 port. Numeric Pad No. HDMI Yes. Backlit Keyboard Yes. Warranty International Warranty. Shipping 5 - 10 Days",Asus,0.0,Laptops,Laptops,1830.35
P0015,HP Victus Gaming Laptop Core i7-12650H 16GB 512GB SSD (15-FA0032DX),Display 15.6-inches. Generation 12th Generation Intel Core. Processor 12th Generation Intel Core i7-12650H Processor (10 Cores - 16 Threads). Internal Memory 512 GB,https://images.priceoye.pk/hp-victus-gaming-laptop-core-i7-12650h-16gb-512gb-ssd-15-fa0032dx-pakistan-priceoye-jl1if-270x270.webp,HP Victus Gaming Laptop Core i7-12650H 16GB 512GB SSD (15-FA0032DX) HP Laptops Gaming Laptops Display 15.6-inches. Generation 12th Generation Intel Core. Processor 12th Generation Intel Core i7-12650H Processor (10 Cores - 16 Threads). Internal Memory 512 GB,HP,5.0,Laptops,Gaming Laptops,1142.86
P0016,oppo a39,Display 5.2 inches. RAM 3GB RAM. Battery 2900 mAh. Back Camera 13 MP,https://images.priceoye.pk/oppo-a39-pakistan-priceoye-2fztz-270x270.webp,oppo a39 Oppo Mobile Phones Smartphones Display 5.2 inches. RAM 3GB RAM. Battery 2900 mAh. Back Camera 13 MP,Oppo,5.0,Mobile Phones,Smartphones,64.29
P0017,Samsung Galaxy A35 8GB 256GB,"Brand Samsung. Operating System Android. Screen Size 6.6"". Internal Memory 256GB. RAM 8GB. Main Camera Pixel 50.0. Dual Sim Yes. Water Resistant Yes. Expandable Memory Yes. Warranty 1 Year Manufacturer. Shipping Same Day From Lahore. Color Awesome Navy",https://www.shophive.com/media/catalog/product/cache/3875881abdd255ac261538b8462285e9/p/h/phone_4.jpg,"Samsung Galaxy A35 8GB 256GB Samsung Mobile Phones Smartphones Brand Samsung. Operating System Android. Screen Size 6.6"". Internal Memory 256GB. RAM 8GB. Main Camera Pixel 50.0. Dual Sim Yes. Water Resistant Yes. Expandable Memory Yes. Warranty 1 Year Manufacturer. Shipping Same Day From Lahore. Color Awesome Navy",Samsung,0.0,Mobile Phones,Smartphones,351.78
P0018,Tecno Spark Power 2 Air,Display 7 Inches. RAM 4 GB. Battery 6000 mAh. Back Camera 16 MP + 5 MP + 2 MP,https://images.priceoye.pk/tecno-spark-power-2-air-pakistan-priceoye-7bc5s-270x270.webp,Tecno Spark Power 2 Air Tecno Mobile Phones Smartphones Display 7 Inches. RAM 4 GB. Battery 6000 mAh. Back Camera 16 MP + 5 MP + 2 MP,Tecno,5.0,Mobile Phones,Smartphones,85.71
P0019,HP Pavilion X360 14 EK1055TU 14 Inches 13th Gen Core i5 Win 11 Home (8GB - 512GB),Display 14 Inches. Generation 13th Generation. Processor 1335u PROCESSOR. Internal Memory 512 GB SSD,https://images.priceoye.pk/hp-pavilion-x360-14-ek1055tu-14-inches-13th-gen-core-i5-win-11-home-8gb-512gb-pakistan-priceoye-euail-270x270.webp,HP Pavilion X360 14 EK1055TU 14 Inches 13th Gen Core i5 Win 11 Home (8GB - 512GB) HP Laptops Laptops Display 14 Inches. Generation 13th Generation. Processor 1335u PROCESSOR. Internal Memory 512 GB SSD,HP,5.0,Laptops,Laptops,842.85
P0020,HP Victus 15 FA0043TX i5-12500H 16GB 512GB SSD Gaming Laptop,"Brand HP. Series victus. Screen Size 15.6"". Screen Resolution 1920 x 1080. Touchscreen No. Operating System Windows 11 Home. Generation Intel 12Th Generation. Processor Type Intel Core i5. Processor Model i5-12500H. Processor Speed 3.3 GHz. Processor Turbo 4.5 GHz (Up to). Processor Cache 18 MB. RAM 16GB. HDD Interface SSD. Hard Disk Capacity 512GB SSD. Graphics Nvidia Graphics. Graphics Detail RTX3050 (Nvidia GeForce). Video Memory 4 GB. Optical Drive No Optical Drive. USB Ports 2 Ports Type-C. Numeric Pad Yes. HDMI Yes. Backlit Keyboard Yes. Warranty 7 Day Replacement. Shipping Same Day From Lahore",https://www.shophive.com/media/catalog/product/cache/3875881abdd255ac261538b8462285e9/3/_/3._3_1.jpg,"HP Victus 15 FA0043TX i5-12500H 16GB 512GB SSD Gaming Laptop HP Laptops Gaming Laptops Brand HP. Series victus. Screen Size 15.6"". Screen Resolution 1920 x 1080. Touchscreen No. Operating System Windows 11 Home. Generation Intel 12Th Generation. Processor Type Intel Core i5. Processor Model i5-12500H. Processor Speed 3.3 GHz. Processor Turbo 4.5 GHz (Up to). Processor Cache 18 MB. RAM 16GB. HDD Interface SSD. Hard Disk Capacity 512GB SSD. Graphics Nvidia Graphics. Graphics Detail RTX3050 (Nvidia GeForce). Video Memory 4 GB. Optical Drive No Optical Drive. USB Ports 2 Ports Type-C. Numeric Pad Yes. HDMI Yes. Backlit Keyboard Yes. Warranty 7 Day Replacement. Shipping Same Day From Lahore",HP,0.0,Laptops,Gaming Laptops,1333.92
P0021,Samsung Galaxy Tab A9 4GB 64GB (Wifi + Cellular),"Brand Samsung. Operating System Android. RAM 4GB. Screen Size 8.7"". Warranty 1 Year Manufacturer. Internal Memory 64GB. Expandable Memory Yes. Phone Option Yes. Shipping Same Day From Lahore",https://www.shophive.com/media/catalog/product/cache/3875881abdd255ac261538b8462285e9/t/a/tab_1_3_1.jpg,"Samsung Galaxy Tab A9 4GB 64GB (Wifi + Cellular) Samsung Tablets Android Tablets Brand Samsung. Operating System Android. RAM 4GB. Screen Size 8.7"". Warranty 1 Year Manufacturer. Internal Memory 64GB. Expandable Memory Yes. Phone Option Yes. Shipping Same Day From Lahore",Samsung,0.0,Tablets,Android Tablets,139.28
P0022,Dell XPS 13.4 inches 9310 11 Gen Corei5 1135G7 (8gb - 512gb),Display 13.4 inches. Generation 11th Gen. Processor Intel Core i5. Internal Memory 512GB SSD,https://images.priceoye.pk/dell-xps-13-4-inches-9310-11-gen-corei5-1135g7-8gb-512gb-pakistan-priceoye-1gmhl-270x270.webp,Dell XPS 13.4 inches 9310 11 Gen Corei5 1135G7 (8gb - 512gb) Dell Laptops Laptops Display 13.4 inches. Generation 11th Gen. Processor Intel Core i5. Internal Memory 512GB SSD,Dell,5.0,Laptops,Laptops,1288.57
P0023,Oppo A52,Display 6.5 inches. RAM 4GB. Battery 5000 mAh. Back Camera 12 MP + 8 MP + 2 MP + 2 MP,https://images.priceoye.pk/oppo-a52-pakistan-priceoye-15wc7-270x270.webp,Oppo A52 Oppo Mobile Phones Smartphones Display 6.5 inches. RAM 4GB. Battery 5000 mAh. Back Camera 12 MP + 8 MP + 2 MP + 2 MP,Oppo,3.7,Mobile Phones,Smartphones,121.79
P0024,Vivo S10e,Display 6.44 inches. RAM 8 GB. Battery 4000 mAh. Back Camera 64 MP + 8 MP + 2 MP,https://images.priceoye.pk/vivo-s10e-pakistan-priceoye-gkbql-270x270.webp,Vivo S10e Vivo Mobile Phones Smartphones Display 6.44 inches. RAM 8 GB. Battery 4000 mAh. Back Camera 64 MP + 8 MP + 2 MP,Vivo,5.0,Mobile Phones,Smartphones,250.0
P0025,Realme 8 pro,Display 6.4 inches. RAM 6/8 GB. Battery 4500 mAh. Back Camera 108 MP + 8 MP + 2 MP + 2 MP,https://images.priceoye.pk/realme-8-pro-pakistan-priceoye-1dthm-270x270.webp,Realme 8 pro Realme Mobile Phones Smartphones Display 6.4 inches. RAM 6/8 GB. Battery 4500 mAh. Back Camera 108 MP + 8 MP + 2 MP + 2 MP,Realme,5.0,Mobile Phones,Smartphones,171.43
P0026,Samsung Galaxy F52,Display 6.57 inches. RAM 8 GB. Battery 4350 mAh. Back Camera 48 MP + 12 MP + 5 MP + 5 MP,https://images.priceoye.pk/samsung-galaxy-f52-pakistan-priceoye-shugz-270x270.webp,Samsung Galaxy F52 Samsung Mobile Phones Smartphones Display 6.57 inches. RAM 8 GB. Battery 4350 mAh. Back Camera 48 MP + 12 MP + 5 MP + 5 MP,Samsung,5.0,Mobile Phones,Smartphones,232.14
P0027,Samsung Galaxy S20 FE,Display 6.5 inches. RAM 8 GB. Battery 4500 mAh. Back Camera 12 MP + 8 MP + 12 MP,https://images.priceoye.pk/samsung-galaxy-s20-fe-pakistan-priceoye-798wz-270x270.webp,Samsung Galaxy S20 FE Samsung Mobile Phones Smartphones Display 6.5 inches. RAM 8 GB. Battery 4500 mAh. Back Camera 12 MP + 8 MP + 12 MP,Samsung,3.5,Mobile Phones,Smartphones,342.85
P0028,Vivo Y21A 2021,Display 6.51 inches. RAM 4GB RAM. Battery 5000 mAh. Back Camera 13 MP + 2 MP,https://images.priceoye.pk/vivo-y21a-2021-pakistan-priceoye-j02xz-270x270.webp,Vivo Y21A 2021 Vivo Mobile Phones Smartphones Display 6.51 inches. RAM 4GB RAM. Battery 5000 mAh. Back Camera 13 MP + 2 MP,Vivo,5.0,Mobile Phones,Smartphones,120.0
P0029,Asus ROG Zephyrus M16 GU603ZM-LS047W i7-12700H 16GB 1TB SSD,"Brand Asus. Series ROG. Screen Size 16"". Screen Resolution 1920 x 1200. Touchscreen No. Operating System Windows 11 Home. Generation Intel 12Th Generation. Processor Type Intel Core i7. Processor Model i7-12700H. Processor Speed 3.5 GHz. Processor Turbo 4.7 GHz (Up to). Processor Cache 24 MB. RAM 16GB. HDD Interface SSD. Hard Disk Capacity 1TB SSD. Graphics Nvidia Graphics. Graphics Detail RTX3060 (Nvidia GeForce). Video Memory 6 GB. Optical Drive No Optical Drive. USB Ports 2 ports. Numeric Pad No. HDMI Yes. Backlit Keyboard Yes. Warranty 7 Day Replacement. Shipping 5 - 10 Days",https://www.shophive.com/media/catalog/product/cache/3875881abdd255ac261538b8462285e9/i/m/image-removebg-preview---2023-07-10t183419.287.jpg,"Asus ROG Zephyrus M16 GU603ZM-LS047W i7-12700H 16GB 1TB SSD Asus Laptops Gaming Laptops Brand Asus. Series ROG. Screen Size 16"". Screen Resolution 1920 x 1200. Touchscreen No. Operating System Windows 11 Home. Generation Intel 12Th Generation. Processor Type Intel Core i7. Processor Model i7-12700H. Processor Speed 3.5 GHz. Processor Turbo 4.7 GHz (Up to). Processor Cache 24 MB. RAM 16GB. HDD Interface SSD. Hard Disk Capacity 1TB SSD. Graphics Nvidia Graphics. Graphics Detail RTX3060 (Nvidia GeForce). Video Memory 6 GB. Optical Drive No Optical Drive. USB Ports 2 ports. Numeric Pad No. HDMI Yes. Backlit Keyboard Yes. Warranty 7 Day Replacement. Shipping 5 - 10 Days",Asus,0.0,Laptops,Gaming Laptops,2380.0
P0030,Dell Inspiron 14 7440 2-in-1 Intel Core 5 120U 8GB 512GB SSD,"Brand Dell. Series Inspiron. Screen Size 14"". Screen Resolution 1920 x 1200. Touchscreen Yes. Operating System Windows 11 Home. Generation Info n/a. Processor Type No info. Processor Model Info n/a. Processor Speed 1.4 GHz. Processor Turbo 5.0 GHz (Up to). Processor Cache 12 MB. RAM 8GB. HDD Interface SSD. Hard Disk Capacity 512GB SSD. Graphics Intel Integrated Graphics. Graphics Detail Info n/a. Video Memory Shared. Optical Drive No Optical Drive. USB Ports 2 ports. Numeric Pad No. HDMI Yes. Backlit Keyboard Yes. Warranty International Warranty. Shipping Same Day From Lahore",https://www.shophive.com/media/catalog/product/cache/3875881abdd255ac261538b8462285e9/l/a/laptop_222.jpg,"Dell Inspiron 14 7440 2-in-1 Intel Core 5 120U 8GB 512GB SSD Dell Laptops Laptops Brand Dell. Series Inspiron. Screen Size 14"". Screen Resolution 1920 x 1200. Touchscreen Yes. Operating System Windows 11 Home. Generation Info n/a. Processor Type No info. Processor Model Info n/a. Processor Speed 1.4 GHz. Processor Turbo 5.0 GHz (Up to). Processor Cache 12 MB. RAM 8GB. HDD Interface SSD. Hard Disk Capacity 512GB SSD. Graphics Intel Integrated Graphics. Graphics Detail Info n/a. Video Memory Shared. Optical Drive No Optical Drive. USB Ports 2 ports. Numeric Pad No. HDMI Yes. Backlit Keyboard Yes. Warranty International Warranty. Shipping Same Day From Lahore",Dell,0.0,Laptops,Laptops,691.07
P0031,Samsung Galaxy A34,Display 6.6 Inches. RAM 6/8 GB. Battery 5000 mAh. Back Camera 48 MP + 8 MP + 5 MP,https://images.priceoye.pk/samsung-galaxy-a34-pakistan-priceoye-flemx-270x270.webp,Samsung Galaxy A34 Samsung Mobile Phones Smartphones Display 6.6 Inches. RAM 6/8 GB. Battery 5000 mAh. Back Camera 48 MP + 8 MP + 5 MP,Samsung,4.9,Mobile Phones,Smartphones,257.14
P0032,Xiaomi Redmi 10X 5G,Display 6.57 inches. RAM 6/8 GB. Battery 4520 mAh. Back Camera 48 MP + 8 MP + 2 MP,https://images.priceoye.pk/xiaomi-redmi-10x-5g-pakistan-priceoye-r7c2u-270x270.webp,Xiaomi Redmi 10X 5G Xiaomi Mobile Phones Smartphones Display 6.57 inches. RAM 6/8 GB. Battery 4520 mAh. Back Camera 48 MP + 8 MP + 2 MP,Xiaomi,5.0,Mobile Phones,Smartphones,139.29
P0033,Samsung Galaxy Z Fold 6,Display 7.6 inches. RAM 12 GB. Battery 4400 mAh. Back Camera 12 MP + 50 MP + 10 MP,https://images.priceoye.pk/samsung-galaxy-z-fold-6-pakistan-priceoye-6jsny-270x270.webp,Samsung Galaxy Z Fold 6 Samsung Mobile Phones Smartphones Display 7.6 inches. RAM 12 GB. Battery 4400 mAh. Back Camera 12 MP + 50 MP + 10 MP,Samsung,5.0,Mobile Phones,Smartphones,1875.0
P0034,Samsung Galaxy S24 Ultra,Display 6.8 Inches. RAM 12 GB. Battery 5000 mAh. Back Camera 200 MP + 50 MP + 12 MP + 10 MP,https://images.priceoye.pk/samsung-galaxy-s24-ultra-pakistan-priceoye-bmqbr-270x270.webp,Samsung Galaxy S24 Ultra Samsung Mobile Phones Smartphones Display 6.8 Inches. RAM 12 GB. Battery 5000 mAh. Back Camera 200 MP + 50 MP + 12 MP + 10 MP,Samsung,4.9,Mobile Phones,Smartphones,1514.28
P0035,Poco F6 Pro,Display 6.67 Inches. RAM 12 GB. Battery 5000 mAh. Back Camera 50 MP + 8 MP + 2 MP,https://images.priceoye.pk/xiaomi-poco-f-pakistan-priceoye-5fg9k-270x270.webp,Poco F6 Pro Xiaomi Mobile Phones Smartphones Display 6.67 Inches. RAM 12 GB. Battery 5000 mAh. Back Camera 50 MP + 8 MP + 2 MP,Xiaomi,5.0,Mobile Phones,Smartphones,607.14
P0036,Tecno Phantom V Flip 8GB 256GB,"Brand Tecno. Operating System Android. Screen Size 6.9"". Internal Memory 256GB. RAM 8GB. Main Camera Pixel 64. Dual Sim Yes. Expandable Memory Yes. Warranty 1 Year Manufacturer. Shipping 3 - 5 Days. Color Black",https://www.shophive.com/media/catalog/product/cache/3875881abdd255ac261538b8462285e9/u/n/untitled_design_38_.jpg,"Tecno Phantom V Flip 8GB 256GB Tecno Mobile Phones Smartphones Brand Tecno. Operating System Android. Screen Size 6.9"". Internal Memory 256GB. RAM 8GB. Main Camera Pixel 64. Dual Sim Yes. Expandable Memory Yes. Warranty 1 Year Manufacturer. Shipping 3 - 5 Days. Color Black",Tecno,0.0,Mobile Phones,Smartphones,607.14
P0037,Samsung Galaxy M20s,Display 6.3 inches. RAM 4 GB RAM OR 32 GB 3 GB RAM. Battery 5000 mAh. Back Camera 13 MP,https://images.priceoye.pk/samsung-galaxy-m20s-pakistan-priceoye-pof5w-270x270.webp,Samsung Galaxy M20s Samsung Mobile Phones Smartphones Display 6.3 inches. RAM 4 GB RAM OR 32 GB 3 GB RAM. Battery 5000 mAh. Back Camera 13 MP,Samsung,5.0,Mobile Phones,Smartphones,110.71
P0038,Poco F6,Display 6.67 Inches. RAM 12 GB. Battery 5000 mAh. Back Camera 50 MP + 8 MP,https://images.priceoye.pk/xiaomi-poco-f6-pakistan-priceoye-8oqgy-270x270.webp,Poco F6 Xiaomi Mobile Phones Smartphones Display 6.67 Inches. RAM 12 GB. Battery 5000 mAh. Back Camera 50 MP + 8 MP,Xiaomi,4.7,Mobile Phones,Smartphones,471.43
P0039,Xiaomi Mi 9 SE,Display 5.97 inches. RAM 6 GB RAM. Battery 3070 mAh. Back Camera null,https://images.priceoye.pk/xiaomi-mi-9-se-pakistan-priceoye-tba8p-270x270.webp,Xiaomi Mi 9 SE Xiaomi Mobile Phones Smartphones Display 5.97 inches. RAM 6 GB RAM. Battery 3070 mAh. Back Camera null,Xiaomi,4.0,Mobile Phones,Smartphones,164.29
P0040,XP-Pen Deco Fun XS Graphic Tablet,"Brand Xp Pen. Operating System Windows 10. RAM Info Not Availible. Screen Size 4.8"". Warranty 7 Day Replacement. Internal Memory Not Available. Expandable Memory No. Phone Option No. Shipping Same Day From Lahore",https://www.shophive.com/media/catalog/product/cache/3875881abdd255ac261538b8462285e9/i/m/image-removebg-preview---2022-10-20t162527.161.jpg,"XP-Pen Deco Fun XS Graphic Tablet XP Pen Tablets Drawing Tablets Brand Xp Pen. Operating System Windows 10. RAM Info Not Availible. Screen Size 4.8"". Warranty 7 Day Replacement. Internal Memory Not Available. Expandable Memory No. Phone Option No. Shipping Same Day From Lahore",XP Pen,0.0,Tablets,Drawing Tablets,39.28
P0041,Dell Alienware M18 R1 i9-13900HX 32GB 2TB SSD ‎Gaming Laptop,"Brand Dell. Series Alienware. Screen Size 18"". Screen Resolution 2560 x 1600. Touchscreen No. Operating System Windows 11 Pro. Generation Intel 13th Generation. Processor Type Intel Core i9. Processor Model Info n/a. Processor Speed 3.9 GHz. Processor Turbo 5.0 GHz (Up to). Processor Cache 36MB. RAM 32GB. HDD Interface SSD. Hard Disk Capacity 1TB SSD. Graphics Nvidia Graphics. Graphics Detail Info n/a. Video Memory 12 GB. Optical Drive No Optical Drive. USB Ports 3 ports. Numeric Pad Yes. HDMI Yes. Backlit Keyboard Yes. Warranty International Warranty. Shipping 5 - 10 Days",https://www.shophive.com/media/catalog/product/cache/3875881abdd255ac261538b8462285e9/d/e/dell_15_3.jpg,"Dell Alienware M18 R1 i9-13900HX 32GB 2TB SSD ‎Gaming Laptop Dell Laptops Gaming Laptops Brand Dell. Series Alienware. Screen Size 18"". Screen Resolution 2560 x 1600. Touchscreen No. Operating System Windows 11 Pro. Generation Intel 13th Generation. Processor Type Intel Core i9. Processor Model Info n/a. Processor Speed 3.9 GHz. Processor Turbo 5.0 GHz (Up to). Processor Cache 36MB. RAM 32GB. HDD Interface SSD. Hard Disk Capacity 1TB SSD. Graphics Nvidia Graphics. Graphics Detail Info n/a. Video Memory 12 GB. Optical Drive No Optical Drive. USB Ports 3 ports. Numeric Pad Yes. HDMI Yes. Backlit Keyboard Yes. Warranty International Warranty. Shipping 5 - 10 Days",Dell,0.0,Laptops,Gaming Laptops,3153.57
P0042,Oppo A12s,Display 6.2 inches. RAM 3GB. Battery 4230 mAh. Back Camera 13 MP + 2 MP,https://images.priceoye.pk/oppo-a12s-pakistan-priceoye-6eyq7-270x270.webp,Oppo A12s Oppo Mobile Phones Smartphones Display 6.2 inches. RAM 3GB. Battery 4230 mAh. Back Camera 13 MP + 2 MP,Oppo,5.0,Mobile Phones,Smartphones,85.71
P0043,Realme 2 Pro,Display 6.3 inches. RAM 8 GB RAM OR 64 GB 4/6 GB RAM. Battery 3500 mAh. Back Camera 16 MP,https://images.priceoye.pk/oppo-realme-2-pro-pakistan-priceoye-8t8lz-270x270.webp,Realme 2 Pro Realme Mobile Phones Smartphones Display 6.3 inches. RAM 8 GB RAM OR 64 GB 4/6 GB RAM. Battery 3500 mAh. Back Camera 16 MP,Realme,3.6,Mobile Phones,Smartphones,150.0
P0044,HP 15s FQ2653TU 11th Gen Core i7 (8GB-512GB),Display 15.6 inches. Generation 11th Generation. Processor 1335U PROCESSOR. Internal Memory 512 GB SSD,https://images.priceoye.pk/hp-250-g10-13th-gen-core-i5-15-6-inches-8gb-512gb-pakistan-priceoye-780ct-270x270.webp,HP 15s FQ2653TU 11th Gen Core i7 (8GB-512GB) HP Laptops Laptops Display 15.6 inches. Generation 11th Generation. Processor 1335U PROCESSOR. Internal Memory 512 GB SSD,HP,5.0,Laptops,Laptops,575.0
P0045,Ugreen 50944 Apple Watch Magnetic Charging,Brand UGreen. Warranty Check at Delivery. Shipping Same Day From Lahore,https://www.shophive.com/media/catalog/product/cache/3875881abdd255ac261538b8462285e9/u/g/ugreen-50944-main-600x600_1.jpg,Ugreen 50944 Apple Watch Magnetic Charging Apple Mobile Phones Smartphones Brand UGreen. Warranty Check at Delivery. Shipping Same Day From Lahore,Apple,0.0,Mobile Phones,Smartphones,32.85
P0046,Xiaomi Redmi Note 3,Display 5.5 inches. RAM 2 GB RAM - STANDARD VERSION. Battery 4050 mAh. Back Camera 16 MP,https://images.priceoye.pk/xiaomi-redmi-note-3-pakistan-priceoye-270x270.webp,Xiaomi Redmi Note 3 Xiaomi Mobile Phones Smartphones Display 5.5 inches. RAM 2 GB RAM - STANDARD VERSION. Battery 4050 mAh. Back Camera 16 MP,Xiaomi,4.7,Mobile Phones,Smartphones,64.28
P0047,Oppo F19 Pro Plus 5G,Display 6.43 inches. RAM 8 GB. Battery 4310 mAh. Back Camera 48 MP + 8 MP + 2 MP + 2 MP,https://images.priceoye.pk/oppo-f19-pro-plus-5g-pakistan-priceoye-hp1y2-270x270.webp,Oppo F19 Pro Plus 5G Oppo Mobile Phones Smartphones Display 6.43 inches. RAM 8 GB. Battery 4310 mAh. Back Camera 48 MP + 8 MP + 2 MP + 2 MP,Oppo,5.0,Mobile Phones,Smartphones,232.14
P0048,Samsung Galaxy S24 FE,Display 6.7 Inches. RAM 8GB. Battery 4700 mAh. Back Camera 50 MP + 12MP + 8MP,https://images.priceoye.pk/samsung-galaxy-s24-fe-pakistan-priceoye-b2v7u-270x270.webp,Samsung Galaxy S24 FE Samsung Mobile Phones Smartphones Display 6.7 Inches. RAM 8GB. Battery 4700 mAh. Back Camera 50 MP + 12MP + 8MP,Samsung,4.8,Mobile Phones,Smartphones,689.28
P0049,Ugreen 5 in 1 USB-C Hub for Macbook - 50984,Brand UGreen. Warranty Check at Delivery. Shipping Same Day From Lahore,https://www.shophive.com/media/catalog/product/cache/3875881abdd255ac261538b8462285e9/u/g/ugreen-50984-main.jpg,Ugreen 5 in 1 USB-C Hub for Macbook - 50984 Apple Laptops MacBooks Brand UGreen. Warranty Check at Delivery. Shipping Same Day From Lahore,Apple,0.0,Laptops,MacBooks,40.0
P0050,HP EF2125WM 15.6 Inches AMD Ryzen 5 (8GB RAM - 256GBSSD),Display 15.6 Inches. Generation AMD. Processor AMD Ryzen 5 5500U. Internal Memory 256GB SSD,https://images.priceoye.pk/hp-ef2125wm-15-6-inches-amd-ryzen-5-8gb-ram-256gbssd-pakistan-priceoye-2exqu-270x270.webp,HP EF2125WM 15.6 Inches AMD Ryzen 5 (8GB RAM - 256GBSSD) HP Laptops Laptops Display 15.6 Inches. Generation AMD. Processor AMD Ryzen 5 5500U. Internal Memory 256GB SSD,HP,5.0,Laptops,Laptops,396.43
P0051,vivo NEX S,Display 6.59 inches. RAM 8 GB RAM. Battery 4000 mAh. Back Camera 12 MP,https://images.priceoye.pk/vivo-nex-s-pakistan-priceoye-qdglx-270x270.webp,vivo NEX S Vivo Mobile Phones Smartphones Display 6.59 inches. RAM 8 GB RAM. Battery 4000 mAh. Back Camera 12 MP,Vivo,4.3,Mobile Phones,Smartphones,379.64
P0052,Samsung Galaxy A50,Display 6.4 inches. RAM 4GB. Battery 4000 mAh. Back Camera 25MP + 8MP + 5MP,https://images.priceoye.pk/samsung-galaxy-a50-pakistan-priceoye-j79s3-270x270.webp,Samsung Galaxy A50 Samsung Mobile Phones Smartphones Display 6.4 inches. RAM 4GB. Battery 4000 mAh. Back Camera 25MP + 8MP + 5MP,Samsung,4.3,Mobile Phones,Smartphones,175.0
P0053,MSI Cyborg 15 Alder Lake i7-12650H 8GB 512GB SSD,"Brand MSI. Series Gaming. Screen Size 15.6"". Screen Resolution 1920 x 1080. Touchscreen No. Operating System Windows 11 Home. Generation Intel 12Th Generation. Processor Type Intel Core i7. Processor Model i7-12650H. Processor Speed 2.3 GHz. Processor Turbo 4.7 GHz (Up to). Processor Cache 24 MB. RAM 8GB. HDD Interface SSD. Hard Disk Capacity 512GB SSD. Graphics Nvidia Graphics. Graphics Detail RTX 4060 (Nvidia Geforce). Video Memory 8 GB. Optical Drive No Optical Drive. USB Ports 2 ports. Numeric Pad Yes. HDMI Yes. Backlit Keyboard Yes. Warranty 7 Day Replacement. Shipping Same Day From Lahore",https://www.shophive.com/media/catalog/product/cache/3875881abdd255ac261538b8462285e9/m/s/msi_5_2.jpg,"MSI Cyborg 15 Alder Lake i7-12650H 8GB 512GB SSD MSI Laptops Gaming Laptops Brand MSI. Series Gaming. Screen Size 15.6"". Screen Resolution 1920 x 1080. Touchscreen No. Operating System Windows 11 Home. Generation Intel 12Th Generation. Processor Type Intel Core i7. Processor Model i7-12650H. Processor Speed 2.3 GHz. Processor Turbo 4.7 GHz (Up to). Processor Cache 24 MB. RAM 8GB. HDD Interface SSD. Hard Disk Capacity 512GB SSD. Graphics Nvidia Graphics. Graphics Detail RTX 4060 (Nvidia Geforce). Video Memory 8 GB. Optical Drive No Optical Drive. USB Ports 2 ports. Numeric Pad Yes. HDMI Yes. Backlit Keyboard Yes. Warranty 7 Day Replacement. Shipping Same Day From Lahore",MSI,0.0,Laptops,Gaming Laptops,1200.0
P0054,Samsung Galaxy Z Flip 6,Display 6.7 inches. RAM 12GB. Battery 4000 mAh. Back Camera 50 MP + 12 MP,https://images.priceoye.pk/z-flip-6-pakistan-priceoye-s169r-270x270.webp,Samsung Galaxy Z Flip 6 Samsung Mobile Phones Smartphones Display 6.7 inches. RAM 12GB. Battery 4000 mAh. Back Camera 50 MP + 12 MP,Samsung,5.0,Mobile Phones,Smartphones,1182.14
P0055,Realme C75,Display 6.72 Inches. RAM 8 GB + 16GB DYNAMIC RAM. Battery 6000 mAh. Back Camera 50 MP,https://images.priceoye.pk/realme-c75-pakistan-priceoye-spltg-270x270.webp,Realme C75 Realme Mobile Phones Smartphones Display 6.72 Inches. RAM 8 GB + 16GB DYNAMIC RAM. Battery 6000 mAh. Back Camera 50 MP,Realme,4.7,Mobile Phones,Smartphones,156.07
P0056,Tecno Spark 7P,Display 6.8 inches. RAM 4 GB. Battery 5000 mAh. Back Camera 16 MP,https://images.priceoye.pk/tecno-spark-7p-pakistan-priceoye-svvyd-270x270.webp,Tecno Spark 7P Tecno Mobile Phones Smartphones Display 6.8 inches. RAM 4 GB. Battery 5000 mAh. Back Camera 16 MP,Tecno,5.0,Mobile Phones,Smartphones,89.28
P0057,Sparx Neo 7 Plus 4GB 64GB,"Brand Sparx. Operating System Android. Screen Size 6.5"". Internal Memory 64GB. RAM 4GB. Main Camera Pixel 13.0. Dual Sim Yes. Expandable Memory Yes. Warranty 1 Year Manufacturer. Shipping Same Day From Lahore. Color Blue",https://www.shophive.com/media/catalog/product/cache/3875881abdd255ac261538b8462285e9/u/n/untitled_design_47_.jpg,"Sparx Neo 7 Plus 4GB 64GB Sparx Mobile Phones Smartphones Brand Sparx. Operating System Android. Screen Size 6.5"". Internal Memory 64GB. RAM 4GB. Main Camera Pixel 13.0. Dual Sim Yes. Expandable Memory Yes. Warranty 1 Year Manufacturer. Shipping Same Day From Lahore. Color Blue",Sparx,0.0,Mobile Phones,Smartphones,82.14
P0058,Tecno Spark Go 1 4GB 64GB,"Brand Tecno. Operating System Android. Screen Size 6.6"". Internal Memory 64GB. RAM 4GB. Main Camera Pixel 13.0. Dual Sim Yes. Water Resistant No. Expandable Memory Yes. Warranty 1 Year Manufacturer. Shipping 3 - 5 Days. Color Lavender",https://www.shophive.com/media/catalog/product/cache/3875881abdd255ac261538b8462285e9/m/o/mobile_1_1_5.jpg,"Tecno Spark Go 1 4GB 64GB Tecno Mobile Phones Smartphones Brand Tecno. Operating System Android. Screen Size 6.6"". Internal Memory 64GB. RAM 4GB. Main Camera Pixel 13.0. Dual Sim Yes. Water Resistant No. Expandable Memory Yes. Warranty 1 Year Manufacturer. Shipping 3 - 5 Days. Color Lavender",Tecno,0.0,Mobile Phones,Smartphones,80.35
P0059,Samsung Galaxy A5 (2016),Display 5.2 inches. RAM 2 GB RAM. Battery 2900 mAh. Back Camera 13 MP,https://images.priceoye.pk/samsung-galaxy-a5-2016-pakistan-priceoye-o6tsl-270x270.webp,Samsung Galaxy A5 (2016) Samsung Mobile Phones Smartphones Display 5.2 inches. RAM 2 GB RAM. Battery 2900 mAh. Back Camera 13 MP,Samsung,4.5,Mobile Phones,Smartphones,116.07
P0060,Tecno Pop 2S,Display 5.5inches. RAM 1 GB RAM. Battery 3050 mAh. Back Camera 13 MP,https://images.priceoye.pk/tecno-pop-2s-pakistan-priceoye-osm3w-270x270.webp,Tecno Pop 2S Tecno Mobile Phones Smartphones Display 5.5inches. RAM 1 GB RAM. Battery 3050 mAh. Back Camera 13 MP,Tecno,5.0,Mobile Phones,Smartphones,28.57
P0061,Itel It2176,Display 2 Inches. RAM STANDARD. Battery 1000 mAh. Back Camera Digital Camera,https://images.priceoye.pk/itel-it2176-pakistan-priceoye-q66ww-270x270.webp,Itel It2176 Itel Mobile Phones Smartphones Display 2 Inches. RAM STANDARD. Battery 1000 mAh. Back Camera Digital Camera,Itel,4.8,Mobile Phones,Smartphones,10.71
P0062,Lenovo Legion Pro 7i G8 i9-13900HX 16GB 1TB SSD Gaming Laptop,"Brand Lenovo. Series Legion. Screen Size 16"". Screen Resolution 2560 x 1440. Touchscreen No. Operating System Windows 11 Home. Generation Intel 13th Generation. Processor Type Intel Core i9. Processor Model Info n/a. Processor Speed 3.9 GHz. Processor Turbo 5.3GHz. Processor Cache 38 MB. RAM 16GB. HDD Interface SSD. Hard Disk Capacity 1TB SSD. Graphics Nvidia Graphics. Graphics Detail Info n/a. Video Memory 12 GB. Optical Drive No Optical Drive. USB Ports 3 ports. Numeric Pad Yes. HDMI Yes. Backlit Keyboard Yes. Warranty 7 Day Replacement. Shipping 5 - 10 Days",https://www.shophive.com/media/catalog/product/cache/3875881abdd255ac261538b8462285e9/i/m/image-removebg-preview---2023-04-18t132135.004.jpg,"Lenovo Legion Pro 7i G8 i9-13900HX 16GB 1TB SSD Gaming Laptop Lenovo Laptops Gaming Laptops Brand Lenovo. Series Legion. Screen Size 16"". Screen Resolution 2560 x 1440. Touchscreen No. Operating System Windows 11 Home. Generation Intel 13th Generation. Processor Type Intel Core i9. Processor Model Info n/a. Processor Speed 3.9 GHz. Processor Turbo 5.3GHz. Processor Cache 38 MB. RAM 16GB. HDD Interface SSD. Hard Disk Capacity 1TB SSD. Graphics Nvidia Graphics. Graphics Detail Info n/a. Video Memory 12 GB. Optical Drive No Optical Drive. USB Ports 3 ports. Numeric Pad Yes. HDMI Yes. Backlit Keyboard Yes. Warranty 7 Day Replacement. Shipping 5 - 10 Days",Lenovo,0.0,Laptops,Gaming Laptops,3498.21
P0063,Samsung Galaxy A2 Core,Display 5.0 inches. RAM 16GB 1GB RAM. Battery 2600 mAh. Back Camera 5 MP,https://images.priceoye.pk/samsung-galaxy-a2-core-pakistan-priceoye-jgy1e-270x270.webp,Samsung Galaxy A2 Core Samsung Mobile Phones Smartphones Display 5.0 inches. RAM 16GB 1GB RAM. Battery 2600 mAh. Back Camera 5 MP,Samsung,4.3,Mobile Phones,Smartphones,53.57
P0064,Infinix INBook X2 1035G1 14 Inches Core i5 (8GB RAM - 512GB SSD),Display 14 inches. Generation 10th gen. Processor Intel® Core™ i5-1035G1. Internal Memory 512 GB,https://images.priceoye.pk/infinix-x2-14-core-i5-1035g1-pakistan-priceoye-skgmo-270x270.webp,Infinix INBook X2 1035G1 14 Inches Core i5 (8GB RAM - 512GB SSD) Infinix Laptops Laptops Display 14 inches. Generation 10th gen. Processor Intel® Core™ i5-1035G1. Internal Memory 512 GB,Infinix,5.0,Laptops,Laptops,396.43
P0065,Samsung Galaxy Note10 5G SD855,Display 6.3inches. RAM 12 GB RAM. Battery 3500 mAh. Back Camera 12 MP,https://images.priceoye.pk/samsung-galaxy-note10-5g-sd855-pakistan-priceoye-5bakh-270x270.webp,Samsung Galaxy Note10 5G SD855 Samsung Mobile Phones Smartphones Display 6.3inches. RAM 12 GB RAM. Battery 3500 mAh. Back Camera 12 MP,Samsung,5.0,Mobile Phones,Smartphones,678.57
P0066,Dell Latitude 3540 15.6 Inches 13th Gen Core i5 DOS (8GB - 256GB),Display 15.6 Inches. Generation 13th Generation. Processor 1335U PROCESSOR. Internal Memory 256 GB SSD,https://images.priceoye.pk/dell-latitude-3540-15-6-inches-13th-gen-core-i5-dos-8gb-256gb-pakistan-priceoye-yp1c5-270x270.webp,Dell Latitude 3540 15.6 Inches 13th Gen Core i5 DOS (8GB - 256GB) Dell Laptops Business Laptops Display 15.6 Inches. Generation 13th Generation. Processor 1335U PROCESSOR. Internal Memory 256 GB SSD,Dell,5.0,Laptops,Business Laptops,603.57
P0067,HP EliteBook 660 G11 Intel Core Ultra 7 155U 8GB 512GB SSD 1Y,"Brand HP. Series Elitebook. Screen Size 16"". Screen Resolution 1920 x 1200. Touchscreen No. Operating System DOS. Generation Info n/a. Processor Type Intel Core Ultra 7. Processor Model Info n/a. Processor Speed 1.7 GHz. Processor Turbo 4.8 GHz (Up to). Processor Cache 12 MB. RAM 8GB. HDD Interface SSD. Hard Disk Capacity 512GB SSD. Graphics Intel Integrated Graphics. Graphics Detail Info n/a. Video Memory Shared. Optical Drive No Optical Drive. USB Ports 2 ports. Numeric Pad No. HDMI Yes. Backlit Keyboard Yes. Warranty 1 Year Manufacturer. Shipping Same Day From Lahore",https://www.shophive.com/media/catalog/product/cache/3875881abdd255ac261538b8462285e9/l/a/laptop_36_13.jpg,"HP EliteBook 660 G11 Intel Core Ultra 7 155U 8GB 512GB SSD 1Y HP Laptops Business Laptops Brand HP. Series Elitebook. Screen Size 16"". Screen Resolution 1920 x 1200. Touchscreen No. Operating System DOS. Generation Info n/a. Processor Type Intel Core Ultra 7. Processor Model Info n/a. Processor Speed 1.7 GHz. Processor Turbo 4.8 GHz (Up to). Processor Cache 12 MB. RAM 8GB. HDD Interface SSD. Hard Disk Capacity 512GB SSD. Graphics Intel Integrated Graphics. Graphics Detail Info n/a. Video Memory Shared. Optical Drive No Optical Drive. USB Ports 2 ports. Numeric Pad No. HDMI Yes. Backlit Keyboard Yes. Warranty 1 Year Manufacturer. Shipping Same Day From Lahore",HP,0.0,Laptops,Business Laptops,1107.14
P0068,HP Spectre x360 Convertible 14t EU000 Intel Core Ultra 7 155H 32GB 1TB SSD,"Brand HP. Series Spectre. Screen Size 13.3"". Screen Resolution 2880 x 1800. Touchscreen Yes. Operating System Windows 11 Home. Generation Info n/a. Processor Type Intel Core Ultra 7. Processor Model Ultra 7 155H. Processor Speed 1.4 GHz. Processor Turbo 4.8 GHz (Up to). Processor Cache 24 MB. RAM 32GB. HDD Interface SSD. Hard Disk Capacity 1TB SSD. Graphics Intel Integrated Graphics. Graphics Detail Info n/a. Video Memory Shared. Optical Drive No Optical Drive. USB Ports 2 ports. Numeric Pad No. HDMI No. Backlit Keyboard Yes. Warranty International Warranty. Shipping 5 - 10 Days",https://www.shophive.com/media/catalog/product/cache/3875881abdd255ac261538b8462285e9/h/p/hp_9_10.jpg,"HP Spectre x360 Convertible 14t EU000 Intel Core Ultra 7 155H 32GB 1TB SSD HP Laptops Laptops Brand HP. Series Spectre. Screen Size 13.3"". Screen Resolution 2880 x 1800. Touchscreen Yes. Operating System Windows 11 Home. Generation Info n/a. Processor Type Intel Core Ultra 7. Processor Model Ultra 7 155H. Processor Speed 1.4 GHz. Processor Turbo 4.8 GHz (Up to). Processor Cache 24 MB. RAM 32GB. HDD Interface SSD. Hard Disk Capacity 1TB SSD. Graphics Intel Integrated Graphics. Graphics Detail Info n/a. Video Memory Shared. Optical Drive No Optical Drive. USB Ports 2 ports. Numeric Pad No. HDMI No. Backlit Keyboard Yes. Warranty International Warranty. Shipping 5 - 10 Days",HP,0.0,Laptops,Laptops,1782.14
P0069,Samsung Galaxy S10 5G,Display 6.7 inches. RAM 8 GB RAM. Battery 4500 mAh. Back Camera null,https://images.priceoye.pk/samsung-galaxy-s10-5g-pakistan-priceoye-6qtpm-270x270.webp,Samsung Galaxy S10 5G Samsung Mobile Phones Smartphones Display 6.7 inches. RAM 8 GB RAM. Battery 4500 mAh. Back Camera null,Samsung,4.5,Mobile Phones,Smartphones,669.64
P0070,Xiaomi Redmi 3s Prime,Display 5.0 inches. RAM 3 GB RAM. Battery 4100 mAh. Back Camera 13 MP,https://images.priceoye.pk/xiaomi-redmi-3s-prime-pakistan-priceoye-270x270.webp,Xiaomi Redmi 3s Prime Xiaomi Mobile Phones Smartphones Display 5.0 inches. RAM 3 GB RAM. Battery 4100 mAh. Back Camera 13 MP,Xiaomi,3.5,Mobile Phones,Smartphones,81.79
P0071,Oppo A7n,Display 6.2 inches. RAM 4 GB RAM. Battery 4230 mAh. Back Camera 13 MP,https://images.priceoye.pk/oppo-a7n-pakistan-priceoye-zrkq9-270x270.webp,Oppo A7n Oppo Mobile Phones Smartphones Display 6.2 inches. RAM 4 GB RAM. Battery 4230 mAh. Back Camera 13 MP,Oppo,4.8,Mobile Phones,Smartphones,114.28
P0072,Samsung Galaxy Z Flip 4,Display 6.7 Inches. RAM 8GB RAM. Battery 3700 mAh. Back Camera 12 MP + 12 MP,https://images.priceoye.pk/samsung-galaxy-z-flip-4-pakistan-priceoye-fsy4p-270x270.webp,Samsung Galaxy Z Flip 4 Samsung Mobile Phones Smartphones Display 6.7 Inches. RAM 8GB RAM. Battery 3700 mAh. Back Camera 12 MP + 12 MP,Samsung,4.9,Mobile Phones,Smartphones,732.14
P0073,Apple Watch SE 44mm Gen 2 Silver Case With Strom Blue Sports Band,Brand Apple. Shipping Same Day From Lahore,https://www.shophive.com/media/catalog/product/cache/3875881abdd255ac261538b8462285e9/a/p/apple_watch_23.jpg,Apple Watch SE 44mm Gen 2 Silver Case With Strom Blue Sports Band Apple Smart Watches Premium Smart Watches Brand Apple. Shipping Same Day From Lahore,Apple,0.0,Smart Watches,Premium Smart Watches,271.43
P0074,Infinix Zero Ultra,Display 6.7 Inches. RAM 8 GB. Battery 4700 mAh. Back Camera 200 MP,https://images.priceoye.pk/infinix-zero-ultra-pakistan-priceoye-l30nu-270x270.webp,Infinix Zero Ultra Infinix Mobile Phones Smartphones Display 6.7 Inches. RAM 8 GB. Battery 4700 mAh. Back Camera 200 MP,Infinix,5.0,Mobile Phones,Smartphones,246.43
P0075,Samsung Galaxy M54,Display 6.7. RAM 8 GB. Battery 6000 mAh. Back Camera 108 MP + 8 MP + 2 MP,https://images.priceoye.pk/samsung-galaxy-m54-pakistan-priceoye-voeso-270x270.webp,Samsung Galaxy M54 Samsung Mobile Phones Smartphones Display 6.7. RAM 8 GB. Battery 6000 mAh. Back Camera 108 MP + 8 MP + 2 MP,Samsung,5.0,Mobile Phones,Smartphones,285.71
P0076,Dell Vostro 3510 Core i5 1135G7 (8G RAM - 256GB SSD),Display 15.6 Inches. Generation 11th Generation. Processor Intel Core i5 -1135G7. Internal Memory 256GB SSD,https://images.priceoye.pk/dell-vostro-3510-core-i5-1135g7-8g-ram-256gb-ssd-pakistan-priceoye-l9say-270x270.webp,Dell Vostro 3510 Core i5 1135G7 (8G RAM - 256GB SSD) Dell Laptops Laptops Display 15.6 Inches. Generation 11th Generation. Processor Intel Core i5 -1135G7. Internal Memory 256GB SSD,Dell,5.0,Laptops,Laptops,375.0
P0077,Oppo A16s,Display 6.52 Inches. RAM 4 GB. Battery 5000 mAh. Back Camera 13MP+2MP+2MP,https://images.priceoye.pk/oppo-a16s-pakistan-priceoye-ktcws-270x270.webp,Oppo A16s Oppo Mobile Phones Smartphones Display 6.52 Inches. RAM 4 GB. Battery 5000 mAh. Back Camera 13MP+2MP+2MP,Oppo,5.0,Mobile Phones,Smartphones,125.0
P0078,Vivo Y33T,Display 6.5 Inches. RAM 8 GB. Battery 5000 mAh. Back Camera 50MP + 2MP + 2MP,https://images.priceoye.pk/vivo-y33t-pakistan-priceoye-f00gm-270x270.webp,Vivo Y33T Vivo Mobile Phones Smartphones Display 6.5 Inches. RAM 8 GB. Battery 5000 mAh. Back Camera 50MP + 2MP + 2MP,Vivo,4.8,Mobile Phones,Smartphones,303.57
P0079,Asus Tuf Gaming A15 FA507NU-LP031W Ryzen 7 7735HS 16GB 512GB SSD,"Brand Asus. Series TUF. Screen Size 15.6"". Screen Resolution 1920 x 1080. Touchscreen No. Operating System Windows 11 Home. Generation AMD Ryzen Generation. Processor Type AMD Ryzen 7. Processor Model Info n/a. Processor Speed 3.2 GHz. Processor Turbo 4.7 GHz (Up to). Processor Cache 16 MB. RAM 16GB. HDD Interface SSD. Hard Disk Capacity 512GB SSD. Graphics Nvidia Graphics. Graphics Detail Info n/a. Video Memory 6GB Nvidia Graphics. Optical Drive No Optical Drive. USB Ports 2 ports. Numeric Pad Yes. HDMI Yes. Backlit Keyboard Yes. Warranty 7 Day Replacement. Shipping 5 - 10 Days",https://www.shophive.com/media/catalog/product/cache/3875881abdd255ac261538b8462285e9/i/m/image-removebg-preview---2023-07-11t125824.792.jpg,"Asus Tuf Gaming A15 FA507NU-LP031W Ryzen 7 7735HS 16GB 512GB SSD Asus Laptops Gaming Laptops Brand Asus. Series TUF. Screen Size 15.6"". Screen Resolution 1920 x 1080. Touchscreen No. Operating System Windows 11 Home. Generation AMD Ryzen Generation. Processor Type AMD Ryzen 7. Processor Model Info n/a. Processor Speed 3.2 GHz. Processor Turbo 4.7 GHz (Up to). Processor Cache 16 MB. RAM 16GB. HDD Interface SSD. Hard Disk Capacity 512GB SSD. Graphics Nvidia Graphics. Graphics Detail Info n/a. Video Memory 6GB Nvidia Graphics. Optical Drive No Optical Drive. USB Ports 2 ports. Numeric Pad Yes. HDMI Yes. Backlit Keyboard Yes. Warranty 7 Day Replacement. Shipping 5 - 10 Days",Asus,0.0,Laptops,Gaming Laptops,1483.92
P0080,HP 15s FC0100AU 15.6 Inches AMD Ryzen 5 7520U Win 11 (8GB - 512GB),Display 15.6 Inches. Generation AMD Ryzen™ 5. Processor R5 7520U PROCESSOR. Internal Memory 512 GB PCIe NVMe M.2 SSD,https://images.priceoye.pk/hp-notebook-15-fc0100au-15-6-inches-amd-ryzen-5-7520u-win-11-8gb-512gb-pakistan-priceoye-6em7j-270x270.webp,HP 15s FC0100AU 15.6 Inches AMD Ryzen 5 7520U Win 11 (8GB - 512GB) HP Laptops Laptops Display 15.6 Inches. Generation AMD Ryzen™ 5. Processor R5 7520U PROCESSOR. Internal Memory 512 GB PCIe NVMe M.2 SSD,HP,5.0,Laptops,Laptops,685.71
P0081,Asus Zenbook Q410VA i5-13500H 8GB 512GB SSD,Brand Asus. Series ZenBook. Screen Size 14.4. Screen Resolution 2880 x 1800. Touchscreen No. Operating System Windows 11 Home. Generation Intel 13th Generation. Processor Type Intel Core i5. Processor Model Info n/a. Processor Speed 2.6 GHz. Processor Turbo 4.7 GHz (Up to). Processor Cache 18 MB. RAM 8GB. HDD Interface SSD. Hard Disk Capacity 512GB SSD. Graphics Intel Integrated Graphics. Graphics Detail Intel Iris XE Graphics. Video Memory Shared. Optical Drive No Optical Drive. USB Ports 2 ports. Numeric Pad No. HDMI Yes. Backlit Keyboard Yes. Warranty 7 Day Replacement. Shipping Same Day From Lahore,https://www.shophive.com/media/catalog/product/cache/3875881abdd255ac261538b8462285e9/l/a/laptop_70.jpg,Asus Zenbook Q410VA i5-13500H 8GB 512GB SSD Lenovo Laptops Laptops Brand Asus. Series ZenBook. Screen Size 14.4. Screen Resolution 2880 x 1800. Touchscreen No. Operating System Windows 11 Home. Generation Intel 13th Generation. Processor Type Intel Core i5. Processor Model Info n/a. Processor Speed 2.6 GHz. Processor Turbo 4.7 GHz (Up to). Processor Cache 18 MB. RAM 8GB. HDD Interface SSD. Hard Disk Capacity 512GB SSD. Graphics Intel Integrated Graphics. Graphics Detail Intel Iris XE Graphics. Video Memory Shared. Optical Drive No Optical Drive. USB Ports 2 ports. Numeric Pad No. HDMI Yes. Backlit Keyboard Yes. Warranty 7 Day Replacement. Shipping Same Day From Lahore,Lenovo,0.0,Laptops,Laptops,900.0
P0082,Xiaomi Redmi 2 Prime,Display 4.7 inches. RAM 2 GB RAM. Battery 2200 mAh. Back Camera 8 MP,https://images.priceoye.pk/xiaomi-redmi-2-prime-pakistan-priceoye-270x270.webp,Xiaomi Redmi 2 Prime Xiaomi Mobile Phones Smartphones Display 4.7 inches. RAM 2 GB RAM. Battery 2200 mAh. Back Camera 8 MP,Xiaomi,4.4,Mobile Phones,Smartphones,185.71
P0083,Oppo R15 Plus,Display 6.28 inches. RAM 8GB RAM. Battery 3450 mAh. Back Camera 16 MP,https://images.priceoye.pk/oppo-r15-plus-pakistan-priceoye-cfywq-270x270.webp,Oppo R15 Plus Oppo Mobile Phones Smartphones Display 6.28 inches. RAM 8GB RAM. Battery 3450 mAh. Back Camera 16 MP,Oppo,5.0,Mobile Phones,Smartphones,239.29
P0084,Oppo A15s,Display 6.52 inches. RAM 4 GB. Battery 4230 mAh. Back Camera 13 MP + 2 MP + 2 MP,https://images.priceoye.pk/oppo-a15s-pakistan-priceoye-0jj06-270x270.webp,Oppo A15s Oppo Mobile Phones Smartphones Display 6.52 inches. RAM 4 GB. Battery 4230 mAh. Back Camera 13 MP + 2 MP + 2 MP,Oppo,5.0,Mobile Phones,Smartphones,89.29
P0085,Realme 8,Display 6.4 inches. RAM 4/8 GB. Battery 5000 mAh. Back Camera 64 MP + 8 MP + 2 MP + 2 MP,https://images.priceoye.pk/realme-8-pakistan-priceoye-s7edv-270x270.webp,Realme 8 Realme Mobile Phones Smartphones Display 6.4 inches. RAM 4/8 GB. Battery 5000 mAh. Back Camera 64 MP + 8 MP + 2 MP + 2 MP,Realme,4.0,Mobile Phones,Smartphones,132.85
P0086,HP Omen 16 WD0063DX 13 Gen Core i7 16 inches (16GB-1TB),Display 16 inches. Generation 13th Generation. Processor 13620H processor. Internal Memory 1 TB PCIe® Gen4 NVMe™ TLC M.2 SSD,https://images.priceoye.pk/hp-omen-16-wd0063dx-13-gen-core-i7-16-inches-16gb-1tb-pakistan-priceoye-3a1bg-270x270.webp,HP Omen 16 WD0063DX 13 Gen Core i7 16 inches (16GB-1TB) HP Laptops Gaming Laptops Display 16 inches. Generation 13th Generation. Processor 13620H processor. Internal Memory 1 TB PCIe® Gen4 NVMe™ TLC M.2 SSD,HP,5.0,Laptops,Gaming Laptops,1196.42
P0087,Apple iMac M3 Chip 24 Inch 8GB 512GB SSD (MQRR3) Blue,Brand Apple. Operating System Mac OS. Hard Disk Capacity 512GB SSD. RAM 8GB. RAM Type Info not available. Processor Type M3. Processor Turbo Info n/a. Processor Speed Info n/a. Processor Cache Info n/a. Processor Model Info n/a. Graphics Info na. Graphics Detail Info n/a. Video Memory Shared. Optical Drive No Optical Drive. Warranty Manufacturer Warranty. Shipping 5 - 10 Days,https://www.shophive.com/media/catalog/product/cache/3875881abdd255ac261538b8462285e9/i/m/imac_3_1_1.jpg,Apple iMac M3 Chip 24 Inch 8GB 512GB SSD (MQRR3) Blue Apple Laptops Laptops Brand Apple. Operating System Mac OS. Hard Disk Capacity 512GB SSD. RAM 8GB. RAM Type Info not available. Processor Type M3. Processor Turbo Info n/a. Processor Speed Info n/a. Processor Cache Info n/a. Processor Model Info n/a. Graphics Info na. Graphics Detail Info n/a. Video Memory Shared. Optical Drive No Optical Drive. Warranty Manufacturer Warranty. Shipping 5 - 10 Days,Apple,0.0,Laptops,Laptops,2142.85
P0088,"Apple Macbook Pro M4 Pro 2024 14.2"" 24GB 512GB SSD Silver MX2E3",Brand Apple. Series Macbook Pro. Screen Size 14.2''. Screen Resolution 3024 x 1964. Touchscreen No. Operating System Mac OS. Generation Apple M4 Generation. Processor Type M4 Pro. Processor Model Info n/a. Processor Speed Info n/a. Processor Turbo Info n/a. Processor Cache Info n/a. RAM 24GB. HDD Interface SSD. Hard Disk Capacity 1TB SSD. Graphics Info na. Graphics Detail Info n/a. Video Memory Shared. Optical Drive No Optical Drive. USB Ports 3 Ports Type-C. Numeric Pad No. HDMI Yes. Backlit Keyboard Yes. Warranty Manufacturer Warranty. Shipping 5 - 10 Days,https://www.shophive.com/media/catalog/product/cache/3875881abdd255ac261538b8462285e9/m/a/mac_7_1_1.png,"Apple Macbook Pro M4 Pro 2024 14.2"" 24GB 512GB SSD Silver MX2E3 Apple Laptops MacBooks Brand Apple. Series Macbook Pro. Screen Size 14.2''. Screen Resolution 3024 x 1964. Touchscreen No. Operating System Mac OS. Generation Apple M4 Generation. Processor Type M4 Pro. Processor Model Info n/a. Processor Speed Info n/a. Processor Turbo Info n/a. Processor Cache Info n/a. RAM 24GB. HDD Interface SSD. Hard Disk Capacity 1TB SSD. Graphics Info na. Graphics Detail Info n/a. Video Memory Shared. Optical Drive No Optical Drive. USB Ports 3 Ports Type-C. Numeric Pad No. HDMI Yes. Backlit Keyboard Yes. Warranty Manufacturer Warranty. Shipping 5 - 10 Days",Apple,0.0,Laptops,MacBooks,1910.71
P0089,Vivo Y27s 8GB 128GB,"Brand Vivo. Operating System Android. Screen Size 6.6"". Internal Memory 128GB. RAM 8GB. Main Camera Pixel 50.0. Dual Sim Yes. Water Resistant No. Expandable Memory No. Warranty 1 Year Manufacturer. Shipping Same Day From Lahore. Color Black",https://www.shophive.com/media/catalog/product/cache/3875881abdd255ac261538b8462285e9/i/m/image-removebg-preview_24__7_1.png,"Vivo Y27s 8GB 128GB Vivo Mobile Phones Smartphones Brand Vivo. Operating System Android. Screen Size 6.6"". Internal Memory 128GB. RAM 8GB. Main Camera Pixel 50.0. Dual Sim Yes. Water Resistant No. Expandable Memory No. Warranty 1 Year Manufacturer. Shipping Same Day From Lahore. Color Black",Vivo,0.0,Mobile Phones,Smartphones,157.14
P0090,Samsung Galaxy A14 6GB 128GB,"Brand Samsung. Operating System Android. Screen Size 6.6"". Internal Memory 128GB. RAM 6GB. Main Camera Pixel 50.0. Dual Sim Yes. Water Resistant No. Expandable Memory Yes. Warranty 1 Year Manufacturer. Shipping Same Day From Lahore. Color Black",https://www.shophive.com/media/catalog/product/cache/3875881abdd255ac261538b8462285e9/u/n/untitled_design_22__1.jpg,"Samsung Galaxy A14 6GB 128GB Samsung Mobile Phones Smartphones Brand Samsung. Operating System Android. Screen Size 6.6"". Internal Memory 128GB. RAM 6GB. Main Camera Pixel 50.0. Dual Sim Yes. Water Resistant No. Expandable Memory Yes. Warranty 1 Year Manufacturer. Shipping Same Day From Lahore. Color Black",Samsung,0.0,Mobile Phones,Smartphones,189.28
P0091,Samsung Galaxy On6,Display 5.6 inches. RAM 4 GB RAM OR 32 GB 3 GB RAM. Battery 3000 mAh. Back Camera 13 MP,https://images.priceoye.pk/samsung-galaxy-on6-pakistan-priceoye-s1eia-270x270.webp,Samsung Galaxy On6 Samsung Mobile Phones Smartphones Display 5.6 inches. RAM 4 GB RAM OR 32 GB 3 GB RAM. Battery 3000 mAh. Back Camera 13 MP,Samsung,4.3,Mobile Phones,Smartphones,142.86
P0092,Infinix S2,Display 5.2 inches. RAM 2 GB. Battery 3000 mAh. Back Camera 13 MP,https://images.priceoye.pk/infinix-s2-pakistan-priceoye-270x270.webp,Infinix S2 Infinix Mobile Phones Smartphones Display 5.2 inches. RAM 2 GB. Battery 3000 mAh. Back Camera 13 MP,Infinix,4.7,Mobile Phones,Smartphones,55.35
P0093,Vivo Y53L,Display 6.67 inches. RAM 8 GB. Battery 5000 mAh. Back Camera 48 MP + 8 MP + 2 MP,https://images.priceoye.pk/vivo-y53l-pakistan-priceoye-2ndlt-270x270.webp,Vivo Y53L Vivo Mobile Phones Smartphones Display 6.67 inches. RAM 8 GB. Battery 5000 mAh. Back Camera 48 MP + 8 MP + 2 MP,Vivo,5.0,Mobile Phones,Smartphones,171.43
P0094,Huawei GT 3 Watch,Brand Huawei. Shipping 24 - 48 hrs,https://www.shophive.com/media/catalog/product/cache/3875881abdd255ac261538b8462285e9/h/u/huawei-watch-gt3-2_-_copy.jpg,Huawei GT 3 Watch Huawei Smart Watches Smart Watches Brand Huawei. Shipping 24 - 48 hrs,Huawei,0.0,Smart Watches,Smart Watches,167.14
P0095,Tecno Spark 4 Lite,Display 6.52 inches. RAM 2GB. Battery 4000 mAh. Back Camera 8 MP,https://images.priceoye.pk/tecno-spark-4-lite-pakistan-priceoye-h0vlr-270x270.webp,Tecno Spark 4 Lite Tecno Mobile Phones Smartphones Display 6.52 inches. RAM 2GB. Battery 4000 mAh. Back Camera 8 MP,Tecno,3.9,Mobile Phones,Smartphones,48.21
P0096,Xiaomi Redmi Note 8 2021,Display 6.43 Inches. RAM 6 GB. Battery 4000 mAh. Back Camera 48 MP + 8 MP + 2 MP + 2 MP,https://images.priceoye.pk/xiaomi-redmi-note-8-2021-pakistan-priceoye-8cisj-270x270.webp,Xiaomi Redmi Note 8 2021 Xiaomi Mobile Phones Smartphones Display 6.43 Inches. RAM 6 GB. Battery 4000 mAh. Back Camera 48 MP + 8 MP + 2 MP + 2 MP,Xiaomi,5.0,Mobile Phones,Smartphones,107.14
P0097,Infinix Smart 2,Display 5.5 inches. RAM 16GB 2GB RAM 32GB 3GB RAM. Battery 3050 mAh. Back Camera 13 MP,https://images.priceoye.pk/infinix-smart-2-pakistan-priceoye-6wb4y-270x270.webp,Infinix Smart 2 Infinix Mobile Phones Smartphones Display 5.5 inches. RAM 16GB 2GB RAM 32GB 3GB RAM. Battery 3050 mAh. Back Camera 13 MP,Infinix,4.3,Mobile Phones,Smartphones,39.28
P0098,Oppo F19s,Display 6.4 Inches. RAM 6 GB. Battery 5000 mAh. Back Camera 48 MP + 2 MP + 2 MP,https://images.priceoye.pk/oppo-f19s-pakistan-priceoye-mb9nh-270x270.webp,Oppo F19s Oppo Mobile Phones Smartphones Display 6.4 Inches. RAM 6 GB. Battery 5000 mAh. Back Camera 48 MP + 2 MP + 2 MP,Oppo,5.0,Mobile Phones,Smartphones,142.85
P0099,Realme X50,Display 6.57 inches. RAM 8GB. Battery 4200 mAh. Back Camera 48 MP + 8 MP + 2 MP + 2 MP,https://images.priceoye.pk/realme-x50-pakistan-priceoye-mbvb2-270x270.webp,Realme X50 Realme Mobile Phones Smartphones Display 6.57 inches. RAM 8GB. Battery 4200 mAh. Back Camera 48 MP + 8 MP + 2 MP + 2 MP,Realme,5.0,Mobile Phones,Smartphones,246.43
P0100,Amazfit T Rex 2 Astro Black,Brand Amazfit. Shipping 24 - 48 hrs,https://www.shophive.com/media/catalog/product/cache/3875881abdd255ac261538b8462285e9/a/6/a6662dc0ec0d19048e100cf2b1d6fa2e_600x600.jpg,Amazfit T Rex 2 Astro Black Amazfit Smart Watches Smart Watches Brand Amazfit. Shipping 24 - 48 hrs,Amazfit,0.0,Smart Watches,Smart Watches,169.64
P0101,ESR Apple iPhone 12 Pro Camera Lens HD Protector Black,Brand ESR. Warranty Check at Delivery. Shipping Same Day From Lahore,https://www.shophive.com/media/catalog/product/cache/3875881abdd255ac261538b8462285e9/i/m/image-removebg-preview_-_2022-03-08t134031.258.png,ESR Apple iPhone 12 Pro Camera Lens HD Protector Black Apple Mobile Phones Smartphones Brand ESR. Warranty Check at Delivery. Shipping Same Day From Lahore,Apple,0.0,Mobile Phones,Smartphones,7.14
P0102,Xiaomi Mi 4,Display 5.0 inches. RAM 2/3 GB RAM. Battery 3080 mAh. Back Camera 13 MP,https://images.priceoye.pk/xiaomi-mi-4-pakistan-priceoye-270x270.webp,Xiaomi Mi 4 Xiaomi Mobile Phones Smartphones Display 5.0 inches. RAM 2/3 GB RAM. Battery 3080 mAh. Back Camera 13 MP,Xiaomi,4.0,Mobile Phones,Smartphones,86.6
P0103,Samsung Galaxy A30,Display 6.4 inches. RAM 3GB OR 4GB. Battery 4000 mAh. Back Camera 16 MP,https://images.priceoye.pk/samsung-galaxy-a30-pakistan-priceoye-e8bxd-270x270.webp,Samsung Galaxy A30 Samsung Mobile Phones Smartphones Display 6.4 inches. RAM 3GB OR 4GB. Battery 4000 mAh. Back Camera 16 MP,Samsung,4.6,Mobile Phones,Smartphones,135.71
P0104,Realme C17,Display 6.5 inches. RAM 6 GB. Battery 5000 mAh. Back Camera 13 MP + 8 MP + 2 MP + 2 MP,https://images.priceoye.pk/realme-c17-pakistan-priceoye-zc541-270x270.webp,Realme C17 Realme Mobile Phones Smartphones Display 6.5 inches. RAM 6 GB. Battery 5000 mAh. Back Camera 13 MP + 8 MP + 2 MP + 2 MP,Realme,5.0,Mobile Phones,Smartphones,98.93
P0105,Apple MacBook Air 15 Inches With M3 Chip (MRYV3),"Display 15.3"". Generation N/A. Processor 8-Core CPU, 10 -Core GPU & 16-core Neural Engine. Internal Memory 512 GB",https://images.priceoye.pk/apple-macbook-air-15-inches-with-m3-chip-mryv3-pakistan-priceoye-pp7zb-270x270.webp,"Apple MacBook Air 15 Inches With M3 Chip (MRYV3) Apple Laptops MacBooks Display 15.3"". Generation N/A. Processor 8-Core CPU, 10 -Core GPU & 16-core Neural Engine. Internal Memory 512 GB",Apple,5.0,Laptops,MacBooks,1428.57
P0106,Infinix Smart 4,Display 6.6 inches. RAM 1GB. Battery 4000 mAh. Back Camera 8 MP,https://images.priceoye.pk/infinix-smart-4-pakistan-priceoye-37pk0-270x270.webp,Infinix Smart 4 Infinix Mobile Phones Smartphones Display 6.6 inches. RAM 1GB. Battery 4000 mAh. Back Camera 8 MP,Infinix,4.2,Mobile Phones,Smartphones,39.28
P0107,Vivo V25e (Activated),Display 6.44 inches. RAM 8 GB. Battery 4500 mAh. Back Camera 64 MP + 2 MP + 2 MP,https://images.priceoye.pk/vivo-v25e-pakistan-priceoye-luu19-270x270.webp,Vivo V25e (Activated) Vivo Mobile Phones Smartphones Display 6.44 inches. RAM 8 GB. Battery 4500 mAh. Back Camera 64 MP + 2 MP + 2 MP,Vivo,5.0,Mobile Phones,Smartphones,330.36
P0108,Infinix Hot 12 Play,Display 6.82 Inches. RAM 4 GB. Battery 6000 mAh. Back Camera 13 MP + 2 MP + AI lens,https://images.priceoye.pk/infinix-hot-12-play-pakistan-priceoye-74oci-270x270.webp,Infinix Hot 12 Play Infinix Mobile Phones Smartphones Display 6.82 Inches. RAM 4 GB. Battery 6000 mAh. Back Camera 13 MP + 2 MP + AI lens,Infinix,4.9,Mobile Phones,Smartphones,101.07
P0109,Vivo U20,Display 6.53 inches. RAM 64GB 6GB RAM. Battery 5000 mAh. Back Camera null,https://images.priceoye.pk/vivo-u20-pakistan-priceoye-3ymu4-270x270.webp,Vivo U20 Vivo Mobile Phones Smartphones Display 6.53 inches. RAM 64GB 6GB RAM. Battery 5000 mAh. Back Camera null,Vivo,5.0,Mobile Phones,Smartphones,125.0
P0110,"Apple Macbook Air 2023 M2 15"" 256GB Midnight MQKW3LL",Brand Apple. Series Macbook Air. Screen Size Info N/A. Screen Resolution Info n/a. Touchscreen No. Operating System Mac OS. Generation Apple M2 Generation. Processor Type M2. Processor Model Info n/a. Processor Speed Info n/a. Processor Turbo Info n/a. Processor Cache Info n/a. RAM 8GB. HDD Interface SSD. Hard Disk Capacity 256GB SSD. Graphics Info na. Graphics Detail Info n/a. Video Memory Shared. Optical Drive No Optical Drive. USB Ports 2 Ports Type-C. Numeric Pad No. HDMI No. Backlit Keyboard Yes. Warranty 7 Day Replacement. Shipping Same Day From Lahore,https://www.shophive.com/media/catalog/product/cache/3875881abdd255ac261538b8462285e9/m/b/mba15-midnight-gallery1-202306.jpg,"Apple Macbook Air 2023 M2 15"" 256GB Midnight MQKW3LL Apple Laptops MacBooks Brand Apple. Series Macbook Air. Screen Size Info N/A. Screen Resolution Info n/a. Touchscreen No. Operating System Mac OS. Generation Apple M2 Generation. Processor Type M2. Processor Model Info n/a. Processor Speed Info n/a. Processor Turbo Info n/a. Processor Cache Info n/a. RAM 8GB. HDD Interface SSD. Hard Disk Capacity 256GB SSD. Graphics Info na. Graphics Detail Info n/a. Video Memory Shared. Optical Drive No Optical Drive. USB Ports 2 Ports Type-C. Numeric Pad No. HDMI No. Backlit Keyboard Yes. Warranty 7 Day Replacement. Shipping Same Day From Lahore",Apple,0.0,Laptops,MacBooks,1328.57
P0111,"Apple Macbook Pro 2023 M2 Pro 16"" 1TB SSD Space Grey (MNW93)",Brand Apple. Series Macbook Pro. Screen Size 16.2''. Screen Resolution 3456 x 2234. Touchscreen No. Operating System Mac OS. Generation Apple M2 Generation. Processor Type M2 Pro. Processor Model Info n/a. Processor Speed Info n/a. Processor Turbo Info n/a. Processor Cache Info n/a. RAM 16GB. HDD Interface SSD. Hard Disk Capacity 1TB SSD. Graphics Info na. Graphics Detail Info n/a. Video Memory Shared. Optical Drive No Optical Drive. USB Ports 2 Ports Type-C. Numeric Pad No. HDMI No. Backlit Keyboard Yes. Warranty 1 Year Manufacturer. Shipping Same Day From Lahore,https://www.shophive.com/media/catalog/product/cache/3875881abdd255ac261538b8462285e9/j/k/jkj_2_1.jpg,"Apple Macbook Pro 2023 M2 Pro 16"" 1TB SSD Space Grey (MNW93) Apple Laptops MacBooks Brand Apple. Series Macbook Pro. Screen Size 16.2''. Screen Resolution 3456 x 2234. Touchscreen No. Operating System Mac OS. Generation Apple M2 Generation. Processor Type M2 Pro. Processor Model Info n/a. Processor Speed Info n/a. Processor Turbo Info n/a. Processor Cache Info n/a. RAM 16GB. HDD Interface SSD. Hard Disk Capacity 1TB SSD. Graphics Info na. Graphics Detail Info n/a. Video Memory Shared. Optical Drive No Optical Drive. USB Ports 2 Ports Type-C. Numeric Pad No. HDMI No. Backlit Keyboard Yes. Warranty 1 Year Manufacturer. Shipping Same Day From Lahore",Apple,0.0,Laptops,MacBooks,2857.14
P0112,XP-Pen Deco 03 Graphic Tablet,"Brand Xp Pen. Operating System Windows 10. RAM Info Not Availible. Screen Size 10.5"". Warranty 7 Day Replacement. Internal Memory Not Available. Expandable Memory No. Phone Option No. Shipping 24 - 48 hrs",https://www.shophive.com/media/catalog/product/cache/3875881abdd255ac261538b8462285e9/i/m/image-removebg-preview---2022-10-20t171212.274.jpg,"XP-Pen Deco 03 Graphic Tablet XP Pen Tablets Drawing Tablets Brand Xp Pen. Operating System Windows 10. RAM Info Not Availible. Screen Size 10.5"". Warranty 7 Day Replacement. Internal Memory Not Available. Expandable Memory No. Phone Option No. Shipping 24 - 48 hrs",XP Pen,0.0,Tablets,Drawing Tablets,107.14
P0113,Asus TUF A15 FA507NUR AMD Ryzen 7 7435HS 16GB 512GB SSD,"Brand Asus. Series TUF. Screen Size 15.6"". Screen Resolution 1920 x 1080. Touchscreen No. Operating System DOS. Generation AMD Ryzen Generation. Processor Type AMD Ryzen 7. Processor Model Info n/a. Processor Speed 3.1 GHz. Processor Turbo 4.5 GHz (Up to). Processor Cache 16 MB. RAM 16GB. HDD Interface SSD. Hard Disk Capacity 512GB SSD. Graphics Nvidia Graphics. Graphics Detail RTX 4050 (Nvidia GeForce). Video Memory 6 GB. Optical Drive No Optical Drive. USB Ports 2 ports. Numeric Pad Yes. HDMI Yes. Backlit Keyboard Yes. Warranty 1 Year Manufacturer. Shipping Same Day From Lahore",https://www.shophive.com/media/catalog/product/cache/3875881abdd255ac261538b8462285e9/l/a/laptop_128_2.jpg,"Asus TUF A15 FA507NUR AMD Ryzen 7 7435HS 16GB 512GB SSD Asus Laptops Laptops Brand Asus. Series TUF. Screen Size 15.6"". Screen Resolution 1920 x 1080. Touchscreen No. Operating System DOS. Generation AMD Ryzen Generation. Processor Type AMD Ryzen 7. Processor Model Info n/a. Processor Speed 3.1 GHz. Processor Turbo 4.5 GHz (Up to). Processor Cache 16 MB. RAM 16GB. HDD Interface SSD. Hard Disk Capacity 512GB SSD. Graphics Nvidia Graphics. Graphics Detail RTX 4050 (Nvidia GeForce). Video Memory 6 GB. Optical Drive No Optical Drive. USB Ports 2 ports. Numeric Pad Yes. HDMI Yes. Backlit Keyboard Yes. Warranty 1 Year Manufacturer. Shipping Same Day From Lahore",Asus,0.0,Laptops,Laptops,1119.64
P0114,Kieslect KS Smart Calling Watch,Display 45mm. Screen Type Colorful Amoled Display. Calling Yes. Battery Life 7 Days,https://images.priceoye.pk/kieslect-ks-smart-calling-watch-pakistan-priceoye-s91xh-270x270.webp,Kieslect KS Smart Calling Watch Kieslect Smart Watches Smart Watches Display 45mm. Screen Type Colorful Amoled Display. Calling Yes. Battery Life 7 Days,Kieslect,4.8,Smart Watches,Smart Watches,42.85
P0115,Xiaomi Poco M3 Pro,Display 6.5 inches. RAM 4/6 GB. Battery 5000 mAh. Back Camera 48 MP + 2 MP + 2 MP,https://images.priceoye.pk/xiaomi-poco-m3-pro-pakistan-priceoye-ygo3f-270x270.webp,Xiaomi Poco M3 Pro Xiaomi Mobile Phones Smartphones Display 6.5 inches. RAM 4/6 GB. Battery 5000 mAh. Back Camera 48 MP + 2 MP + 2 MP,Xiaomi,5.0,Mobile Phones,Smartphones,112.14
P0116,Dell Gaming G5 15.6 inches Ryzen 7 5800H NVIDIA GeFORCE RTX-3050 (16gb - 512gb),Display 15.6 Inches. Generation AMD Ryzen 7. Processor AMD RYZEN R7-5800H. Internal Memory 512 GB SSD,https://images.priceoye.pk/dell-gaming-g5-15-6-inches-ryzen-7-5800h-nvidia-geforce-rtx-3050-16gb-512gb-pakistan-priceoye-c3wr3-270x270.webp,Dell Gaming G5 15.6 inches Ryzen 7 5800H NVIDIA GeFORCE RTX-3050 (16gb - 512gb) Dell Laptops Gaming Laptops Display 15.6 Inches. Generation AMD Ryzen 7. Processor AMD RYZEN R7-5800H. Internal Memory 512 GB SSD,Dell,5.0,Laptops,Gaming Laptops,957.14
P0117,Xiaomi Redmi 7a,Display 6.26 inches. RAM 4 GB RAM (CHINA ONLY) OR 32/64 GB 3 GB RAM OR 16 GB 2 GB RAM. Battery 4000 mAh. Back Camera 12 MP,https://images.priceoye.pk/xiaomi-redmi-7a-pakistan-priceoye-gnd7u-270x270.webp,Xiaomi Redmi 7a Xiaomi Mobile Phones Smartphones Display 6.26 inches. RAM 4 GB RAM (CHINA ONLY) OR 32/64 GB 3 GB RAM OR 16 GB 2 GB RAM. Battery 4000 mAh. Back Camera 12 MP,Xiaomi,5.0,Mobile Phones,Smartphones,67.85
P0118,Oppo F15s,Display 6.5 inches. RAM 4GB. Battery 4230 mAh. Back Camera 12 MP + 2 MP + 2 MP,https://images.priceoye.pk/oppo-f15s-pakistan-priceoye-rvvzz-270x270.webp,Oppo F15s Oppo Mobile Phones Smartphones Display 6.5 inches. RAM 4GB. Battery 4230 mAh. Back Camera 12 MP + 2 MP + 2 MP,Oppo,5.0,Mobile Phones,Smartphones,89.28
P0119,Amazfit GTR3 Pro Limited Edition,Brand Amazfit. Shipping 24 - 48 hrs,https://www.shophive.com/media/catalog/product/cache/3875881abdd255ac261538b8462285e9/a/m/amazfit-gtr-3-pro-limited-.jpeg,Amazfit GTR3 Pro Limited Edition Amazfit Smart Watches Smart Watches Brand Amazfit. Shipping 24 - 48 hrs,Amazfit,0.0,Smart Watches,Smart Watches,160.0
P0120,Tecno Camon 17P,Display 6.8 inches. RAM 6 GB. Battery 5000 mAh. Back Camera 64 MP + 2 MP + 2 MP,https://images.priceoye.pk/tecno-camon-17p-pakistan-priceoye-mnhis-270x270.webp,Tecno Camon 17P Tecno Mobile Phones Smartphones Display 6.8 inches. RAM 6 GB. Battery 5000 mAh. Back Camera 64 MP + 2 MP + 2 MP,Tecno,5.0,Mobile Phones,Smartphones,142.85
P0121,Xiaomi Mi 9 Explorer,Display 6.39 inches. RAM 12 GB RAM. Battery 3300 mAh. Back Camera 48 MP,https://images.priceoye.pk/xiaomi-mi-9-explorer-pakistan-priceoye-4kw9l-270x270.webp,Xiaomi Mi 9 Explorer Xiaomi Mobile Phones Smartphones Display 6.39 inches. RAM 12 GB RAM. Battery 3300 mAh. Back Camera 48 MP,Xiaomi,4.6,Mobile Phones,Smartphones,298.93
P0122,"Xiaomi Redmi Pad SE 11"" 8GB 256GB Wifi","Brand Mi. Operating System Android. RAM 8GB. Screen Size 11"". Warranty 7 Day Replacement. Internal Memory 256GB. Expandable Memory No. Phone Option No. Shipping 24 - 48 hrs",https://www.shophive.com/media/catalog/product/cache/3875881abdd255ac261538b8462285e9/t/a/tablet_5.jpg,"Xiaomi Redmi Pad SE 11"" 8GB 256GB Wifi Xiaomi Tablets Android Tablets Brand Mi. Operating System Android. RAM 8GB. Screen Size 11"". Warranty 7 Day Replacement. Internal Memory 256GB. Expandable Memory No. Phone Option No. Shipping 24 - 48 hrs",Xiaomi,0.0,Tablets,Android Tablets,205.35
P0123,Oppo R17 Pro,Display 6.4 inches. RAM 8 GB RAM. Battery 3700 mAh. Back Camera 13 MP,https://images.priceoye.pk/oppo-r17-pro-pakistan-priceoye-q8ujp-270x270.webp,Oppo R17 Pro Oppo Mobile Phones Smartphones Display 6.4 inches. RAM 8 GB RAM. Battery 3700 mAh. Back Camera 13 MP,Oppo,3.0,Mobile Phones,Smartphones,277.5
P0124,Vivo X Fold S,"Display 8.0 Inches. RAM 12 GB. Battery 4700 mAh. Back Camera 50 MP + 8 MP + 12 MP, + 48 MP",https://images.priceoye.pk/vivo-x-fold-s-pakistan-priceoye-bessk-270x270.webp,"Vivo X Fold S Vivo Mobile Phones Smartphones Display 8.0 Inches. RAM 12 GB. Battery 4700 mAh. Back Camera 50 MP + 8 MP + 12 MP, + 48 MP",Vivo,5.0,Mobile Phones,Smartphones,910.71
P0125,Realme C3s,Display 6.5 inches. RAM 32GB 3GB RAM 64GB 4GB RAM. Battery 5000 mAh. Back Camera 12 MP,https://images.priceoye.pk/realme-c3s-pakistan-priceoye-zwqk6-270x270.webp,Realme C3s Realme Mobile Phones Smartphones Display 6.5 inches. RAM 32GB 3GB RAM 64GB 4GB RAM. Battery 5000 mAh. Back Camera 12 MP,Realme,5.0,Mobile Phones,Smartphones,71.42
P0126,Vivo S7e,Display 6.44 inches. RAM 8GB. Battery 4100 mAh. Back Camera 64 MP + 8 MP + 2 MP,https://images.priceoye.pk/vivo-s7e-pakistan-priceoye-xhn9a-270x270.webp,Vivo S7e Vivo Mobile Phones Smartphones Display 6.44 inches. RAM 8GB. Battery 4100 mAh. Back Camera 64 MP + 8 MP + 2 MP,Vivo,5.0,Mobile Phones,Smartphones,192.85
P0127,HP Envy 14-ES0013DX 13th Gen Core i5-1335U (8GB DDR4-512GB SSD),Display 14. Generation 13th Gen. Processor INTEL i5-1335U. Internal Memory 512 GB,https://images.priceoye.pk/hp-envy-14-es0013dx-13th-gen-core-i5-1335u-8gb-ddr4-512gb-ssd-pakistan-priceoye-iywzt-270x270.webp,HP Envy 14-ES0013DX 13th Gen Core i5-1335U (8GB DDR4-512GB SSD) HP Laptops Laptops Display 14. Generation 13th Gen. Processor INTEL i5-1335U. Internal Memory 512 GB,HP,5.0,Laptops,Laptops,607.14
P0128,Oppo A5s,Display 6.2 inches. RAM 3GB OR 4GB. Battery 4230 mAh. Back Camera 13 MP,https://images.priceoye.pk/oppo-a5s-pakistan-priceoye-gdoya-270x270.webp,Oppo A5s Oppo Mobile Phones Smartphones Display 6.2 inches. RAM 3GB OR 4GB. Battery 4230 mAh. Back Camera 13 MP,Oppo,4.5,Mobile Phones,Smartphones,71.42
P0129,Oppo Reno 6 Pro Plus,Display 6.55 inches. RAM 8/12 GB. Battery 4500 mAh. Back Camera 50 MP + 13 MP + 16 MP + 2 MP,https://images.priceoye.pk/oppo-reno-6-pro-plus-pakistan-priceoye-5ot2f-270x270.webp,Oppo Reno 6 Pro Plus Oppo Mobile Phones Smartphones Display 6.55 inches. RAM 8/12 GB. Battery 4500 mAh. Back Camera 50 MP + 13 MP + 16 MP + 2 MP,Oppo,5.0,Mobile Phones,Smartphones,428.57
P0130,Vivo iQoo Lite,Display 6.41 inches. RAM 8GB RAM. Battery 4000 mAh. Back Camera 8 MP,https://images.priceoye.pk/vivo-iqoo-lite-pakistan-priceoye-siqh6-270x270.webp,Vivo iQoo Lite Vivo Mobile Phones Smartphones Display 6.41 inches. RAM 8GB RAM. Battery 4000 mAh. Back Camera 8 MP,Vivo,5.0,Mobile Phones,Smartphones,214.28
P0131,Lenovo Legion 5 Raptor Lake i7-14650HX 16GB 1TB SSD 8GB GC 1Y,"Brand Lenovo. Series Legion. Screen Size 16"". Screen Resolution 2560 x 1600. Touchscreen No. Operating System DOS. Generation Intel 14th Generation. Processor Type Intel Core i7. Processor Model Info n/a. Processor Speed 2.2 GHz. Processor Turbo 5.1GHz. Processor Cache Info n/a. RAM 16GB. HDD Interface SSD. Hard Disk Capacity 1TB SSD. Graphics Nvidia Graphics. Graphics Detail RTX 4060 (Nvidia Geforce). Video Memory 8 GB. Optical Drive No Optical Drive. USB Ports 3 ports. Numeric Pad Yes. HDMI Yes. Backlit Keyboard Yes. Warranty 1 Year Manufacturer. Shipping Same Day From Lahore",https://www.shophive.com/media/catalog/product/cache/3875881abdd255ac261538b8462285e9/l/e/lenovo_22_6.jpg,"Lenovo Legion 5 Raptor Lake i7-14650HX 16GB 1TB SSD 8GB GC 1Y Lenovo Laptops Gaming Laptops Brand Lenovo. Series Legion. Screen Size 16"". Screen Resolution 2560 x 1600. Touchscreen No. Operating System DOS. Generation Intel 14th Generation. Processor Type Intel Core i7. Processor Model Info n/a. Processor Speed 2.2 GHz. Processor Turbo 5.1GHz. Processor Cache Info n/a. RAM 16GB. HDD Interface SSD. Hard Disk Capacity 1TB SSD. Graphics Nvidia Graphics. Graphics Detail RTX 4060 (Nvidia Geforce). Video Memory 8 GB. Optical Drive No Optical Drive. USB Ports 3 ports. Numeric Pad Yes. HDMI Yes. Backlit Keyboard Yes. Warranty 1 Year Manufacturer. Shipping Same Day From Lahore",Lenovo,0.0,Laptops,Gaming Laptops,1807.14
P0132,Samsung Galaxy F12,Display 6.5 inches. RAM 4 GB. Battery 6000 mAh. Back Camera 48 MP + 5 MP + 2 MP + 2 MP,https://images.priceoye.pk/samsung-galaxy-f12-pakistan-priceoye-t4rrb-270x270.webp,Samsung Galaxy F12 Samsung Mobile Phones Smartphones Display 6.5 inches. RAM 4 GB. Battery 6000 mAh. Back Camera 48 MP + 5 MP + 2 MP + 2 MP,Samsung,5.0,Mobile Phones,Smartphones,125.0
P0133,Dell Vostro 15 3530 13th Gen Core i5 1334u,Display 15.6 inch FHD 120Hz 250 nits WVA Anti- Glare L ED Backlit Narrow Border Displ ay. Generation 13th Generation. Processor 13th Gen Core i5 1334u Raptor Lake Processor (12 MB Intel Smart Cache). Internal Memory 512 GB,https://images.priceoye.pk/dell-vostro-15-3530-raptor-lake-13th-gen-core-i5-1334u-16gb-512gb-pakistan-priceoye-te7e2-270x270.webp,Dell Vostro 15 3530 13th Gen Core i5 1334u Dell Laptops Laptops Display 15.6 inch FHD 120Hz 250 nits WVA Anti- Glare L ED Backlit Narrow Border Displ ay. Generation 13th Generation. Processor 13th Gen Core i5 1334u Raptor Lake Processor (12 MB Intel Smart Cache). Internal Memory 512 GB,Dell,5.0,Laptops,Laptops,510.71
P0134,Asus ExpertBook B9400CEA-KC0396R i7-1165G7 16GB 512GB SSD,"Brand Asus. Series ExpertBook. Screen Size 14"". Screen Resolution 1920 x 1080. Touchscreen No. Operating System Windows 10 Pro. Generation Intel 11th Generation. Processor Type Intel Core i7. Processor Model i7-1165G7. Processor Speed 2.8 GHz. Processor Turbo 4.7 GHz (Up to). Processor Cache 12 MB. RAM 16GB. HDD Interface SSD. Hard Disk Capacity 512GB SSD. Graphics Intel Integrated Graphics. Graphics Detail Info n/a. Video Memory Shared. Optical Drive No Optical Drive. USB Ports 3 ports. Numeric Pad Yes. HDMI Yes. Backlit Keyboard No. Warranty 7 Day Replacement. Shipping 5 - 10 Days",https://www.shophive.com/media/catalog/product/cache/3875881abdd255ac261538b8462285e9/i/m/image-removebg-preview---2023-04-17t143636.928_1.jpg,"Asus ExpertBook B9400CEA-KC0396R i7-1165G7 16GB 512GB SSD Asus Laptops Laptops Brand Asus. Series ExpertBook. Screen Size 14"". Screen Resolution 1920 x 1080. Touchscreen No. Operating System Windows 10 Pro. Generation Intel 11th Generation. Processor Type Intel Core i7. Processor Model i7-1165G7. Processor Speed 2.8 GHz. Processor Turbo 4.7 GHz (Up to). Processor Cache 12 MB. RAM 16GB. HDD Interface SSD. Hard Disk Capacity 512GB SSD. Graphics Intel Integrated Graphics. Graphics Detail Info n/a. Video Memory Shared. Optical Drive No Optical Drive. USB Ports 3 ports. Numeric Pad Yes. HDMI Yes. Backlit Keyboard No. Warranty 7 Day Replacement. Shipping 5 - 10 Days",Asus,0.0,Laptops,Laptops,1365.71
P0135,Xiaomi Black Shark 4,Display 6.67 inches. RAM 8/12 GB. Battery 4500 mAh. Back Camera 64 MP + 12 MP + 5 MP + 5 MP,https://images.priceoye.pk/xiaomi-black-shark-4-pakistan-priceoye-2g68v-270x270.webp,Xiaomi Black Shark 4 Xiaomi Mobile Phones Smartphones Display 6.67 inches. RAM 8/12 GB. Battery 4500 mAh. Back Camera 64 MP + 12 MP + 5 MP + 5 MP,Xiaomi,5.0,Mobile Phones,Smartphones,342.86
P0136,Oppo A9x,Display 6.53 inches. RAM 6 GB RAM. Battery 4020 mAh. Back Camera 48 MP,https://images.priceoye.pk/oppo-a9x-pakistan-priceoye-yzw7q-270x270.webp,Oppo A9x Oppo Mobile Phones Smartphones Display 6.53 inches. RAM 6 GB RAM. Battery 4020 mAh. Back Camera 48 MP,Oppo,5.0,Mobile Phones,Smartphones,164.28
P0137,Infinix Smart X5010,Display 5.0 inches. RAM 16GB 1GB RAM. Battery 3060 mAh. Back Camera 8 MP,https://images.priceoye.pk/infinix-smart-x5010-pakistan-priceoye.png,Infinix Smart X5010 Infinix Mobile Phones Smartphones Display 5.0 inches. RAM 16GB 1GB RAM. Battery 3060 mAh. Back Camera 8 MP,Infinix,4.0,Mobile Phones,Smartphones,30.11
P0138,Xiaomi Mi 10T Lite,Display 6.67 inches. RAM 6 GB. Battery 4820 mAh. Back Camera 64 MP + 8 MP + 2 MP + 2 MP,https://images.priceoye.pk/xiaomi-mi-10t-lite-pakistan-priceoye-igpvt-270x270.webp,Xiaomi Mi 10T Lite Xiaomi Mobile Phones Smartphones Display 6.67 inches. RAM 6 GB. Battery 4820 mAh. Back Camera 64 MP + 8 MP + 2 MP + 2 MP,Xiaomi,3.0,Mobile Phones,Smartphones,167.14
P0139,Xiaomi Mi 11 Lite 5G,Display 6.55 inches. RAM 6/8 GB. Battery 4250 mAh. Back Camera 64 MP + 8 MP + 5 MP,https://images.priceoye.pk/xiaomi-mi-11-lite-5g-pakistan-priceoye-gyht3-270x270.webp,Xiaomi Mi 11 Lite 5G Xiaomi Mobile Phones Smartphones Display 6.55 inches. RAM 6/8 GB. Battery 4250 mAh. Back Camera 64 MP + 8 MP + 5 MP,Xiaomi,5.0,Mobile Phones,Smartphones,250.0
P0140,Tecno Camon 17 Pro,Display 6.8 inches. RAM 8 GB. Battery 5000 mAh. Back Camera 64 MP + 8 MP + 2 MP + 2 MP,https://images.priceoye.pk/tecno-camon-17-pro-pakistan-priceoye-lp6d7-270x270.webp,Tecno Camon 17 Pro Tecno Mobile Phones Smartphones Display 6.8 inches. RAM 8 GB. Battery 5000 mAh. Back Camera 64 MP + 8 MP + 2 MP + 2 MP,Tecno,5.0,Mobile Phones,Smartphones,114.28
P0141,Vivo X80,Display 6.78 Inches. RAM 12 GB. Battery 4500 mAh. Back Camera 50 + 12 + 12 MP,https://images.priceoye.pk/vivo-x80-pakistan-priceoye-fzq37-270x270.webp,Vivo X80 Vivo Mobile Phones Smartphones Display 6.78 Inches. RAM 12 GB. Battery 4500 mAh. Back Camera 50 + 12 + 12 MP,Vivo,4.9,Mobile Phones,Smartphones,662.5
P0142,Realme 3,Display 6.22 inches. RAM 4 GB RAM OR 32 GB 3 GB RAM. Battery 4230 mAh. Back Camera 13 MP,https://images.priceoye.pk/realme-3-pakistan-priceoye-a1ygu-270x270.webp,Realme 3 Realme Mobile Phones Smartphones Display 6.22 inches. RAM 4 GB RAM OR 32 GB 3 GB RAM. Battery 4230 mAh. Back Camera 13 MP,Realme,4.5,Mobile Phones,Smartphones,82.14
P0143,Infinix Hot 50 Pro 8GB 128GB,"Brand Infinix. Operating System Android. Screen Size 6.7"". Internal Memory 128GB. RAM 8GB. Main Camera Pixel 50.0. Dual Sim Yes. Water Resistant No. Expandable Memory Yes. Warranty 1 Year Manufacturer. Shipping 3 - 5 Days. Color Black",https://www.shophive.com/media/catalog/product/cache/3875881abdd255ac261538b8462285e9/m/o/mobile_1_1_7.jpg,"Infinix Hot 50 Pro 8GB 128GB Infinix Mobile Phones Smartphones Brand Infinix. Operating System Android. Screen Size 6.7"". Internal Memory 128GB. RAM 8GB. Main Camera Pixel 50.0. Dual Sim Yes. Water Resistant No. Expandable Memory Yes. Warranty 1 Year Manufacturer. Shipping 3 - 5 Days. Color Black",Infinix,0.0,Mobile Phones,Smartphones,148.57
P0144,Xp-Pen Deco Mini7W Wireless 7″ X 4.37″ Graphic Tablet,Brand Xp Pen. Warranty 7 Day Replacement. Shipping Same Day From Lahore,https://www.shophive.com/media/catalog/product/cache/3875881abdd255ac261538b8462285e9/x/p/xp-pen-deco-mini7w-wireless-graphic-tablet-600x343.jpg,Xp-Pen Deco Mini7W Wireless 7″ X 4.37″ Graphic Tablet XP Pen Tablets Drawing Tablets Brand Xp Pen. Warranty 7 Day Replacement. Shipping Same Day From Lahore,XP Pen,0.0,Tablets,Drawing Tablets,66.07
P0145,HP DU3572TU 15.6 Inches Core i5 11thGen (8GB RAM - 512GBSSD),Display 15.6 Inches. Generation 11th Generation. Processor Intel® Core™ i5-1135G7. Internal Memory 512 GB,https://images.priceoye.pk/hp-eg0503tx-15-6-inches-core-i5-11thgen-8gb-ram-512gbssd-pakistan-priceoye-flgit-270x270.webp,HP DU3572TU 15.6 Inches Core i5 11thGen (8GB RAM - 512GBSSD) HP Laptops Laptops Display 15.6 Inches. Generation 11th Generation. Processor Intel® Core™ i5-1135G7. Internal Memory 512 GB,HP,5.0,Laptops,Laptops,630.35
P0146,Realme 5,Display 6.5 inches. RAM 4GB. Battery 5000 mAh. Back Camera 12 MP + 8 MP + 2 MP + 2 MP,https://images.priceoye.pk/realme-5-pakistan-priceoye-t1i53-270x270.webp,Realme 5 Realme Mobile Phones Smartphones Display 6.5 inches. RAM 4GB. Battery 5000 mAh. Back Camera 12 MP + 8 MP + 2 MP + 2 MP,Realme,4.6,Mobile Phones,Smartphones,92.85
P0147,Vivo Y03t,Display 6.56-inch. RAM 4GB. Battery 5000 mAh. Back Camera 13MP + 0.08MP,https://images.priceoye.pk/vivo-y03t-pakistan-priceoye-mn478-270x270.webp,Vivo Y03t Vivo Mobile Phones Smartphones Display 6.56-inch. RAM 4GB. Battery 5000 mAh. Back Camera 13MP + 0.08MP,Vivo,5.0,Mobile Phones,Smartphones,91.07
P0148,Oneplus 10 Pro 5G 12GB 256GB,"Brand OnePlus. Operating System Android. Screen Size 6.7"". Internal Memory 256GB. RAM 12GB. Main Camera Pixel 48. Dual Sim Yes. Water Resistant Yes. Expandable Memory No. Warranty 7 Day Replacement. Shipping 24 - 48 hrs. Color Black",https://www.shophive.com/media/catalog/product/cache/3875881abdd255ac261538b8462285e9/i/m/image-removebg-preview---2022-11-26t150457.872_2.jpg,"Oneplus 10 Pro 5G 12GB 256GB OnePlus Mobile Phones Smartphones Brand OnePlus. Operating System Android. Screen Size 6.7"". Internal Memory 256GB. RAM 12GB. Main Camera Pixel 48. Dual Sim Yes. Water Resistant Yes. Expandable Memory No. Warranty 7 Day Replacement. Shipping 24 - 48 hrs. Color Black",OnePlus,0.0,Mobile Phones,Smartphones,678.57
P0149,Tecno Camon 18T,Display 6.78 inches. RAM 4 GB +(7GB UPGRADE BY OTA). Battery 5000 mAh. Back Camera 48 MP +2MP+2MP,https://images.priceoye.pk/tecno-camon-18t-pakistan-priceoye-5k0li-270x270.webp,Tecno Camon 18T Tecno Mobile Phones Smartphones Display 6.78 inches. RAM 4 GB +(7GB UPGRADE BY OTA). Battery 5000 mAh. Back Camera 48 MP +2MP+2MP,Tecno,4.9,Mobile Phones,Smartphones,150.0
P0150,HP Spectre X360 16-AA0013dx Intel Core Ultra 7 155H (16GB-1TB),Display 16. Generation 13th Generation. Processor 14th Generation Intel Core Ultra 7 155H. Internal Memory 1TB SSD,https://images.priceoye.pk/hp-spectre-x360-16-aa0013dx-intel-core-ultra-7-155h-16gb-1tb-pakistan-priceoye-ihdbi-270x270.webp,HP Spectre X360 16-AA0013dx Intel Core Ultra 7 155H (16GB-1TB) HP Laptops Laptops Display 16. Generation 13th Generation. Processor 14th Generation Intel Core Ultra 7 155H. Internal Memory 1TB SSD,HP,5.0,Laptops,Laptops,1682.14
P0151,DELL Vostro 15 3520 Laptop 12th Gen Core i5,Display 15.6″. Generation 12th Gen. Processor 1235u PROCESSOR. Internal Memory 256 GB SSD,https://images.priceoye.pk/dell-vostro-15-3520-laptop-12th-gen-core-i5-pakistan-priceoye-hn20r-270x270.webp,DELL Vostro 15 3520 Laptop 12th Gen Core i5 Dell Laptops Laptops Display 15.6″. Generation 12th Gen. Processor 1235u PROCESSOR. Internal Memory 256 GB SSD,Dell,5.0,Laptops,Laptops,482.14
P0152,Samsung Galaxy S30 Ultra,Display 6.8 Inches. RAM 12 GB. Battery 5000 mAh. Back Camera 108 MP,https://images.priceoye.pk/samsung-galaxy-s30-ultra-pakistan-priceoye-lx462-270x270.webp,Samsung Galaxy S30 Ultra Samsung Mobile Phones Smartphones Display 6.8 Inches. RAM 12 GB. Battery 5000 mAh. Back Camera 108 MP,Samsung,5.0,Mobile Phones,Smartphones,803.57
P0153,Oppo Find N,Display 8.0 Inches. RAM 12 GB. Battery 4500 mAh. Back Camera 50MP + 13MP + 16MP,https://images.priceoye.pk/oppo-find-n-pakistan-priceoye-shkn1-270x270.webp,Oppo Find N Oppo Mobile Phones Smartphones Display 8.0 Inches. RAM 12 GB. Battery 4500 mAh. Back Camera 50MP + 13MP + 16MP,Oppo,5.0,Mobile Phones,Smartphones,1303.57
P0154,Apple MacBook Air MRXW3 M3 Chip,"Display 13.6-inch. Generation Apple M3 Chip. Processor 8-Core CPU, 10 -Core GPU & 16-core Neural Engine. Internal Memory 512gb",https://images.priceoye.pk/apple-macbook-mrxw3-m3-chip-pakistan-priceoye-5xc31-270x270.webp,"Apple MacBook Air MRXW3 M3 Chip Apple Laptops MacBooks Display 13.6-inch. Generation Apple M3 Chip. Processor 8-Core CPU, 10 -Core GPU & 16-core Neural Engine. Internal Memory 512gb",Apple,5.0,Laptops,MacBooks,1314.28
P0155,HP Spectre x360 14-EU0059TU Ultra 7 155H,Display 14” 2.8K 1800p OLED 38-120Hz UWVA MIcro-Edge HDR500nits HP Sureview Privacy Touchscreen Convertible Display. Generation N/A. Processor Intel® Core™ Ultra 7 Processor 155H (24MB Cache) - Meteor Lake. Internal Memory 512GB SSD,https://images.priceoye.pk/hp-spectre-x360-14-eu0059tu-ultra-7-155h-pakistan-priceoye-59p6w-270x270.webp,HP Spectre x360 14-EU0059TU Ultra 7 155H HP Laptops Laptops Display 14” 2.8K 1800p OLED 38-120Hz UWVA MIcro-Edge HDR500nits HP Sureview Privacy Touchscreen Convertible Display. Generation N/A. Processor Intel® Core™ Ultra 7 Processor 155H (24MB Cache) - Meteor Lake. Internal Memory 512GB SSD,HP,5.0,Laptops,Laptops,1525.0
P0156,Asus ROG Zephyrus G16 GU603ZV-N4014W i7-12700H 16GB 1TB SSD,"Brand Asus. Series ROG. Screen Size 16"". Screen Resolution 2560 x 1600. Touchscreen No. Operating System Windows 11 Home. Generation Intel 12Th Generation. Processor Type Intel Core i7. Processor Model i7-12700H. Processor Speed 3.5 GHz. Processor Turbo 4.7 GHz (Up to). Processor Cache 24 MB. RAM 16GB. HDD Interface SSD. Hard Disk Capacity 1TB SSD. Graphics Nvidia Graphics. Graphics Detail RTX 4060 (Nvidia Geforce). Video Memory 8 GB. Optical Drive No Optical Drive. USB Ports 2 ports. Numeric Pad No. HDMI Yes. Backlit Keyboard Yes. Warranty 7 Day Replacement. Shipping 5 - 10 Days",https://www.shophive.com/media/catalog/product/cache/3875881abdd255ac261538b8462285e9/a/s/asus_16_1.jpg,"Asus ROG Zephyrus G16 GU603ZV-N4014W i7-12700H 16GB 1TB SSD Asus Laptops Gaming Laptops Brand Asus. Series ROG. Screen Size 16"". Screen Resolution 2560 x 1600. Touchscreen No. Operating System Windows 11 Home. Generation Intel 12Th Generation. Processor Type Intel Core i7. Processor Model i7-12700H. Processor Speed 3.5 GHz. Processor Turbo 4.7 GHz (Up to). Processor Cache 24 MB. RAM 16GB. HDD Interface SSD. Hard Disk Capacity 1TB SSD. Graphics Nvidia Graphics. Graphics Detail RTX 4060 (Nvidia Geforce). Video Memory 8 GB. Optical Drive No Optical Drive. USB Ports 2 ports. Numeric Pad No. HDMI Yes. Backlit Keyboard Yes. Warranty 7 Day Replacement. Shipping 5 - 10 Days",Asus,0.0,Laptops,Gaming Laptops,2276.78
P0157,Apple Watch Series 10 46mm Jet Black Aluminium Case With Black Sports Band,Brand Apple. Shipping Same Day From Lahore,https://www.shophive.com/media/catalog/product/cache/3875881abdd255ac261538b8462285e9/i/m/image-removebg-preview_-_2024-09-10t180902.974_1.jpg,Apple Watch Series 10 46mm Jet Black Aluminium Case With Black Sports Band Apple Smart Watches Premium Smart Watches Brand Apple. Shipping Same Day From Lahore,Apple,0.0,Smart Watches,Premium Smart Watches,416.07
P0158,Tecno Spark Go 2020,Display 6.5 Inches. RAM 2 GB. Battery 5000 mAh. Back Camera 13 MP f/1.8,https://images.priceoye.pk/tecno-spark-go-2020-pakistan-priceoye-zdrgx-270x270.webp,Tecno Spark Go 2020 Tecno Mobile Phones Smartphones Display 6.5 Inches. RAM 2 GB. Battery 5000 mAh. Back Camera 13 MP f/1.8,Tecno,5.0,Mobile Phones,Smartphones,57.14
P0159,Vivo Y73 2020,Display 5.99inches. RAM 3 GB RAM OR 4 GB RAM. Battery 3360 mAh. Back Camera 13 MP,https://images.priceoye.pk/vivo-y73-pakistan-priceoye-ysbnq-270x270.webp,Vivo Y73 2020 Vivo Mobile Phones Smartphones Display 5.99inches. RAM 3 GB RAM OR 4 GB RAM. Battery 3360 mAh. Back Camera 13 MP,Vivo,5.0,Mobile Phones,Smartphones,79.29
P0160,"Apple Macbook Air 2022 M2 13.6"" 16GB 512GB Midnight","Brand Apple. Series Macbook Air. Screen Size 13.6"". Screen Resolution 2560 x 1664. Touchscreen No. Operating System Mac OS. Generation Apple M2 Generation. Processor Type M2. Processor Model Info n/a. Processor Speed Info n/a. Processor Turbo Info n/a. Processor Cache Info n/a. RAM 16GB. HDD Interface SSD. Hard Disk Capacity 512GB SSD. Graphics Info na. Graphics Detail Info n/a. Video Memory Shared. Optical Drive No Optical Drive. USB Ports 2 ports. Numeric Pad No. HDMI No. Backlit Keyboard Yes. Warranty 1 Year Manufacturer. Shipping Same Day From Lahore",https://www.shophive.com/media/catalog/product/cache/3875881abdd255ac261538b8462285e9/i/m/image-removebg-preview_11__22_5_1.png,"Apple Macbook Air 2022 M2 13.6"" 16GB 512GB Midnight Apple Laptops MacBooks Brand Apple. Series Macbook Air. Screen Size 13.6"". Screen Resolution 2560 x 1664. Touchscreen No. Operating System Mac OS. Generation Apple M2 Generation. Processor Type M2. Processor Model Info n/a. Processor Speed Info n/a. Processor Turbo Info n/a. Processor Cache Info n/a. RAM 16GB. HDD Interface SSD. Hard Disk Capacity 512GB SSD. Graphics Info na. Graphics Detail Info n/a. Video Memory Shared. Optical Drive No Optical Drive. USB Ports 2 ports. Numeric Pad No. HDMI No. Backlit Keyboard Yes. Warranty 1 Year Manufacturer. Shipping Same Day From Lahore",Apple,0.0,Laptops,MacBooks,1828.57
P0161,Samsung Galaxy Watch 6 Gold Sport Band (40mm),Brand Samsung. Shipping Same Day From Lahore,https://www.shophive.com/media/catalog/product/cache/3875881abdd255ac261538b8462285e9/i/m/image-removebg-preview---2023-08-23t183804.477.jpg,Samsung Galaxy Watch 6 Gold Sport Band (40mm) Samsung Smart Watches Premium Smart Watches Brand Samsung. Shipping Same Day From Lahore,Samsung,0.0,Smart Watches,Premium Smart Watches,251.78
P0162,vivo Y97,Display 6.3 inches. RAM 4 GB RAM. Battery 3315 mAh. Back Camera 16 MP,https://images.priceoye.pk/vivo-y97-pakistan-priceoye-o6tgn-270x270.webp,vivo Y97 Vivo Mobile Phones Smartphones Display 6.3 inches. RAM 4 GB RAM. Battery 3315 mAh. Back Camera 16 MP,Vivo,4.1,Mobile Phones,Smartphones,123.21
P0163,Lenovo ThinkPad E14 Gen 6 Intel Core Ultra 5 125U 8GB 512GB SSD,"Brand Lenovo. Series ThinkPad. Screen Size 14"". Screen Resolution 1920 x 1200. Touchscreen No. Operating System DOS. Generation Info n/a. Processor Type No info. Processor Model Info n/a. Processor Speed 1.3 GHz. Processor Turbo 4.3 GHz (Up to). Processor Cache 12 MB. RAM 8GB. HDD Interface SSD. Hard Disk Capacity 512GB SSD. Graphics Intel Integrated Graphics. Graphics Detail Info n/a. Video Memory Shared. Optical Drive No Optical Drive. USB Ports 2 ports. Numeric Pad No. HDMI Yes. Backlit Keyboard Yes. Warranty 1 Year Manufacturer. Shipping Same Day From Lahore",https://www.shophive.com/media/catalog/product/cache/3875881abdd255ac261538b8462285e9/l/a/laptop_95_3.jpg,"Lenovo ThinkPad E14 Gen 6 Intel Core Ultra 5 125U 8GB 512GB SSD Lenovo Laptops Business Laptops Brand Lenovo. Series ThinkPad. Screen Size 14"". Screen Resolution 1920 x 1200. Touchscreen No. Operating System DOS. Generation Info n/a. Processor Type No info. Processor Model Info n/a. Processor Speed 1.3 GHz. Processor Turbo 4.3 GHz (Up to). Processor Cache 12 MB. RAM 8GB. HDD Interface SSD. Hard Disk Capacity 512GB SSD. Graphics Intel Integrated Graphics. Graphics Detail Info n/a. Video Memory Shared. Optical Drive No Optical Drive. USB Ports 2 ports. Numeric Pad No. HDMI Yes. Backlit Keyboard Yes. Warranty 1 Year Manufacturer. Shipping Same Day From Lahore",Lenovo,0.0,Laptops,Business Laptops,839.28
P0164,Samsung Galaxy S23 Plus 8GB 256GB,"Brand Samsung. Operating System Android. Screen Size 6.6"". Internal Memory 256GB. RAM 8GB. Main Camera Pixel 50.0. Dual Sim No. Water Resistant Yes. Expandable Memory No. Warranty 7 Day Replacement. Shipping 24 - 48 hrs. Color Black",https://www.shophive.com/media/catalog/product/cache/3875881abdd255ac261538b8462285e9/i/m/image-removebg-preview---2023-02-02t143553.195_1_3_1.jpg,"Samsung Galaxy S23 Plus 8GB 256GB Samsung Mobile Phones Smartphones Brand Samsung. Operating System Android. Screen Size 6.6"". Internal Memory 256GB. RAM 8GB. Main Camera Pixel 50.0. Dual Sim No. Water Resistant Yes. Expandable Memory No. Warranty 7 Day Replacement. Shipping 24 - 48 hrs. Color Black",Samsung,0.0,Mobile Phones,Smartphones,892.85
P0165,HP OMEN 16 WF0083dx Gaming Laptop - Raptor Lake (16GB-1TB),"Display 16.1-inch diagonal, FHD , 165 Hz, 7 ms response time, IPS, micro-edge, antiglare, Low Blue Light, 300 nits, 100% sRGB(20)(39) • NVIDIA® G-SYNC® support. Generation 13th Generation. Processor 13th Gen Core i9 13900HX Raptor Lake Processor (36 MB Intel Smart Cache). Internal Memory 1TB SSD",https://images.priceoye.pk/hp-omen-16-wf0083dx-gaming-laptop-raptor-lake-16gb-1tb-pakistan-priceoye-ocvwl-270x270.webp,"HP OMEN 16 WF0083dx Gaming Laptop - Raptor Lake (16GB-1TB) HP Laptops Gaming Laptops Display 16.1-inch diagonal, FHD , 165 Hz, 7 ms response time, IPS, micro-edge, antiglare, Low Blue Light, 300 nits, 100% sRGB(20)(39) • NVIDIA® G-SYNC® support. Generation 13th Generation. Processor 13th Gen Core i9 13900HX Raptor Lake Processor (36 MB Intel Smart Cache). Internal Memory 1TB SSD",HP,5.0,Laptops,Gaming Laptops,1403.57
P0166,Samsung Galaxy Tab S6 5G,Display 10.5 inches. RAM 8GB RAM. Battery 5000 mAh. Back Camera 13 MP,https://images.priceoye.pk/samsung-galaxy-tab-s6-5g-pakistan-priceoye-2yeeo-270x270.webp,Samsung Galaxy Tab S6 5G Samsung Mobile Phones Smartphones Display 10.5 inches. RAM 8GB RAM. Battery 5000 mAh. Back Camera 13 MP,Samsung,5.0,Mobile Phones,Smartphones,379.29
P0167,Xiaomi Redmi 10 Prime,Display 6.5 inches. RAM 4/6 GB. Battery 6000 mAh. Back Camera 50 MP + 8 MP + 2 MP + 2 MP,https://images.priceoye.pk/xiaomi-redmi-10-prime-pakistan-priceoye-ca7nd-270x270.webp,Xiaomi Redmi 10 Prime Xiaomi Mobile Phones Smartphones Display 6.5 inches. RAM 4/6 GB. Battery 6000 mAh. Back Camera 50 MP + 8 MP + 2 MP + 2 MP,Xiaomi,5.0,Mobile Phones,Smartphones,92.85
P0168,Lenovo ThinkPad E15 Gen 4 AMD Ryzen 7 8GB 512GB SSD,"Brand Lenovo. Series ThinkPad. Screen Size 15.6"". Screen Resolution 1920 x 1080. Touchscreen No. Operating System DOS. Generation AMD Ryzen Generation. Processor Type AMD Ryzen 7. Processor Model Ryzen 7 5825U. Processor Speed 2.0 GHz. Processor Turbo 4.5 GHz (Up to). Processor Cache 16 MB. RAM 8GB. HDD Interface SSD. Hard Disk Capacity 512GB SSD. Graphics Intel Integrated Graphics. Graphics Detail Info n/a. Video Memory Shared. Optical Drive No Optical Drive. USB Ports 2 ports. Numeric Pad Yes. HDMI Yes. Backlit Keyboard No. Warranty 1 Year Manufacturer. Shipping Same Day From Lahore",https://www.shophive.com/media/catalog/product/cache/3875881abdd255ac261538b8462285e9/i/m/image-removebg-preview---2023-07-11t195010.219_1.jpg,"Lenovo ThinkPad E15 Gen 4 AMD Ryzen 7 8GB 512GB SSD Lenovo Laptops Business Laptops Brand Lenovo. Series ThinkPad. Screen Size 15.6"". Screen Resolution 1920 x 1080. Touchscreen No. Operating System DOS. Generation AMD Ryzen Generation. Processor Type AMD Ryzen 7. Processor Model Ryzen 7 5825U. Processor Speed 2.0 GHz. Processor Turbo 4.5 GHz (Up to). Processor Cache 16 MB. RAM 8GB. HDD Interface SSD. Hard Disk Capacity 512GB SSD. Graphics Intel Integrated Graphics. Graphics Detail Info n/a. Video Memory Shared. Optical Drive No Optical Drive. USB Ports 2 ports. Numeric Pad Yes. HDMI Yes. Backlit Keyboard No. Warranty 1 Year Manufacturer. Shipping Same Day From Lahore",Lenovo,0.0,Laptops,Business Laptops,814.28
P0169,Tecno WX4,Display 5 inches. RAM 1 GB RAM. Battery 2800 mAh. Back Camera 8 MP,https://images.priceoye.pk/tecno-wx4-pakistan-priceoye-h21g8-270x270.webp,Tecno WX4 Tecno Mobile Phones Smartphones Display 5 inches. RAM 1 GB RAM. Battery 2800 mAh. Back Camera 8 MP,Tecno,5.0,Mobile Phones,Smartphones,53.57
P0170,Apple Watch Ultra Titanium 49mm Case with Black/Gray Trail Loop,Brand Apple. Shipping On Order,https://www.shophive.com/media/catalog/product/cache/3875881abdd255ac261538b8462285e9/i/m/image-removebg-preview_-_2022-09-09t175115.860.png,Apple Watch Ultra Titanium 49mm Case with Black/Gray Trail Loop Apple Smart Watches Premium Smart Watches Brand Apple. Shipping On Order,Apple,0.0,Smart Watches,Premium Smart Watches,964.28
P0171,Infinix Zero 4 Plus,Display 5.98 inches. RAM 64GB 4GB RAM. Battery 4000 mAh. Back Camera 21 MP,https://images.priceoye.pk/infinix-zero-4-plus-pakistan-priceoye-270x270.webp,Infinix Zero 4 Plus Infinix Mobile Phones Smartphones Display 5.98 inches. RAM 64GB 4GB RAM. Battery 4000 mAh. Back Camera 21 MP,Infinix,4.0,Mobile Phones,Smartphones,94.64
P0172,vivo Y51 2020,Display 6.58 inches. RAM 8 GB. Battery 5000 mAh. Back Camera 48 MP + 8 MP + 2 MP,https://images.priceoye.pk/vivo-y51-2020-pakistan-priceoye-e2n7e-270x270.webp,vivo Y51 2020 Vivo Mobile Phones Smartphones Display 6.58 inches. RAM 8 GB. Battery 5000 mAh. Back Camera 48 MP + 8 MP + 2 MP,Vivo,5.0,Mobile Phones,Smartphones,146.43
P0173,Zero Revoltt Pro Smart Watch,Display 36mm. Screen Type AMOLED Display. Calling Yes. Battery Life Smart Battery Life,https://images.priceoye.pk/zero-revoltt-pro-smart-watch-pakistan-priceoye-94y2s-270x270.webp,Zero Revoltt Pro Smart Watch Zero Smart Watches Smart Watches Display 36mm. Screen Type AMOLED Display. Calling Yes. Battery Life Smart Battery Life,Zero,4.7,Smart Watches,Smart Watches,42.82
P0174,Itel it5200,Display 2.4 Inches. RAM STANDARD. Battery 1500 mAh. Back Camera Digital camera,https://images.priceoye.pk/itel-it5200-pakistan-priceoye-p5rak-270x270.webp,Itel it5200 Itel Mobile Phones Smartphones Display 2.4 Inches. RAM STANDARD. Battery 1500 mAh. Back Camera Digital camera,Itel,5.0,Mobile Phones,Smartphones,12.5
P0175,Xiaomi 11i,Display 6.67 inches. RAM 128/256 GB. Battery 5160 mAh. Back Camera 108 MP + 8 MP + 2MP,https://images.priceoye.pk/xiaomi-11i-pakistan-priceoye-kqqur-270x270.webp,Xiaomi 11i Xiaomi Mobile Phones Smartphones Display 6.67 inches. RAM 128/256 GB. Battery 5160 mAh. Back Camera 108 MP + 8 MP + 2MP,Xiaomi,5.0,Mobile Phones,Smartphones,464.29
P0176,"Apple Macbook Pro MTL83 M3 14.2"" 8GB 1TB SSD Space Gray 2023",Brand Apple. Series Macbook Pro. Screen Size 14.2''. Screen Resolution 3024 x 1964. Touchscreen No. Operating System Mac OS. Generation Apple M3 Generation. Processor Type M3. Processor Model Info n/a. Processor Speed Info n/a. Processor Turbo Info n/a. Processor Cache Info n/a. RAM 8GB. HDD Interface SSD. Hard Disk Capacity 1TB SSD. Graphics Intel Integrated Graphics. Graphics Detail Info n/a. Video Memory Shared. Optical Drive No Optical Drive. USB Ports 2 Ports Type-C. Numeric Pad No. HDMI Yes. Backlit Keyboard Yes. Warranty Manufacturer Warranty. Shipping 24 - 48 hrs,https://www.shophive.com/media/catalog/product/cache/3875881abdd255ac261538b8462285e9/l/a/laptop_3_3.jpg,"Apple Macbook Pro MTL83 M3 14.2"" 8GB 1TB SSD Space Gray 2023 Apple Laptops MacBooks Brand Apple. Series Macbook Pro. Screen Size 14.2''. Screen Resolution 3024 x 1964. Touchscreen No. Operating System Mac OS. Generation Apple M3 Generation. Processor Type M3. Processor Model Info n/a. Processor Speed Info n/a. Processor Turbo Info n/a. Processor Cache Info n/a. RAM 8GB. HDD Interface SSD. Hard Disk Capacity 1TB SSD. Graphics Intel Integrated Graphics. Graphics Detail Info n/a. Video Memory Shared. Optical Drive No Optical Drive. USB Ports 2 Ports Type-C. Numeric Pad No. HDMI Yes. Backlit Keyboard Yes. Warranty Manufacturer Warranty. Shipping 24 - 48 hrs",Apple,0.0,Laptops,MacBooks,1610.71
P0177,Samsung Galaxy Y Duos S6102,Display 3.14 inches. RAM 512 MB. Battery 1300 mAh. Back Camera 3,https://images.priceoye.pk/samsung-galaxy-y-duos-s6102-pakistan-priceoye-270x270.webp,Samsung Galaxy Y Duos S6102 Samsung Mobile Phones Smartphones Display 3.14 inches. RAM 512 MB. Battery 1300 mAh. Back Camera 3,Samsung,5.0,Mobile Phones,Smartphones,53.89
P0178,Samsung Galaxy A04s 4GB 128GB,"Brand Samsung. Operating System Android. Screen Size 6.5"". Internal Memory 128GB. RAM 4GB. Main Camera Pixel 50.0. Dual Sim Yes. Expandable Memory Yes. Warranty 1 Year Manufacturer. Shipping Same Day From Lahore. Color Black",https://www.shophive.com/media/catalog/product/cache/3875881abdd255ac261538b8462285e9/u/n/untitled_design_17__1.jpg,"Samsung Galaxy A04s 4GB 128GB Samsung Mobile Phones Smartphones Brand Samsung. Operating System Android. Screen Size 6.5"". Internal Memory 128GB. RAM 4GB. Main Camera Pixel 50.0. Dual Sim Yes. Expandable Memory Yes. Warranty 1 Year Manufacturer. Shipping Same Day From Lahore. Color Black",Samsung,0.0,Mobile Phones,Smartphones,137.5
P0179,Infinix Zero 30 8GB 256GB 4G,"Brand Infinix. Operating System Android. Screen Size 6.8"". Internal Memory 256GB. RAM 8GB. Main Camera Pixel 108. Dual Sim Yes. Water Resistant No. Expandable Memory Yes. Warranty 1 Year Manufacturer. Shipping 24 - 48 hrs. Color Gold",https://www.shophive.com/media/catalog/product/cache/3875881abdd255ac261538b8462285e9/u/n/untitled_design_53_.jpg,"Infinix Zero 30 8GB 256GB 4G Infinix Mobile Phones Smartphones Brand Infinix. Operating System Android. Screen Size 6.8"". Internal Memory 256GB. RAM 8GB. Main Camera Pixel 108. Dual Sim Yes. Water Resistant No. Expandable Memory Yes. Warranty 1 Year Manufacturer. Shipping 24 - 48 hrs. Color Gold",Infinix,0.0,Mobile Phones,Smartphones,232.14
P0180,Dell Alienware M16 16R2 Intel Core Ultra 9 185H 32GB 4TB SSD ‎Gaming Laptop,"Brand Dell. Series Alienware. Screen Size 16"". Screen Resolution 2560 x 1600. Touchscreen No. Operating System Windows 11 Pro. Generation Info n/a. Processor Type No info. Processor Model Info n/a. Processor Speed 2.3 GHz. Processor Turbo 5.1GHz. Processor Cache 24 MB. RAM 32GB. HDD Interface SSD. Hard Disk Capacity 4TB. Graphics Nvidia Graphics. Graphics Detail RTX 4070 (Nvidia GeForce). Video Memory 8 GB. Optical Drive No Optical Drive. USB Ports 2 Ports Type-C. Numeric Pad No. HDMI Yes. Backlit Keyboard Yes. Warranty International Warranty. Shipping 5 - 10 Days",https://www.shophive.com/media/catalog/product/cache/3875881abdd255ac261538b8462285e9/d/e/dell_11_1_2.jpg,"Dell Alienware M16 16R2 Intel Core Ultra 9 185H 32GB 4TB SSD ‎Gaming Laptop Dell Laptops Gaming Laptops Brand Dell. Series Alienware. Screen Size 16"". Screen Resolution 2560 x 1600. Touchscreen No. Operating System Windows 11 Pro. Generation Info n/a. Processor Type No info. Processor Model Info n/a. Processor Speed 2.3 GHz. Processor Turbo 5.1GHz. Processor Cache 24 MB. RAM 32GB. HDD Interface SSD. Hard Disk Capacity 4TB. Graphics Nvidia Graphics. Graphics Detail RTX 4070 (Nvidia GeForce). Video Memory 8 GB. Optical Drive No Optical Drive. USB Ports 2 Ports Type-C. Numeric Pad No. HDMI Yes. Backlit Keyboard Yes. Warranty International Warranty. Shipping 5 - 10 Days",Dell,0.0,Laptops,Gaming Laptops,3101.78
P0181,Vivo Y01,Display 6.51 Inches. RAM 2 GB. Battery 5000 mAh. Back Camera 8 MP,https://images.priceoye.pk/vivo-y01-pakistan-priceoye-51nex-270x270.webp,Vivo Y01 Vivo Mobile Phones Smartphones Display 6.51 Inches. RAM 2 GB. Battery 5000 mAh. Back Camera 8 MP,Vivo,5.0,Mobile Phones,Smartphones,83.57
P0182,HP FH0013dx OmniBook Ultra Flip Copilot+ PC 14 Intel Core Ultra 9 288V 32GB 2TB SSD,"Brand HP. Series Flip. Screen Size 14"". Screen Resolution 2880 x 1800. Touchscreen Yes. Operating System Windows 11 Home. Generation Info n/a. Processor Type No info. Processor Model Info n/a. Processor Speed 3.3 GHz. Processor Turbo 5.1GHz. Processor Cache 12 MB. RAM 32GB. HDD Interface SSD. Hard Disk Capacity 2TB. Graphics Intel Integrated Graphics. Graphics Detail Info n/a. Video Memory Shared. Optical Drive No Optical Drive. USB Ports 2 Ports Type-C. Numeric Pad No. HDMI No. Backlit Keyboard Yes. Warranty International Warranty. Shipping Same Day From Lahore",https://www.shophive.com/media/catalog/product/cache/3875881abdd255ac261538b8462285e9/h/p/hp_31_4.jpg,"HP FH0013dx OmniBook Ultra Flip Copilot+ PC 14 Intel Core Ultra 9 288V 32GB 2TB SSD HP Laptops Laptops Brand HP. Series Flip. Screen Size 14"". Screen Resolution 2880 x 1800. Touchscreen Yes. Operating System Windows 11 Home. Generation Info n/a. Processor Type No info. Processor Model Info n/a. Processor Speed 3.3 GHz. Processor Turbo 5.1GHz. Processor Cache 12 MB. RAM 32GB. HDD Interface SSD. Hard Disk Capacity 2TB. Graphics Intel Integrated Graphics. Graphics Detail Info n/a. Video Memory Shared. Optical Drive No Optical Drive. USB Ports 2 Ports Type-C. Numeric Pad No. HDMI No. Backlit Keyboard Yes. Warranty International Warranty. Shipping Same Day From Lahore",HP,0.0,Laptops,Laptops,2137.5
P0183,Samsung Galaxy S7 active,Display 5.1 inches. RAM 4 GB RAM. Battery 4000 mAh. Back Camera 12 MP,https://images.priceoye.pk/samsung-galaxy-s7-active-pakistan-priceoye-270x270.webp,Samsung Galaxy S7 active Samsung Mobile Phones Smartphones Display 5.1 inches. RAM 4 GB RAM. Battery 4000 mAh. Back Camera 12 MP,Samsung,4.5,Mobile Phones,Smartphones,141.07
P0184,Acer Nitro 5 AN515-58-74TW i7-12700H 16GB 512GB SSD Gaming Laptop,"Brand Acer. Series Nitro. Screen Size 15.6"". Screen Resolution 1920 x 1080. Touchscreen No. Operating System DOS. Generation Intel 12Th Generation. Processor Type Intel Core i7. Processor Model i7-12700H. Processor Speed 3.5 GHz. Processor Turbo 4.7 GHz (Up to). Processor Cache 24 MB. RAM 16GB. HDD Interface SSD. Hard Disk Capacity 512GB SSD. Graphics Nvidia Graphics. Graphics Detail RTX3060 (Nvidia GeForce). Video Memory 6 GB. Optical Drive No Optical Drive. USB Ports 3 ports. Numeric Pad Yes. HDMI No. Backlit Keyboard Yes. Warranty 7 Day Replacement. Shipping 5 - 10 Days",https://www.shophive.com/media/catalog/product/cache/3875881abdd255ac261538b8462285e9/i/m/image-removebg-preview---2023-05-08t151929.882.jpg,"Acer Nitro 5 AN515-58-74TW i7-12700H 16GB 512GB SSD Gaming Laptop Acer Laptops Gaming Laptops Brand Acer. Series Nitro. Screen Size 15.6"". Screen Resolution 1920 x 1080. Touchscreen No. Operating System DOS. Generation Intel 12Th Generation. Processor Type Intel Core i7. Processor Model i7-12700H. Processor Speed 3.5 GHz. Processor Turbo 4.7 GHz (Up to). Processor Cache 24 MB. RAM 16GB. HDD Interface SSD. Hard Disk Capacity 512GB SSD. Graphics Nvidia Graphics. Graphics Detail RTX3060 (Nvidia GeForce). Video Memory 6 GB. Optical Drive No Optical Drive. USB Ports 3 ports. Numeric Pad Yes. HDMI No. Backlit Keyboard Yes. Warranty 7 Day Replacement. Shipping 5 - 10 Days",Acer,0.0,Laptops,Gaming Laptops,1280.35
P0185,Tecno Pop 5C,Display 6.9 Inches. RAM 4/6 GB. Battery 7000 mAh. Back Camera 48 MP,https://images.priceoye.pk/tecno-pop-5c-pakistan-priceoye-gn6j9-270x270.webp,Tecno Pop 5C Tecno Mobile Phones Smartphones Display 6.9 Inches. RAM 4/6 GB. Battery 7000 mAh. Back Camera 48 MP,Tecno,5.0,Mobile Phones,Smartphones,71.43
P0186,Realme V3,Display 6.5 Inches. RAM 6/8 GB. Battery 5000 mAh. Back Camera 13 MP + 2 MP + 2 MP,https://images.priceoye.pk/realme-v3-pakistan-priceoye-neg4r-270x270.webp,Realme V3 Realme Mobile Phones Smartphones Display 6.5 Inches. RAM 6/8 GB. Battery 5000 mAh. Back Camera 13 MP + 2 MP + 2 MP,Realme,5.0,Mobile Phones,Smartphones,160.71
P0187,Apple MacBook Pro 14 M3 Max Z1AU000BK 64GB 1TB SSD Space Black,Brand Apple. Series Macbook Pro. Screen Size 14.2''. Screen Resolution 3024 x 1964. Touchscreen No. Operating System Mac OS. Generation Apple M3 Generation. Processor Type M3 Max. Processor Model Info n/a. Processor Speed Info n/a. Processor Turbo Info n/a. Processor Cache Info n/a. RAM 64GB. HDD Interface SSD. Hard Disk Capacity 1TB SSD. Graphics Info na. Graphics Detail Info n/a. Video Memory Shared. Optical Drive No Optical Drive. USB Ports 2 Ports Type-C. Numeric Pad No. HDMI No. Backlit Keyboard Yes. Warranty Manufacturer Warranty. Shipping Same Day From Lahore,https://www.shophive.com/media/catalog/product/cache/3875881abdd255ac261538b8462285e9/m/a/macbook_5_1_1_4.jpg,Apple MacBook Pro 14 M3 Max Z1AU000BK 64GB 1TB SSD Space Black Apple Laptops MacBooks Brand Apple. Series Macbook Pro. Screen Size 14.2''. Screen Resolution 3024 x 1964. Touchscreen No. Operating System Mac OS. Generation Apple M3 Generation. Processor Type M3 Max. Processor Model Info n/a. Processor Speed Info n/a. Processor Turbo Info n/a. Processor Cache Info n/a. RAM 64GB. HDD Interface SSD. Hard Disk Capacity 1TB SSD. Graphics Info na. Graphics Detail Info n/a. Video Memory Shared. Optical Drive No Optical Drive. USB Ports 2 Ports Type-C. Numeric Pad No. HDMI No. Backlit Keyboard Yes. Warranty Manufacturer Warranty. Shipping Same Day From Lahore,Apple,0.0,Laptops,MacBooks,4500.0
P0188,Infinix hot 30 5g,Display 6.78 Inches. RAM 4/8GB RAM. Battery 6000 mAh. Back Camera 50 MP,https://images.priceoye.pk/infinix-hot-30-5g-pakistan-priceoye-3h0ye-270x270.webp,Infinix hot 30 5g Infinix Mobile Phones Smartphones Display 6.78 Inches. RAM 4/8GB RAM. Battery 6000 mAh. Back Camera 50 MP,Infinix,5.0,Mobile Phones,Smartphones,160.71
P0189,Samsung Galaxy A04e,Display 6.5 Inches. RAM 3 GB. Battery 5000 mAh. Back Camera 13 MP + 2 MP,https://images.priceoye.pk/samsung-galaxy-a04e-pakistan-priceoye-1kwpq-270x270.webp,Samsung Galaxy A04e Samsung Mobile Phones Smartphones Display 6.5 Inches. RAM 3 GB. Battery 5000 mAh. Back Camera 13 MP + 2 MP,Samsung,4.9,Mobile Phones,Smartphones,73.21
P0190,Tecno Camon i Ace2x,Display 5.5 inches. RAM 3 GB RAM. Battery 3050 mAh. Back Camera 13 MP,https://images.priceoye.pk/tecno-camon-i-ace2x-pakistan-priceoye-hlgrn-270x270.webp,Tecno Camon i Ace2x Tecno Mobile Phones Smartphones Display 5.5 inches. RAM 3 GB RAM. Battery 3050 mAh. Back Camera 13 MP,Tecno,3.5,Mobile Phones,Smartphones,50.0
P0191,Realme C33 4GB 64GB,"Brand Realme. Operating System Android. Screen Size 6.5"". Internal Memory 64GB. RAM 4GB. Main Camera Pixel 50.0. Dual Sim Yes. Warranty 1 Year Manufacturer. Shipping Same Day From Lahore. Color Black",https://www.shophive.com/media/catalog/product/cache/3875881abdd255ac261538b8462285e9/g/s/gsmarena_003_2.jpg,"Realme C33 4GB 64GB Realme Mobile Phones Smartphones Brand Realme. Operating System Android. Screen Size 6.5"". Internal Memory 64GB. RAM 4GB. Main Camera Pixel 50.0. Dual Sim Yes. Warranty 1 Year Manufacturer. Shipping Same Day From Lahore. Color Black",Realme,0.0,Mobile Phones,Smartphones,108.92
P0192,Vivo Y02t,Display 6.51 inches. RAM 4 GB. Battery 5000 mAh. Back Camera 8 MP,https://images.priceoye.pk/vivo-y02t-pakistan-priceoye-i77vm-270x270.webp,Vivo Y02t Vivo Mobile Phones Smartphones Display 6.51 inches. RAM 4 GB. Battery 5000 mAh. Back Camera 8 MP,Vivo,4.9,Mobile Phones,Smartphones,80.35
P0193,Itel Magic 3,Display 2.4 inches. RAM STANDARD. Battery 1900 mAh. Back Camera 1.3 MP,https://images.priceoye.pk/itel-magic-3-pakistan-priceoye-31zzf-270x270.webp,Itel Magic 3 Itel Mobile Phones Smartphones Display 2.4 inches. RAM STANDARD. Battery 1900 mAh. Back Camera 1.3 MP,Itel,4.9,Mobile Phones,Smartphones,19.64
P0194,Xiaomi Redmi K60 Pro,Display 6.67 Inches. RAM 8/12 GB. Battery 5000 mAh. Back Camera 108 MP + 8MP + 2MP,https://images.priceoye.pk/xiaomi-redmi-k60-pro-pakistan-priceoye-j9h5m-270x270.webp,Xiaomi Redmi K60 Pro Xiaomi Mobile Phones Smartphones Display 6.67 Inches. RAM 8/12 GB. Battery 5000 mAh. Back Camera 108 MP + 8MP + 2MP,Xiaomi,5.0,Mobile Phones,Smartphones,339.28
P0195,Vivo Z1i,Display 6.26inches. RAM 4 GB RAM. Battery 3260 mAh. Back Camera 13 MP,https://images.priceoye.pk/vivo-z1i-pakistan-priceoye-60jpr-270x270.webp,Vivo Z1i Vivo Mobile Phones Smartphones Display 6.26inches. RAM 4 GB RAM. Battery 3260 mAh. Back Camera 13 MP,Vivo,5.0,Mobile Phones,Smartphones,119.64
P0196,Vivo iQOO Neo5 SE,Display 6.67 inches. RAM 8/12 GB. Battery 4500 mAh. Back Camera 50 MP + 8 MP + 2 MP,https://images.priceoye.pk/vivo-iqoo-neo5-se-pakistan-priceoye-m37x7-270x270.webp,Vivo iQOO Neo5 SE Vivo Mobile Phones Smartphones Display 6.67 inches. RAM 8/12 GB. Battery 4500 mAh. Back Camera 50 MP + 8 MP + 2 MP,Vivo,5.0,Mobile Phones,Smartphones,250.0
P0197,Samsung Galaxy A24 4G,Display 6.5 inches. RAM 6 GB / 8 GB. Battery 5000 mAh. Back Camera 50 MP + 2 MP + 2 MP,https://images.priceoye.pk/samsung-galaxy-a24-4g-pakistan-priceoye-xym8a-270x270.webp,Samsung Galaxy A24 4G Samsung Mobile Phones Smartphones Display 6.5 inches. RAM 6 GB / 8 GB. Battery 5000 mAh. Back Camera 50 MP + 2 MP + 2 MP,Samsung,4.9,Mobile Phones,Smartphones,175.0
P0198,Xiaomi Redmi Note 13 8GB 256GB,"Brand Mi. Operating System Android. Screen Size 6.6"". Internal Memory 256GB. RAM 8GB. Main Camera Pixel 108. Dual Sim Yes. Water Resistant No. Expandable Memory No. Warranty 1 Year Manufacturer. Shipping 3 - 5 Days. Color Black",https://www.shophive.com/media/catalog/product/cache/3875881abdd255ac261538b8462285e9/i/m/image-removebg-preview_-_2024-07-11t151345.187_1.png,"Xiaomi Redmi Note 13 8GB 256GB Xiaomi Mobile Phones Smartphones Brand Mi. Operating System Android. Screen Size 6.6"". Internal Memory 256GB. RAM 8GB. Main Camera Pixel 108. Dual Sim Yes. Water Resistant No. Expandable Memory No. Warranty 1 Year Manufacturer. Shipping 3 - 5 Days. Color Black",Xiaomi,0.0,Mobile Phones,Smartphones,164.28
P0199,Xiaomi Redmi 6A,Display 5.45 inches. RAM 32GB 3 RAM. Battery 3000 mAh. Back Camera 13 MP,https://images.priceoye.pk/xiaomi-redmi-6a-pakistan-priceoye-47q8f-270x270.webp,Xiaomi Redmi 6A Xiaomi Mobile Phones Smartphones Display 5.45 inches. RAM 32GB 3 RAM. Battery 3000 mAh. Back Camera 13 MP,Xiaomi,4.0,Mobile Phones,Smartphones,64.28
P0200,Xiaomi Mi 9 Lite,Display 6.39 inches. RAM 128GB 6GB RAM UFS2.1. Battery 4030 mAh. Back Camera 32 MP,https://images.priceoye.pk/xiaomi-mi-9-lite-pakistan-priceoye-1t1rp-270x270.webp,Xiaomi Mi 9 Lite Xiaomi Mobile Phones Smartphones Display 6.39 inches. RAM 128GB 6GB RAM UFS2.1. Battery 4030 mAh. Back Camera 32 MP,Xiaomi,5.0,Mobile Phones,Smartphones,185.71
P0201,Realme 12+ 5G,Display 6.7 inches. RAM 16GB (8+8) RAM. Battery 5000 mAh. Back Camera 50 MP + 8 MP + 2MP,https://images.priceoye.pk/realme-12-plus-pakistan-priceoye-16ibw-270x270.webp,Realme 12+ 5G Realme Mobile Phones Smartphones Display 6.7 inches. RAM 16GB (8+8) RAM. Battery 5000 mAh. Back Camera 50 MP + 8 MP + 2MP,Realme,4.9,Mobile Phones,Smartphones,261.78
P0202,HP Spectre x360 Convertible 14 EF2013dx Raptor Lake i7-1355u 16GB 512GB SSD,"Brand HP. Series Spectre. Screen Size 13.5"". Screen Resolution 1920 x 1280. Touchscreen Yes. Operating System Windows 11 Home. Generation Intel 13th Generation. Processor Type Intel Core i7. Processor Model i7-1355U. Processor Speed 1.7 GHz. Processor Turbo 5.0 GHz (Up to). Processor Cache 12 MB. RAM 16GB. HDD Interface SSD. Hard Disk Capacity 512GB SSD. Graphics Intel Integrated Graphics. Graphics Detail Intel Iris XE Graphics. Video Memory Shared. Optical Drive No Optical Drive. USB Ports 2 ports. Numeric Pad No. HDMI No. Backlit Keyboard Yes. Warranty 7 Day Replacement. Shipping Same Day From Lahore",https://www.shophive.com/media/catalog/product/cache/3875881abdd255ac261538b8462285e9/i/m/image-removebg-preview---2023-05-08t135400.182.jpg,"HP Spectre x360 Convertible 14 EF2013dx Raptor Lake i7-1355u 16GB 512GB SSD HP Laptops Laptops Brand HP. Series Spectre. Screen Size 13.5"". Screen Resolution 1920 x 1280. Touchscreen Yes. Operating System Windows 11 Home. Generation Intel 13th Generation. Processor Type Intel Core i7. Processor Model i7-1355U. Processor Speed 1.7 GHz. Processor Turbo 5.0 GHz (Up to). Processor Cache 12 MB. RAM 16GB. HDD Interface SSD. Hard Disk Capacity 512GB SSD. Graphics Intel Integrated Graphics. Graphics Detail Intel Iris XE Graphics. Video Memory Shared. Optical Drive No Optical Drive. USB Ports 2 ports. Numeric Pad No. HDMI No. Backlit Keyboard Yes. Warranty 7 Day Replacement. Shipping Same Day From Lahore",HP,0.0,Laptops,Laptops,1153.57
P0203,Tecno Camon 30S,Display 6.78. RAM 8 GB. Battery 5000 mAh. Back Camera 50 MP + 2 MP,https://images.priceoye.pk/tecno-camon-v30s-pakistan-priceoye-j04wk-270x270.webp,Tecno Camon 30S Tecno Mobile Phones Smartphones Display 6.78. RAM 8 GB. Battery 5000 mAh. Back Camera 50 MP + 2 MP,Tecno,5.0,Mobile Phones,Smartphones,175.35
P0204,Vivo Y7s,Display 6.38inches. RAM 6 GB RAM. Battery 4500 mAh. Back Camera 16 MP,https://images.priceoye.pk/vivo-y7s-pakistan-priceoye-07z7j-270x270.webp,Vivo Y7s Vivo Mobile Phones Smartphones Display 6.38inches. RAM 6 GB RAM. Battery 4500 mAh. Back Camera 16 MP,Vivo,5.0,Mobile Phones,Smartphones,135.71
P0205,Vivo S9e,Display 6.44 inches. RAM 8 GB. Battery 4100 mAh. Back Camera 64 MP + 8 MP + 2 MP,https://images.priceoye.pk/vivo-s9e-pakistan-priceoye-v4e5x-270x270.webp,Vivo S9e Vivo Mobile Phones Smartphones Display 6.44 inches. RAM 8 GB. Battery 4100 mAh. Back Camera 64 MP + 8 MP + 2 MP,Vivo,5.0,Mobile Phones,Smartphones,214.28
P0206,Apple Watch Series SE 44mm GPS Starlight Aluminum Case With Starlight Sport Band (2022),Brand Apple. Shipping Same Day From Lahore,https://www.shophive.com/media/catalog/product/cache/3875881abdd255ac261538b8462285e9/i/m/image-removebg-preview---2023-02-15t171602.350_2.jpg,Apple Watch Series SE 44mm GPS Starlight Aluminum Case With Starlight Sport Band (2022) Apple Smart Watches Premium Smart Watches Brand Apple. Shipping Same Day From Lahore,Apple,0.0,Smart Watches,Premium Smart Watches,364.28
P0207,Zero Delta Smartwatch,Display 51mm. Screen Type AMOLED HD Display. Calling Yes. Battery Life Smart Battery Life,https://images.priceoye.pk/zero-delta-smartwatch-pakistan-priceoye-zhe1x-270x270.webp,Zero Delta Smartwatch Zero Smart Watches Smart Watches Display 51mm. Screen Type AMOLED HD Display. Calling Yes. Battery Life Smart Battery Life,Zero,5.0,Smart Watches,Smart Watches,31.78
P0208,Samsung Galaxy M24,Display 6.6. RAM 4 GB/ 6 GB. Battery 6000 mAh. Back Camera 50 MP + 2 MP + 2 MP,https://images.priceoye.pk/samsung-galaxy-m24-pakistan-priceoye-89zqd-270x270.webp,Samsung Galaxy M24 Samsung Mobile Phones Smartphones Display 6.6. RAM 4 GB/ 6 GB. Battery 6000 mAh. Back Camera 50 MP + 2 MP + 2 MP,Samsung,5.0,Mobile Phones,Smartphones,232.14
P0209,Dell Gaming G5 15.6 inches 11 gen Core I7-11800H NVIDIA GeFORCE RTX-3050 Ti with 4GB GDDR6 (16gb - 512gb),Display 15.6 Inches. Generation 11th Generation. Processor 4.6 GHz core_i7_family. Internal Memory ‎512 GB SSD,https://images.priceoye.pk/dell-gaming-g5-15-6-inches-11-gen-core-i7-11800h-nvidia-geforce-rtx-3050-ti-with-4gb-gddr6-16gb-512gb-pakistan-priceoye-0n13x-270x270.webp,Dell Gaming G5 15.6 inches 11 gen Core I7-11800H NVIDIA GeFORCE RTX-3050 Ti with 4GB GDDR6 (16gb - 512gb) Dell Laptops Gaming Laptops Display 15.6 Inches. Generation 11th Generation. Processor 4.6 GHz core_i7_family. Internal Memory ‎512 GB SSD,Dell,5.0,Laptops,Gaming Laptops,1180.36
P0210,realme x50 lite,Display 6.57 inches. RAM 6GB. Battery 4200 mAh. Back Camera 32MP,https://images.priceoye.pk/realme-x50-lite-pakistan-priceoye-8ep6u-270x270.webp,realme x50 lite Realme Mobile Phones Smartphones Display 6.57 inches. RAM 6GB. Battery 4200 mAh. Back Camera 32MP,Realme,5.0,Mobile Phones,Smartphones,185.71
P0211,Infinix Note 30,Display 6.78 inches. RAM 8 GB. Battery 5000 mAh. Back Camera 64 MP + 2 MP + AI Cam,https://images.priceoye.pk/infinix-note-30-pakistan-priceoye-866mi-270x270.webp,Infinix Note 30 Infinix Mobile Phones Smartphones Display 6.78 inches. RAM 8 GB. Battery 5000 mAh. Back Camera 64 MP + 2 MP + AI Cam,Infinix,4.9,Mobile Phones,Smartphones,147.85
P0212,Infinix Zero 6,Display 6.18 inches. RAM 6 GB RAM. Battery 3650 mAh. Back Camera 12 MP,https://images.priceoye.pk/infinix-zero-6-pakistan-priceoye-jlam5-270x270.webp,Infinix Zero 6 Infinix Mobile Phones Smartphones Display 6.18 inches. RAM 6 GB RAM. Battery 3650 mAh. Back Camera 12 MP,Infinix,3.0,Mobile Phones,Smartphones,160.71
P0213,Vivo V30e,Display 6.78 Inches. RAM 8 GB. Battery 5500 mAh. Back Camera 50 MP + 8 MP,https://images.priceoye.pk/vivo-v30e-pakistan-priceoye-e9bd7-270x270.webp,Vivo V30e Vivo Mobile Phones Smartphones Display 6.78 Inches. RAM 8 GB. Battery 5500 mAh. Back Camera 50 MP + 8 MP,Vivo,5.0,Mobile Phones,Smartphones,342.85
P0214,Lenovo ThinkBook 16 G7 Intel Core Ultra 5 125U 8GB 512GB SSD,"Brand Lenovo. Series ThinkBook. Screen Size 16"". Screen Resolution 1920 x 1200. Touchscreen No. Operating System DOS. Generation Info n/a. Processor Type No info. Processor Model Info n/a. Processor Speed 1.3 GHz. Processor Turbo 4.3 GHz (Up to). Processor Cache 12 MB. RAM 8GB. HDD Interface SSD. Hard Disk Capacity 512GB SSD. Graphics Intel Integrated Graphics. Graphics Detail Info n/a. Video Memory Shared. Optical Drive No Optical Drive. USB Ports 2 ports. Numeric Pad Yes. HDMI Yes. Backlit Keyboard Yes. Warranty 1 Year Manufacturer. Shipping Same Day From Lahore",https://www.shophive.com/media/catalog/product/cache/3875881abdd255ac261538b8462285e9/l/a/laptop_29_12.jpg,"Lenovo ThinkBook 16 G7 Intel Core Ultra 5 125U 8GB 512GB SSD Lenovo Laptops Laptops Brand Lenovo. Series ThinkBook. Screen Size 16"". Screen Resolution 1920 x 1200. Touchscreen No. Operating System DOS. Generation Info n/a. Processor Type No info. Processor Model Info n/a. Processor Speed 1.3 GHz. Processor Turbo 4.3 GHz (Up to). Processor Cache 12 MB. RAM 8GB. HDD Interface SSD. Hard Disk Capacity 512GB SSD. Graphics Intel Integrated Graphics. Graphics Detail Info n/a. Video Memory Shared. Optical Drive No Optical Drive. USB Ports 2 ports. Numeric Pad Yes. HDMI Yes. Backlit Keyboard Yes. Warranty 1 Year Manufacturer. Shipping Same Day From Lahore",Lenovo,0.0,Laptops,Laptops,714.28
P0215,Itel A14 Max,Display 4.0 Inches. RAM 512MB. Battery 3000 mAh. Back Camera 2 MP,https://images.priceoye.pk/itel-a14-max-pakistan-priceoye-tvmx7-270x270.webp,Itel A14 Max Itel Mobile Phones Smartphones Display 4.0 Inches. RAM 512MB. Battery 3000 mAh. Back Camera 2 MP,Itel,5.0,Mobile Phones,Smartphones,16.43
P0216,Xiaomi Mi 9X,Display 6.39 inches. RAM 6 GB RAM. Battery 3300 mAh. Back Camera N/A,https://images.priceoye.pk/xiaomi-mi-9-pakistan-priceoye-1jf6v-270x270.webp,Xiaomi Mi 9X Xiaomi Mobile Phones Smartphones Display 6.39 inches. RAM 6 GB RAM. Battery 3300 mAh. Back Camera N/A,Xiaomi,4.0,Mobile Phones,Smartphones,246.43
P0217,"Apple Macbook Pro M4 Pro 2024 16.2"" 48GB 512GB SSD Silver MX2U3",Brand Apple. Series Macbook Pro. Screen Size 16.2''. Screen Resolution 3456 x 2234. Touchscreen No. Operating System Mac OS. Generation Apple M4 Generation. Processor Type M4 Pro. Processor Model Info n/a. Processor Speed Info n/a. Processor Turbo Info n/a. Processor Cache Info n/a. RAM 48GB. HDD Interface SSD. Hard Disk Capacity 512GB SSD. Graphics Info na. Graphics Detail Info n/a. Video Memory Shared. Optical Drive No Optical Drive. USB Ports 3 Ports Type-C. Numeric Pad No. HDMI Yes. Backlit Keyboard Yes. Warranty Manufacturer Warranty. Shipping Same Day From Lahore,https://www.shophive.com/media/catalog/product/cache/3875881abdd255ac261538b8462285e9/m/a/mac_7_1_1_2.png,"Apple Macbook Pro M4 Pro 2024 16.2"" 48GB 512GB SSD Silver MX2U3 Apple Laptops MacBooks Brand Apple. Series Macbook Pro. Screen Size 16.2''. Screen Resolution 3456 x 2234. Touchscreen No. Operating System Mac OS. Generation Apple M4 Generation. Processor Type M4 Pro. Processor Model Info n/a. Processor Speed Info n/a. Processor Turbo Info n/a. Processor Cache Info n/a. RAM 48GB. HDD Interface SSD. Hard Disk Capacity 512GB SSD. Graphics Info na. Graphics Detail Info n/a. Video Memory Shared. Optical Drive No Optical Drive. USB Ports 3 Ports Type-C. Numeric Pad No. HDMI Yes. Backlit Keyboard Yes. Warranty Manufacturer Warranty. Shipping Same Day From Lahore",Apple,0.0,Laptops,MacBooks,2767.85
P0218,HP ProBook 450 G10 i5-1335U 8GB 512GB SSD 1Y,"Brand HP. Series ProBook. Screen Size 15.6"". Screen Resolution 1920 x 1080. Touchscreen No. Operating System DOS. Generation Intel 13th Generation. Processor Type Intel Core i5. Processor Model Info n/a. Processor Speed 3.4 GHz. Processor Turbo 4.6 GHz (Up to). Processor Cache 12 MB. RAM 8GB. HDD Interface SSD. Hard Disk Capacity 512GB SSD. Graphics Intel Integrated Graphics. Graphics Detail Intel Iris XE Graphics. Video Memory Shared. Optical Drive No Optical Drive. USB Ports 3 ports. Numeric Pad Yes. HDMI Yes. Backlit Keyboard Yes. Warranty 1 Year Manufacturer. Shipping Same Day From Lahore",https://www.shophive.com/media/catalog/product/cache/3875881abdd255ac261538b8462285e9/l/a/laptop_46_3.jpg,"HP ProBook 450 G10 i5-1335U 8GB 512GB SSD 1Y HP Laptops Business Laptops Brand HP. Series ProBook. Screen Size 15.6"". Screen Resolution 1920 x 1080. Touchscreen No. Operating System DOS. Generation Intel 13th Generation. Processor Type Intel Core i5. Processor Model Info n/a. Processor Speed 3.4 GHz. Processor Turbo 4.6 GHz (Up to). Processor Cache 12 MB. RAM 8GB. HDD Interface SSD. Hard Disk Capacity 512GB SSD. Graphics Intel Integrated Graphics. Graphics Detail Intel Iris XE Graphics. Video Memory Shared. Optical Drive No Optical Drive. USB Ports 3 ports. Numeric Pad Yes. HDMI Yes. Backlit Keyboard Yes. Warranty 1 Year Manufacturer. Shipping Same Day From Lahore",HP,0.0,Laptops,Business Laptops,691.07
P0219,Infinix Note 30 5G,Display 6.78 inches. RAM 8 GB. Battery 5000 mAh. Back Camera 108 MP + 2 MP + QVGA,https://images.priceoye.pk/infinix-note-30-5g-pakistan-priceoye-i0it7-270x270.webp,Infinix Note 30 5G Infinix Mobile Phones Smartphones Display 6.78 inches. RAM 8 GB. Battery 5000 mAh. Back Camera 108 MP + 2 MP + QVGA,Infinix,5.0,Mobile Phones,Smartphones,267.85
P0220,Vivo Y3s (2021),Display 6.51 inches. RAM 32GB 2GB RAM. Battery 5000 mAh. Back Camera 13 MP,https://images.priceoye.pk/vivo-y3s-2021-pakistan-priceoye-l011b-270x270.webp,Vivo Y3s (2021) Vivo Mobile Phones Smartphones Display 6.51 inches. RAM 32GB 2GB RAM. Battery 5000 mAh. Back Camera 13 MP,Vivo,5.0,Mobile Phones,Smartphones,71.43
P0221,Samsung Galaxy Tab S9 FE+ X610 12GB 256GB,"Brand Samsung. Operating System Android. RAM 12GB. Screen Size 12.4"". Warranty Check at Delivery. Internal Memory 256GB. Expandable Memory No. Phone Option No. Shipping 24 - 48 hrs",https://www.shophive.com/media/catalog/product/cache/3875881abdd255ac261538b8462285e9/t/a/tab_5_1_1.jpg,"Samsung Galaxy Tab S9 FE+ X610 12GB 256GB Samsung Tablets Android Tablets Brand Samsung. Operating System Android. RAM 12GB. Screen Size 12.4"". Warranty Check at Delivery. Internal Memory 256GB. Expandable Memory No. Phone Option No. Shipping 24 - 48 hrs",Samsung,0.0,Tablets,Android Tablets,542.85
P0222,Asus Rog Strix G17 G713PI-9321G Ryzen 9 7845HX 32GB 1TB SSD Gaming Laptop,"Brand Asus. Series Strix. Screen Size 17.3"". Screen Resolution 1920 x 1080. Touchscreen No. Operating System Windows 11 Home. Generation AMD Ryzen Generation. Processor Type AMD Ryzen 9. Processor Model Info n/a. Processor Speed 3.0 GHz. Processor Turbo 5.1GHz. Processor Cache 64MB. RAM 32GB. HDD Interface SSD. Hard Disk Capacity 1TB SSD. Graphics Nvidia Graphics. Graphics Detail RTX 4070 (Nvidia GeForce). Video Memory 8 GB. Optical Drive No Optical Drive. USB Ports 2 ports. Numeric Pad Yes. HDMI Yes. Backlit Keyboard Yes. Warranty International Warranty. Shipping 5 - 10 Days",https://www.shophive.com/media/catalog/product/cache/3875881abdd255ac261538b8462285e9/l/a/laptop_117.jpg,"Asus Rog Strix G17 G713PI-9321G Ryzen 9 7845HX 32GB 1TB SSD Gaming Laptop Asus Laptops Gaming Laptops Brand Asus. Series Strix. Screen Size 17.3"". Screen Resolution 1920 x 1080. Touchscreen No. Operating System Windows 11 Home. Generation AMD Ryzen Generation. Processor Type AMD Ryzen 9. Processor Model Info n/a. Processor Speed 3.0 GHz. Processor Turbo 5.1GHz. Processor Cache 64MB. RAM 32GB. HDD Interface SSD. Hard Disk Capacity 1TB SSD. Graphics Nvidia Graphics. Graphics Detail RTX 4070 (Nvidia GeForce). Video Memory 8 GB. Optical Drive No Optical Drive. USB Ports 2 ports. Numeric Pad Yes. HDMI Yes. Backlit Keyboard Yes. Warranty International Warranty. Shipping 5 - 10 Days",Asus,0.0,Laptops,Gaming Laptops,2253.57
P0223,Dell Inspiron 14-7440 CORE7 150U,Display 14 inch. Generation N/A. Processor Intel Core 7. Internal Memory 512gb,https://images.priceoye.pk/dell-inspiron-14-7440-core7-150u-pakistan-priceoye-jqfwq-270x270.webp,Dell Inspiron 14-7440 CORE7 150U Dell Laptops Laptops Display 14 inch. Generation N/A. Processor Intel Core 7. Internal Memory 512gb,Dell,5.0,Laptops,Laptops,875.0
P0224,Xiaomi Redmi Note 14 8GB 128GB,"Brand Mi. Operating System Android. Screen Size 6.6"". Internal Memory 128GB. RAM 8GB. Main Camera Pixel 50.0. Dual Sim Yes. Water Resistant Yes. Expandable Memory Yes. Warranty 1 Year Manufacturer. Shipping 3 - 5 Days. Color Black",https://www.shophive.com/media/catalog/product/cache/3875881abdd255ac261538b8462285e9/x/i/xiaomi-redmi-note-14-pakistan-priceoye-zper5-removebg-preview_1.jpg,"Xiaomi Redmi Note 14 8GB 128GB Xiaomi Mobile Phones Smartphones Brand Mi. Operating System Android. Screen Size 6.6"". Internal Memory 128GB. RAM 8GB. Main Camera Pixel 50.0. Dual Sim Yes. Water Resistant Yes. Expandable Memory Yes. Warranty 1 Year Manufacturer. Shipping 3 - 5 Days. Color Black",Xiaomi,0.0,Mobile Phones,Smartphones,176.78
P0225,Infinix Zero 40 4G 8GB 256GB,"Brand Infinix. Operating System Android. Screen Size 6.7"". Internal Memory 256GB. RAM 8GB. Main Camera Pixel 108. Dual Sim Yes. Water Resistant Yes. Expandable Memory No. Warranty 1 Year Manufacturer. Shipping 3 - 5 Days. Color Black",https://www.shophive.com/media/catalog/product/cache/3875881abdd255ac261538b8462285e9/i/m/image-removebg-preview_-_2024-09-21t155816.505.jpg,"Infinix Zero 40 4G 8GB 256GB Infinix Mobile Phones Smartphones Brand Infinix. Operating System Android. Screen Size 6.7"". Internal Memory 256GB. RAM 8GB. Main Camera Pixel 108. Dual Sim Yes. Water Resistant Yes. Expandable Memory No. Warranty 1 Year Manufacturer. Shipping 3 - 5 Days. Color Black",Infinix,0.0,Mobile Phones,Smartphones,235.71
P0226,Apple Airpods Max Wireless Headphones MGYN3AM,Brand Apple. Wireless Yes. Noise Cancelling Yes. Mic Yes. Warranty 7 Day Replacement. Shipping 24 - 48 hrs,https://www.shophive.com/media/catalog/product/cache/3875881abdd255ac261538b8462285e9/d/e/design_colors_green_front__cqpeugza9as2_large-removebg-preview.jpg,Apple Airpods Max Wireless Headphones MGYN3AM Apple Earbuds AirPods Brand Apple. Wireless Yes. Noise Cancelling Yes. Mic Yes. Warranty 7 Day Replacement. Shipping 24 - 48 hrs,Apple,0.0,Earbuds,AirPods,535.71
P0227,Apple Macbook Pro MRX33 M3 Pro 14 (18GB-512GB) Black,Display 14 inches. Generation M3. Processor M3 Pro. Internal Memory 512GB,https://images.priceoye.pk/apple-macbook-pro-mrx33-m3-pro-14-18gb-512gb-black-pakistan-priceoye-edn01-270x270.webp,Apple Macbook Pro MRX33 M3 Pro 14 (18GB-512GB) Black Apple Laptops MacBooks Display 14 inches. Generation M3. Processor M3 Pro. Internal Memory 512GB,Apple,5.0,Laptops,MacBooks,1982.14
P0228,HP ENVY x360 14 ES1023dx 14th Gen Core 7 (16GB-512GB),Display 14 inches. Generation Intel Core 7. Processor Intel(R) Core(TM) 7 150U 1.80 Ghz. Internal Memory 512 GB PCIe® NVMe™ M.2 SSD,https://images.priceoye.pk/hp-envy-x360-14-es1023dx-14th-gen-ultra-7-16gb-512gb-pakistan-priceoye-lwjl7-270x270.webp,HP ENVY x360 14 ES1023dx 14th Gen Core 7 (16GB-512GB) HP Laptops Laptops Display 14 inches. Generation Intel Core 7. Processor Intel(R) Core(TM) 7 150U 1.80 Ghz. Internal Memory 512 GB PCIe® NVMe™ M.2 SSD,HP,5.0,Laptops,Laptops,744.64
P0229,Samsung Galaxy M23,Display 6.6 Inches. RAM 4 GB. Battery 5000 mAh. Back Camera 50 MP + 8 MP + 2 MP,https://images.priceoye.pk/samsung-galaxy-m23-pakistan-priceoye-lgspd-270x270.webp,Samsung Galaxy M23 Samsung Mobile Phones Smartphones Display 6.6 Inches. RAM 4 GB. Battery 5000 mAh. Back Camera 50 MP + 8 MP + 2 MP,Samsung,5.0,Mobile Phones,Smartphones,160.71
P0230,Tecno Pop 2F,Display 5.45 inches. RAM 1GB RAM. Battery 2400 mAh. Back Camera 5 MP,https://images.priceoye.pk/tecno-pop-2f-pakistan-priceoye-h6w9u-270x270.webp,Tecno Pop 2F Tecno Mobile Phones Smartphones Display 5.45 inches. RAM 1GB RAM. Battery 2400 mAh. Back Camera 5 MP,Tecno,4.5,Mobile Phones,Smartphones,26.07
P0231,Samsung Galaxy S8,Display 5.8 inches. RAM 4 GB RAM. Battery 300011.55 mAh. Back Camera 12 MP,https://images.priceoye.pk/samsung-galaxy-s8-pakistan-priceoye-k3gxa-270x270.webp,Samsung Galaxy S8 Samsung Mobile Phones Smartphones Display 5.8 inches. RAM 4 GB RAM. Battery 300011.55 mAh. Back Camera 12 MP,Samsung,5.0,Mobile Phones,Smartphones,285.71
P0232,Oppo Reno 8 Pro,Display 6.55 Inches. RAM 12 GB. Battery 4500 mAh. Back Camera 108 MP + 13 MP + 8 MP + 5 MP,https://images.priceoye.pk/oppo-reno-8-pro-pakistan-priceoye-acd4b-270x270.webp,Oppo Reno 8 Pro Oppo Mobile Phones Smartphones Display 6.55 Inches. RAM 12 GB. Battery 4500 mAh. Back Camera 108 MP + 13 MP + 8 MP + 5 MP,Oppo,5.0,Mobile Phones,Smartphones,382.14
P0233,"Apple MacBook Air MGN63 M1 13.3"" 256GB 2020 (Approved Used)","Brand Apple. Series Macbook Air. Screen Size 13.3"". Screen Resolution 2560 x 1600. Touchscreen No. Operating System Apple iOS. Generation Apple M1 Generation. Processor Type M1. Processor Model Info n/a. Processor Speed Info n/a. Processor Turbo Info n/a. Processor Cache Info n/a. RAM 8GB. HDD Interface SSD. Hard Disk Capacity 256GB SSD. Graphics Info na. Graphics Detail Intel UHD Graphics. Video Memory Shared. Optical Drive No Optical Drive. USB Ports 2 Ports Type-C. Numeric Pad No. HDMI No. Backlit Keyboard Yes. Warranty Check at Delivery. Shipping Same Day From Lahore",https://www.shophive.com/media/catalog/product/cache/3875881abdd255ac261538b8462285e9/m/a/macbook-air-space-gray-select-201810_4.jpg,"Apple MacBook Air MGN63 M1 13.3"" 256GB 2020 (Approved Used) Apple Laptops MacBooks Brand Apple. Series Macbook Air. Screen Size 13.3"". Screen Resolution 2560 x 1600. Touchscreen No. Operating System Apple iOS. Generation Apple M1 Generation. Processor Type M1. Processor Model Info n/a. Processor Speed Info n/a. Processor Turbo Info n/a. Processor Cache Info n/a. RAM 8GB. HDD Interface SSD. Hard Disk Capacity 256GB SSD. Graphics Info na. Graphics Detail Intel UHD Graphics. Video Memory Shared. Optical Drive No Optical Drive. USB Ports 2 Ports Type-C. Numeric Pad No. HDMI No. Backlit Keyboard Yes. Warranty Check at Delivery. Shipping Same Day From Lahore",Apple,0.0,Laptops,MacBooks,803.57
P0234,Oppo N3,Display 5.5 inches. RAM 2 GB RAM. Battery 3000 mAh. Back Camera 16 MP,https://images.priceoye.pk/oppo-n3-pakistan-priceoye-270x270.webp,Oppo N3 Oppo Mobile Phones Smartphones Display 5.5 inches. RAM 2 GB RAM. Battery 3000 mAh. Back Camera 16 MP,Oppo,5.0,Mobile Phones,Smartphones,249.64
P0235,Samsung Galaxy W20 5G,Display 7.3 Inches. RAM 12 GB. Battery 4235 mAh. Back Camera 16 MP,https://images.priceoye.pk/samsung-galaxy-w20-pakistan-priceoye-i49m0-270x270.webp,Samsung Galaxy W20 5G Samsung Mobile Phones Smartphones Display 7.3 Inches. RAM 12 GB. Battery 4235 mAh. Back Camera 16 MP,Samsung,5.0,Mobile Phones,Smartphones,1125.0
P0236,Tecno Pop 2 Power,Display 5.5inches. RAM 1 GB RAM. Battery 4000 mAh. Back Camera 5 MP,https://images.priceoye.pk/tecno-pop-2-power-pakistan-priceoye-cmdd2-270x270.webp,Tecno Pop 2 Power Tecno Mobile Phones Smartphones Display 5.5inches. RAM 1 GB RAM. Battery 4000 mAh. Back Camera 5 MP,Tecno,5.0,Mobile Phones,Smartphones,42.85
P0237,Tecno Camon 20 Pro,Display 6.67 inches. RAM 8 GB. Battery 5000 mAh. Back Camera 64 MP + 2 MP + AI Cam,https://images.priceoye.pk/tecno-camon-20-pro-pakistan-priceoye-ykax8-270x270.webp,Tecno Camon 20 Pro Tecno Mobile Phones Smartphones Display 6.67 inches. RAM 8 GB. Battery 5000 mAh. Back Camera 64 MP + 2 MP + AI Cam,Tecno,4.9,Mobile Phones,Smartphones,157.14
P0238,Samsung Galaxy A73,Display 6.7 Inches. RAM 8 GB. Battery 5000 mAh. Back Camera 108 MP + 12 MP + 5 MP + 5 MP,https://images.priceoye.pk/samsung-galaxy-a73-pakistan-priceoye-1x21k-270x270.webp,Samsung Galaxy A73 Samsung Mobile Phones Smartphones Display 6.7 Inches. RAM 8 GB. Battery 5000 mAh. Back Camera 108 MP + 12 MP + 5 MP + 5 MP,Samsung,4.9,Mobile Phones,Smartphones,612.5
P0239,Samsung Galaxy J3 Prime,Display 5.0 inches. RAM 16GB 2GB RAM. Battery 2600 mAh. Back Camera 8 MP,https://images.priceoye.pk/samsung-galaxy-j3-prime-pakistan-priceoye-270x270.webp,Samsung Galaxy J3 Prime Samsung Mobile Phones Smartphones Display 5.0 inches. RAM 16GB 2GB RAM. Battery 2600 mAh. Back Camera 8 MP,Samsung,4.0,Mobile Phones,Smartphones,112.5
P0240,Xiaomi Mi Mix 3 5G,Display 6.39 inches. RAM 6 GB RAM. Battery 3800 mAh. Back Camera 12 MP,https://images.priceoye.pk/xiaomi-mi-mix-3-5g-pakistan-priceoye-04pib-270x270.webp,Xiaomi Mi Mix 3 5G Xiaomi Mobile Phones Smartphones Display 6.39 inches. RAM 6 GB RAM. Battery 3800 mAh. Back Camera 12 MP,Xiaomi,3.8,Mobile Phones,Smartphones,321.43
P0241,Apple Airpods Max Wireless Headphones MGYL3AM,Brand Apple. Wireless Yes. Noise Cancelling Yes. Mic Yes. Warranty 7 Day Replacement. Shipping 24 - 48 hrs,https://www.shophive.com/media/catalog/product/cache/3875881abdd255ac261538b8462285e9/d/e/design_colors_blue_front__ddfias5frxqq_large-removebg-preview_1.jpg,Apple Airpods Max Wireless Headphones MGYL3AM Apple Earbuds AirPods Brand Apple. Wireless Yes. Noise Cancelling Yes. Mic Yes. Warranty 7 Day Replacement. Shipping 24 - 48 hrs,Apple,0.0,Earbuds,AirPods,535.71
P0242,Dell Vostro 3520 12th Gen Core i5 15.6 inches (8GB-512GB),Display 15.6 inches. Generation 12th Generation. Processor 1235U processor. Internal Memory 512GB PCIe NVMe M.2 Solid State Drive,https://images.priceoye.pk/dell-vostro-3520-12th-gen-core-i5-15-6-inches-8gb-512gb-pakistan-priceoye-gmwvh-270x270.webp,Dell Vostro 3520 12th Gen Core i5 15.6 inches (8GB-512GB) Dell Laptops Laptops Display 15.6 inches. Generation 12th Generation. Processor 1235U processor. Internal Memory 512GB PCIe NVMe M.2 Solid State Drive,Dell,5.0,Laptops,Laptops,469.64
P0243,Samsung Galaxy S9,Display 5.8 inches. RAM 4 GB RAM. Battery 300011.55 mAh. Back Camera 12 MP,https://images.priceoye.pk/samsung-galaxy-s9-pakistan-priceoye-ihodv-270x270.webp,Samsung Galaxy S9 Samsung Mobile Phones Smartphones Display 5.8 inches. RAM 4 GB RAM. Battery 300011.55 mAh. Back Camera 12 MP,Samsung,4.2,Mobile Phones,Smartphones,325.0
P0244,Xiaomi Black Shark 2,Display 6.39 inches. RAM 8/12 GB RAM 128 GB 6/8 GB RAM. Battery 4000 mAh. Back Camera 48 MP,https://images.priceoye.pk/xiaomi-black-shark-2-pakistan-priceoye-1zr29-270x270.webp,Xiaomi Black Shark 2 Xiaomi Mobile Phones Smartphones Display 6.39 inches. RAM 8/12 GB RAM 128 GB 6/8 GB RAM. Battery 4000 mAh. Back Camera 48 MP,Xiaomi,3.8,Mobile Phones,Smartphones,257.14
P0245,Xiaomi Mi A2 Lite,Display 5.84 inches. RAM 4 GB RAM OR 32 GB 3 GB RAM. Battery 4000 mAh. Back Camera 12 MP,https://images.priceoye.pk/xiaomi-mi-a2-lite-pakistan-priceoye-ycbqw-270x270.webp,Xiaomi Mi A2 Lite Xiaomi Mobile Phones Smartphones Display 5.84 inches. RAM 4 GB RAM OR 32 GB 3 GB RAM. Battery 4000 mAh. Back Camera 12 MP,Xiaomi,4.0,Mobile Phones,Smartphones,82.14
P0246,itel S17,Display 6.6 Inches. RAM 1 GB. Battery 5000 mAh. Back Camera 8 MP + 3 MP,https://images.priceoye.pk/itel-s17-pakistan-priceoye-ahpsu-270x270.webp,itel S17 Itel Mobile Phones Smartphones Display 6.6 Inches. RAM 1 GB. Battery 5000 mAh. Back Camera 8 MP + 3 MP,Itel,5.0,Mobile Phones,Smartphones,67.85
P0247,Realme Q3,Display 6.5 inches. RAM 6/8 GB. Battery 5000 mAh. Back Camera 48 MP + 8 MP + 2 MP,https://images.priceoye.pk/realme-q3-pakistan-priceoye-7m6ef-270x270.webp,Realme Q3 Realme Mobile Phones Smartphones Display 6.5 inches. RAM 6/8 GB. Battery 5000 mAh. Back Camera 48 MP + 8 MP + 2 MP,Realme,5.0,Mobile Phones,Smartphones,171.43
P0248,Oppo Reno2,Display 6.5 inches. RAM 256GB 8GB RAM. Battery 4000 mAh. Back Camera null,https://images.priceoye.pk/oppo-reno2-pakistan-priceoye-nr15h-270x270.webp,Oppo Reno2 Oppo Mobile Phones Smartphones Display 6.5 inches. RAM 256GB 8GB RAM. Battery 4000 mAh. Back Camera null,Oppo,5.0,Mobile Phones,Smartphones,285.71
P0249,Dell Vostro 15 3530 Laptop Core™ i7-1355U (16GB-512GB),Display 15.6. Generation 13th Generation. Processor 13th Gen Core i7 1335u Raptor Lake Processor (12 MB Intel Smart Cache). Internal Memory 512 GB,https://images.priceoye.pk/dell-vostro-15-3530-laptop-core-i7-1355u-16gb-512gb-pakistan-priceoye-fa5a3-270x270.webp,Dell Vostro 15 3530 Laptop Core™ i7-1355U (16GB-512GB) Dell Laptops Laptops Display 15.6. Generation 13th Generation. Processor 13th Gen Core i7 1335u Raptor Lake Processor (12 MB Intel Smart Cache). Internal Memory 512 GB,Dell,5.0,Laptops,Laptops,619.64
P0250,HP Victus 15-FA0212TX 12th Gen Core i7 15.6 inches (16GB-512GB),Display 15.6 inches. Generation 12th Generation. Processor 12650h proceessor. Internal Memory 512 GB PCIe® Gen4 NVMe™ TLC M.2 SSD,https://images.priceoye.pk/hp-victus-15-fa0212tx-12th-gen-core-i7-15-6-inches-16gb-512gb-pakistan-priceoye-1nyj3-270x270.webp,HP Victus 15-FA0212TX 12th Gen Core i7 15.6 inches (16GB-512GB) HP Laptops Laptops Display 15.6 inches. Generation 12th Generation. Processor 12650h proceessor. Internal Memory 512 GB PCIe® Gen4 NVMe™ TLC M.2 SSD,HP,5.0,Laptops,Laptops,1021.42
P0251,Zero Luna Smart Watch,Display 35 mm. Screen Type TFT Display. Calling Yes. Battery Life 7 Days Typical Usage Time,https://images.priceoye.pk/zero-luna-smart-watch-pakistan-priceoye-jn41k-270x270.webp,Zero Luna Smart Watch Zero Smart Watches Smart Watches Display 35 mm. Screen Type TFT Display. Calling Yes. Battery Life 7 Days Typical Usage Time,Zero,4.7,Smart Watches,Smart Watches,19.64
P0252,Vivo Y20s,Display 6.51 inches. RAM 4 GB. Battery 5000 mAh. Back Camera 13 MP + 2 MP + 2 MP,https://images.priceoye.pk/vivo-y20s-pakistan-priceoye-5cdoh-270x270.webp,Vivo Y20s Vivo Mobile Phones Smartphones Display 6.51 inches. RAM 4 GB. Battery 5000 mAh. Back Camera 13 MP + 2 MP + 2 MP,Vivo,5.0,Mobile Phones,Smartphones,107.14
P0253,Infinix Hot 20i,Display 6.6 Inches. RAM 3/4GB. Battery 5000 mAh. Back Camera 13MP AF Triple Camera,https://images.priceoye.pk/infinix-hot-20i-pakistan-priceoye-dnk0o-270x270.webp,Infinix Hot 20i Infinix Mobile Phones Smartphones Display 6.6 Inches. RAM 3/4GB. Battery 5000 mAh. Back Camera 13MP AF Triple Camera,Infinix,4.9,Mobile Phones,Smartphones,91.07
P0254,Oppo A1,Display 5.7 inches. RAM 4GB RAM. Battery 3180 mAh. Back Camera 13 MP,https://images.priceoye.pk/oppo-a1-pakistan-priceoye-axqwp-270x270.webp,Oppo A1 Oppo Mobile Phones Smartphones Display 5.7 inches. RAM 4GB RAM. Battery 3180 mAh. Back Camera 13 MP,Oppo,5.0,Mobile Phones,Smartphones,98.21
P0255,Vivo Nex 2,Display 6.4 inches. RAM 3 GB RAM. Battery 4000 mAh. Back Camera 13 MP,https://images.priceoye.pk/vivo-nex-2-pakistan-priceoye-losjd-270x270.webp,Vivo Nex 2 Vivo Mobile Phones Smartphones Display 6.4 inches. RAM 3 GB RAM. Battery 4000 mAh. Back Camera 13 MP,Vivo,5.0,Mobile Phones,Smartphones,535.71
P0256,Infinix Smart 3 Plus,Display 6.21 inches. RAM 2 GB RAM. Battery 3500 mAh. Back Camera 13 MP,https://images.priceoye.pk/infinix-smart-3-plus-pakistan-priceoye-86c55-270x270.webp,Infinix Smart 3 Plus Infinix Mobile Phones Smartphones Display 6.21 inches. RAM 2 GB RAM. Battery 3500 mAh. Back Camera 13 MP,Infinix,4.0,Mobile Phones,Smartphones,55.35
P0257,Oppo F3 Plus,Display 6.0 inches. RAM 4 GB RAM OR 64 GB 6 GB RAM (INDIA ONLY). Battery 4000 mAh. Back Camera 16 MP,https://images.priceoye.pk/oppo-f3-plus-pakistan-priceoye-c5vnw-270x270.webp,Oppo F3 Plus Oppo Mobile Phones Smartphones Display 6.0 inches. RAM 4 GB RAM OR 64 GB 6 GB RAM (INDIA ONLY). Battery 4000 mAh. Back Camera 16 MP,Oppo,3.0,Mobile Phones,Smartphones,134.64
P0258,"Apple Macbook Pro M4 Pro 2024 14.2"" 24GB 512GB SSD Space Black MX2H3",Brand Apple. Series Macbook Pro. Screen Size 14.2''. Screen Resolution 3024 x 1964. Touchscreen No. Operating System Mac OS. Generation Apple M4 Generation. Processor Type M4 Pro. Processor Model Info n/a. Processor Speed Info n/a. Processor Turbo Info n/a. Processor Cache Info n/a. RAM 24GB. HDD Interface SSD. Hard Disk Capacity 512GB SSD. Graphics Info na. Graphics Detail Info n/a. Video Memory Shared. Optical Drive No Optical Drive. USB Ports 3 Ports Type-C. Numeric Pad No. HDMI Yes. Backlit Keyboard Yes. Warranty Manufacturer Warranty. Shipping 2 - 4 Days,https://www.shophive.com/media/catalog/product/cache/3875881abdd255ac261538b8462285e9/m/a/mac_1_2_3.png,"Apple Macbook Pro M4 Pro 2024 14.2"" 24GB 512GB SSD Space Black MX2H3 Apple Laptops MacBooks Brand Apple. Series Macbook Pro. Screen Size 14.2''. Screen Resolution 3024 x 1964. Touchscreen No. Operating System Mac OS. Generation Apple M4 Generation. Processor Type M4 Pro. Processor Model Info n/a. Processor Speed Info n/a. Processor Turbo Info n/a. Processor Cache Info n/a. RAM 24GB. HDD Interface SSD. Hard Disk Capacity 512GB SSD. Graphics Info na. Graphics Detail Info n/a. Video Memory Shared. Optical Drive No Optical Drive. USB Ports 3 Ports Type-C. Numeric Pad No. HDMI Yes. Backlit Keyboard Yes. Warranty Manufacturer Warranty. Shipping 2 - 4 Days",Apple,0.0,Laptops,MacBooks,2000.0
P0259,Lenovo Legion Pro 5 AI-Tuned Raptor Lake i7-13700HX 32GB 1TB SSD Gaming Laptop,"Brand Lenovo. Series Legion. Screen Size 16"". Screen Resolution 2560 x 1600. Touchscreen No. Operating System DOS. Generation Intel 13th Generation. Processor Type Intel Core i7. Processor Model Info n/a. Processor Speed 3.6 GHz. Processor Turbo 5.0 GHz (Up to). Processor Cache Info n/a. RAM 32GB. HDD Interface SSD. Hard Disk Capacity 1TB SSD. Graphics Nvidia Graphics. Graphics Detail Info n/a. Video Memory 8 GB. Optical Drive No Optical Drive. USB Ports 3 ports. Numeric Pad Yes. HDMI Yes. Backlit Keyboard Yes. Warranty 1 Year Manufacturer. Shipping Same Day From Lahore",https://www.shophive.com/media/catalog/product/cache/3875881abdd255ac261538b8462285e9/l/a/laptop_26.jpg,"Lenovo Legion Pro 5 AI-Tuned Raptor Lake i7-13700HX 32GB 1TB SSD Gaming Laptop Lenovo Laptops Gaming Laptops Brand Lenovo. Series Legion. Screen Size 16"". Screen Resolution 2560 x 1600. Touchscreen No. Operating System DOS. Generation Intel 13th Generation. Processor Type Intel Core i7. Processor Model Info n/a. Processor Speed 3.6 GHz. Processor Turbo 5.0 GHz (Up to). Processor Cache Info n/a. RAM 32GB. HDD Interface SSD. Hard Disk Capacity 1TB SSD. Graphics Nvidia Graphics. Graphics Detail Info n/a. Video Memory 8 GB. Optical Drive No Optical Drive. USB Ports 3 ports. Numeric Pad Yes. HDMI Yes. Backlit Keyboard Yes. Warranty 1 Year Manufacturer. Shipping Same Day From Lahore",Lenovo,0.0,Laptops,Gaming Laptops,2217.85
P0260,Apple AirPods 4 2024 (MXP63),Brand Apple. Wireless Yes. Noise Cancelling No. Mic Yes. In-Ear Yes. Warranty Manufacturer Warranty. Shipping Same Day From Lahore,https://www.shophive.com/media/catalog/product/cache/3875881abdd255ac261538b8462285e9/i/m/image-removebg-preview_-_2024-09-10t162141.439_1.jpg,Apple AirPods 4 2024 (MXP63) Apple Earbuds AirPods Brand Apple. Wireless Yes. Noise Cancelling No. Mic Yes. In-Ear Yes. Warranty Manufacturer Warranty. Shipping Same Day From Lahore,Apple,0.0,Earbuds,AirPods,139.28
P0261,Realme GT Master Explorer,Display 6.55 inches. RAM 8/12 GB. Battery 4500 mAh. Back Camera 50 MP + 16 MP + 2 MP,https://images.priceoye.pk/realme-gt-master-explorer-pakistan-priceoye-woy97-270x270.webp,Realme GT Master Explorer Realme Mobile Phones Smartphones Display 6.55 inches. RAM 8/12 GB. Battery 4500 mAh. Back Camera 50 MP + 16 MP + 2 MP,Realme,5.0,Mobile Phones,Smartphones,282.14
P0262,HP EF2126WM 15.6 Inches AMD Ryzen 5 (8GB RAM - 256GB SSD),Display 15.6 Inches. Generation AMD. Processor AMD Ryzen 5 5500U. Internal Memory 256GB SSD,https://images.priceoye.pk/hp-ef2126wm-15-6-inches-amd-ryzen-5-8gb-ram-256gb-ssd-pakistan-priceoye-6ur1b-270x270.webp,HP EF2126WM 15.6 Inches AMD Ryzen 5 (8GB RAM - 256GB SSD) HP Laptops Laptops Display 15.6 Inches. Generation AMD. Processor AMD Ryzen 5 5500U. Internal Memory 256GB SSD,HP,5.0,Laptops,Laptops,382.14
P0263,Tecno Camon 12 Air,Display 6.55 inches. RAM 4GB. Battery 4000 mAh. Back Camera 16 MP + 5 MP + 2 MP,https://images.priceoye.pk/tecno-camon-12-air-pakistan-priceoye-bdmsk-270x270.webp,Tecno Camon 12 Air Tecno Mobile Phones Smartphones Display 6.55 inches. RAM 4GB. Battery 4000 mAh. Back Camera 16 MP + 5 MP + 2 MP,Tecno,2.8,Mobile Phones,Smartphones,69.64
P0264,Asus VivoBook S513E I5-1135G7 8GB 512GB SSD,"Brand Asus. Series VivoBook. Screen Size 15.6"". Screen Resolution 1920 x 1080. Touchscreen No. Operating System Windows 11. Generation Intel 11th Generation. Processor Type Intel Core i5. Processor Model i5-1135G7. Processor Speed 2.4 GHz. Processor Turbo 4.2 GHz (Up to). Processor Cache 8 MB. RAM 8GB. HDD Interface SSD. Hard Disk Capacity 512GB SSD. Graphics Intel Integrated Graphics. Graphics Detail Info n/a. Video Memory Shared. Optical Drive No Optical Drive. USB Ports 2 ports. Numeric Pad Yes. HDMI Yes. Backlit Keyboard Yes. Warranty 1 Year Manufacturer. Shipping Same Day From Lahore",https://www.shophive.com/media/catalog/product/cache/3875881abdd255ac261538b8462285e9/a/s/asus_1_5.jpg,"Asus VivoBook S513E I5-1135G7 8GB 512GB SSD Asus Laptops Laptops Brand Asus. Series VivoBook. Screen Size 15.6"". Screen Resolution 1920 x 1080. Touchscreen No. Operating System Windows 11. Generation Intel 11th Generation. Processor Type Intel Core i5. Processor Model i5-1135G7. Processor Speed 2.4 GHz. Processor Turbo 4.2 GHz (Up to). Processor Cache 8 MB. RAM 8GB. HDD Interface SSD. Hard Disk Capacity 512GB SSD. Graphics Intel Integrated Graphics. Graphics Detail Info n/a. Video Memory Shared. Optical Drive No Optical Drive. USB Ports 2 ports. Numeric Pad Yes. HDMI Yes. Backlit Keyboard Yes. Warranty 1 Year Manufacturer. Shipping Same Day From Lahore",Asus,0.0,Laptops,Laptops,607.14
P0265,Lenovo IdeaPad 3 15 Alder Lake i7-1255U 8GB 512GB 1Y,"Brand Lenovo. Series IdeaPad. Screen Size 15.6"". Screen Resolution 1920 x 1080. Touchscreen No. Operating System DOS. Generation Intel 12Th Generation. Processor Type Intel Core i7. Processor Model i7-1255U. Processor Speed 1.7 GHz. Processor Turbo 4.7 GHz (Up to). Processor Cache 12 MB. RAM 8GB. HDD Interface SSD. Hard Disk Capacity 512GB SSD. Graphics Intel Integrated Graphics. Graphics Detail Intel Iris XE Graphics. Video Memory Shared. Optical Drive No Optical Drive. USB Ports 2 ports. Numeric Pad Yes. HDMI Yes. Backlit Keyboard No. Warranty 1 Year Manufacturer. Shipping Same Day From Lahore",https://www.shophive.com/media/catalog/product/cache/3875881abdd255ac261538b8462285e9/i/m/image-removebg-preview---2023-07-17t145948.633.jpg,"Lenovo IdeaPad 3 15 Alder Lake i7-1255U 8GB 512GB 1Y Lenovo Laptops Laptops Brand Lenovo. Series IdeaPad. Screen Size 15.6"". Screen Resolution 1920 x 1080. Touchscreen No. Operating System DOS. Generation Intel 12Th Generation. Processor Type Intel Core i7. Processor Model i7-1255U. Processor Speed 1.7 GHz. Processor Turbo 4.7 GHz (Up to). Processor Cache 12 MB. RAM 8GB. HDD Interface SSD. Hard Disk Capacity 512GB SSD. Graphics Intel Integrated Graphics. Graphics Detail Intel Iris XE Graphics. Video Memory Shared. Optical Drive No Optical Drive. USB Ports 2 ports. Numeric Pad Yes. HDMI Yes. Backlit Keyboard No. Warranty 1 Year Manufacturer. Shipping Same Day From Lahore",Lenovo,0.0,Laptops,Laptops,725.0
P0266,Asus ROG Zephyrus Duo 16 GX650RW-LS099W Ryzen 7 6800H 32GB 1TB SSD,"Brand Asus. Series ROG. Screen Size 16"". Screen Resolution 1920 x 1080. Touchscreen No. Operating System Windows 11 Home. Generation AMD Ryzen Generation. Processor Type AMD Ryzen 7. Processor Model Ryzen 7 6800H. Processor Speed 3.2 GHz. Processor Turbo 4.7 GHz (Up to). Processor Cache 16 MB. RAM 32GB. HDD Interface SSD. Hard Disk Capacity 1TB SSD. Graphics Nvidia Graphics. Graphics Detail RTX3070Ti (Nvidia Geforce). Video Memory 8 GB. Optical Drive No Optical Drive. USB Ports 2 ports. Numeric Pad No. HDMI Yes. Backlit Keyboard Yes. Warranty 7 Day Replacement. Shipping 5 - 10 Days",https://www.shophive.com/media/catalog/product/cache/3875881abdd255ac261538b8462285e9/2/4/24_1.jpg,"Asus ROG Zephyrus Duo 16 GX650RW-LS099W Ryzen 7 6800H 32GB 1TB SSD Asus Laptops Gaming Laptops Brand Asus. Series ROG. Screen Size 16"". Screen Resolution 1920 x 1080. Touchscreen No. Operating System Windows 11 Home. Generation AMD Ryzen Generation. Processor Type AMD Ryzen 7. Processor Model Ryzen 7 6800H. Processor Speed 3.2 GHz. Processor Turbo 4.7 GHz (Up to). Processor Cache 16 MB. RAM 32GB. HDD Interface SSD. Hard Disk Capacity 1TB SSD. Graphics Nvidia Graphics. Graphics Detail RTX3070Ti (Nvidia Geforce). Video Memory 8 GB. Optical Drive No Optical Drive. USB Ports 2 ports. Numeric Pad No. HDMI Yes. Backlit Keyboard Yes. Warranty 7 Day Replacement. Shipping 5 - 10 Days",Asus,0.0,Laptops,Gaming Laptops,3844.28
P0267,HP Spectre x360 2-in-1 Laptop EU0085TU Ultra 7 155H 16GB 1TB SSD 1Y,"Brand HP. Series Spectre. Screen Size 14"". Screen Resolution 2880 x 1800. Touchscreen Yes. Operating System Windows 11 Home. Generation Info n/a. Processor Type Intel Core Ultra 7. Processor Model Ultra 7 155H. Processor Speed 1.4 GHz. Processor Turbo 4.8 GHz (Up to). Processor Cache 24 MB. RAM 16GB. HDD Interface SSD. Hard Disk Capacity 1TB SSD. Graphics Intel Integrated Graphics. Graphics Detail Info n/a. Video Memory Shared. Optical Drive No Optical Drive. USB Ports 2 Ports Type-C. Numeric Pad No. HDMI No. Backlit Keyboard Yes. Warranty 1 Year Manufacturer. Shipping Same Day From Lahore",https://www.shophive.com/media/catalog/product/cache/3875881abdd255ac261538b8462285e9/l/a/laptop_57_1_11.jpg,"HP Spectre x360 2-in-1 Laptop EU0085TU Ultra 7 155H 16GB 1TB SSD 1Y HP Laptops Laptops Brand HP. Series Spectre. Screen Size 14"". Screen Resolution 2880 x 1800. Touchscreen Yes. Operating System Windows 11 Home. Generation Info n/a. Processor Type Intel Core Ultra 7. Processor Model Ultra 7 155H. Processor Speed 1.4 GHz. Processor Turbo 4.8 GHz (Up to). Processor Cache 24 MB. RAM 16GB. HDD Interface SSD. Hard Disk Capacity 1TB SSD. Graphics Intel Integrated Graphics. Graphics Detail Info n/a. Video Memory Shared. Optical Drive No Optical Drive. USB Ports 2 Ports Type-C. Numeric Pad No. HDMI No. Backlit Keyboard Yes. Warranty 1 Year Manufacturer. Shipping Same Day From Lahore",HP,0.0,Laptops,Laptops,1589.28
P0268,Realme XT Pro,Display 6.4 inches. RAM 6 GB. Battery 4000 mAh. Back Camera 64 MP,https://images.priceoye.pk/realme-xt-pro-pakistan-priceoye-imxat-270x270.webp,Realme XT Pro Realme Mobile Phones Smartphones Display 6.4 inches. RAM 6 GB. Battery 4000 mAh. Back Camera 64 MP,Realme,5.0,Mobile Phones,Smartphones,178.57
P0269,Infinix INBook Y1 Plus Laptop Core i3 (8GB-256GB SSD) International,Display 15.6 inches. Generation 10th Gen. Processor 10th Gen Intel Core i3 1005G1. Internal Memory 256 GB SSD,https://images.priceoye.pk/infinix-inbook-y1-plus-laptop-core-i3-8gb-256gb-ssd-pakistan-priceoye-tjudb-270x270.webp,Infinix INBook Y1 Plus Laptop Core i3 (8GB-256GB SSD) International Infinix Laptops Laptops Display 15.6 inches. Generation 10th Gen. Processor 10th Gen Intel Core i3 1005G1. Internal Memory 256 GB SSD,Infinix,4.8,Laptops,Laptops,307.14
P0270,Samsung Tab S6 Lite P613 4GB 64GB (Wifi),"Brand Samsung. Operating System Android. RAM 4GB. Screen Size 10.4"". Warranty 7 Day Replacement. Internal Memory 64GB. Expandable Memory Yes. Phone Option No. Shipping 24 - 48 hrs",https://www.shophive.com/media/catalog/product/cache/3875881abdd255ac261538b8462285e9/7/1/719aj13nvfl._ac_sl1500___83710_zoom.jpg,"Samsung Tab S6 Lite P613 4GB 64GB (Wifi) Samsung Tablets Android Tablets Brand Samsung. Operating System Android. RAM 4GB. Screen Size 10.4"". Warranty 7 Day Replacement. Internal Memory 64GB. Expandable Memory Yes. Phone Option No. Shipping 24 - 48 hrs",Samsung,0.0,Tablets,Android Tablets,264.28
P0271,Nokia C21 2GB 32GB,"Brand Nokia. Operating System Android. Screen Size 6.5"". Internal Memory 32GB. RAM 2GB. Main Camera Pixel 8.0. Dual Sim Yes. Water Resistant No. Expandable Memory Yes. Warranty 1 Year Manufacturer. Shipping Same Day From Lahore. Color Blue",https://www.shophive.com/media/catalog/product/cache/3875881abdd255ac261538b8462285e9/n/o/nokia_1.jpg,"Nokia C21 2GB 32GB Nokia Mobile Phones Smartphones Brand Nokia. Operating System Android. Screen Size 6.5"". Internal Memory 32GB. RAM 2GB. Main Camera Pixel 8.0. Dual Sim Yes. Water Resistant No. Expandable Memory Yes. Warranty 1 Year Manufacturer. Shipping Same Day From Lahore. Color Blue",Nokia,0.0,Mobile Phones,Smartphones,62.5
P0272,Vivo Y21T,Display 6.51 inches. RAM 4 GB. Battery 5000 mAh. Back Camera 50 MP + 2 MP + 2 MP,https://images.priceoye.pk/vivo-y21t-pakistan-priceoye-nstpp-270x270.webp,Vivo Y21T Vivo Mobile Phones Smartphones Display 6.51 inches. RAM 4 GB. Battery 5000 mAh. Back Camera 50 MP + 2 MP + 2 MP,Vivo,4.8,Mobile Phones,Smartphones,173.21
P0273,Vivo Y15C,Display 6.51 Inches. RAM 4 GB. Battery 5000 mAh. Back Camera 13MP + 2MP,https://images.priceoye.pk/vivo-y15c-pakistan-priceoye-ruqss-270x270.webp,Vivo Y15C Vivo Mobile Phones Smartphones Display 6.51 Inches. RAM 4 GB. Battery 5000 mAh. Back Camera 13MP + 2MP,Vivo,5.0,Mobile Phones,Smartphones,111.78
P0274,Samsung Galaxy A40,Display 5.9 inches. RAM 4 GB RAM. Battery 3100 mAh. Back Camera 16 MP,https://images.priceoye.pk/samsung-galaxy-a40-pakistan-priceoye-pi1gl-270x270.webp,Samsung Galaxy A40 Samsung Mobile Phones Smartphones Display 5.9 inches. RAM 4 GB RAM. Battery 3100 mAh. Back Camera 16 MP,Samsung,4.0,Mobile Phones,Smartphones,160.71
P0275,Realme Note 50,Display 6.74 inches. RAM 4 GB. Battery 5000 mAh. Back Camera 13 MP + QVGA,https://images.priceoye.pk/realme-note-50-pakistan-priceoye-e2uk6-270x270.webp,Realme Note 50 Realme Mobile Phones Smartphones Display 6.74 inches. RAM 4 GB. Battery 5000 mAh. Back Camera 13 MP + QVGA,Realme,4.8,Mobile Phones,Smartphones,80.35
P0276,Apple AirPods Pro (2nd generation) MQD83,Brand Apple. Wireless Yes. Noise Cancelling Yes. Mic Yes. In-Ear Yes. Warranty 1 Year Manufacturer. Shipping Same Day From Lahore,https://www.shophive.com/media/catalog/product/cache/3875881abdd255ac261538b8462285e9/i/m/image-removebg-preview---2022-09-13t172208.519.jpg,Apple AirPods Pro (2nd generation) MQD83 Apple Earbuds AirPods Brand Apple. Wireless Yes. Noise Cancelling Yes. Mic Yes. In-Ear Yes. Warranty 1 Year Manufacturer. Shipping Same Day From Lahore,Apple,0.0,Earbuds,AirPods,250.0
P0277,Samsung Galaxy J2 Pure,Display 5 inches. RAM 2 GB RAM. Battery 2600 mAh. Back Camera 8 MP,https://images.priceoye.pk/samsung-galaxy-j2-pure-pakistan-priceoye-eplq1-270x270.webp,Samsung Galaxy J2 Pure Samsung Mobile Phones Smartphones Display 5 inches. RAM 2 GB RAM. Battery 2600 mAh. Back Camera 8 MP,Samsung,5.0,Mobile Phones,Smartphones,56.16
P0278,Apple iPad 9,Display 10.2 inches. RAM 3 GB. Type 8557 mAh. Back Camera 8 MP,https://images.priceoye.pk/apple-ipad-9-wifi-10-2-inches-pakistan-priceoye-cy552-270x270.webp,Apple iPad 9 Apple Tablets iPads Display 10.2 inches. RAM 3 GB. Type 8557 mAh. Back Camera 8 MP,Apple,4.9,Tablets,iPads,278.57
P0279,Hp Probook 450 G9 i5-1235U 8GB 512GB SSD DOS 1Y,"Brand HP. Series ProBook. Screen Size 15.6"". Screen Resolution 1920 x 1080. Touchscreen No. Operating System DOS. Generation Intel 12Th Generation. Processor Type Intel Core i5. Processor Model i5-1235U. Processor Speed 3.3 GHz. Processor Turbo 4.4 GHz (Up to). Processor Cache 12 MB. RAM 8GB. HDD Interface SSD. Hard Disk Capacity 512GB SSD. Graphics Intel Integrated Graphics. Graphics Detail Info n/a. Video Memory Shared. Optical Drive No Optical Drive. USB Ports 3 ports. Numeric Pad Yes. HDMI Yes. Backlit Keyboard No. Warranty 1 Year Manufacturer. Shipping Same Day From Lahore",https://www.shophive.com/media/catalog/product/cache/3875881abdd255ac261538b8462285e9/i/m/image-removebg-preview---2023-08-22t145956.207.jpg,"Hp Probook 450 G9 i5-1235U 8GB 512GB SSD DOS 1Y HP Laptops Business Laptops Brand HP. Series ProBook. Screen Size 15.6"". Screen Resolution 1920 x 1080. Touchscreen No. Operating System DOS. Generation Intel 12Th Generation. Processor Type Intel Core i5. Processor Model i5-1235U. Processor Speed 3.3 GHz. Processor Turbo 4.4 GHz (Up to). Processor Cache 12 MB. RAM 8GB. HDD Interface SSD. Hard Disk Capacity 512GB SSD. Graphics Intel Integrated Graphics. Graphics Detail Info n/a. Video Memory Shared. Optical Drive No Optical Drive. USB Ports 3 ports. Numeric Pad Yes. HDMI Yes. Backlit Keyboard No. Warranty 1 Year Manufacturer. Shipping Same Day From Lahore",HP,0.0,Laptops,Business Laptops,871.42
P0280,Itel it5029,Display 2.4 Inches. RAM STANDARD. Battery 1200 mAh. Back Camera VGA,https://images.priceoye.pk/itel-it5029-pakistan-priceoye-ymz3t-270x270.webp,Itel it5029 Itel Mobile Phones Smartphones Display 2.4 Inches. RAM STANDARD. Battery 1200 mAh. Back Camera VGA,Itel,4.5,Mobile Phones,Smartphones,13.93
P0281,Oppo Find X5,Display 6.55 inches. RAM 8 GB. Battery 4800 mAh. Back Camera 50 MP + 13 MP + 50 MP,https://images.priceoye.pk/oppo-find-x5-pakistan-priceoye-yk8vc-270x270.webp,Oppo Find X5 Oppo Mobile Phones Smartphones Display 6.55 inches. RAM 8 GB. Battery 4800 mAh. Back Camera 50 MP + 13 MP + 50 MP,Oppo,5.0,Mobile Phones,Smartphones,678.57
P0282,Samsung Galaxy A7,Display 5.5 inches. RAM 2 GB RAM. Battery 2600 mAh. Back Camera 13 MP,https://images.priceoye.pk/samsung-galaxy-a7-pakistan-priceoye-270x270.webp,Samsung Galaxy A7 Samsung Mobile Phones Smartphones Display 5.5 inches. RAM 2 GB RAM. Battery 2600 mAh. Back Camera 13 MP,Samsung,4.0,Mobile Phones,Smartphones,178.57
P0283,Samsung Galaxy S7,Display 5.1 inches. RAM 4 GB RAM. Battery 3000 mAh. Back Camera 12 MP,https://images.priceoye.pk/samsung-galaxy-s7-pakistan-priceoye-270x270.webp,Samsung Galaxy S7 Samsung Mobile Phones Smartphones Display 5.1 inches. RAM 4 GB RAM. Battery 3000 mAh. Back Camera 12 MP,Samsung,4.4,Mobile Phones,Smartphones,205.0
P0284,Oppo Reno 7 Lite,Display 6.43 Inches. RAM 8 GB. Battery 4500 mAh. Back Camera 64 MP + 2 MP + 2 MP,https://images.priceoye.pk/oppo-reno-7-lite-pakistan-priceoye-h3rb5-270x270.webp,Oppo Reno 7 Lite Oppo Mobile Phones Smartphones Display 6.43 Inches. RAM 8 GB. Battery 4500 mAh. Back Camera 64 MP + 2 MP + 2 MP,Oppo,5.0,Mobile Phones,Smartphones,214.28
P0285,Sparx Edge 20 Pro 8GB 256GB,"Brand Sparx. Operating System Android. Screen Size 6.7"". Internal Memory 256GB. RAM 8GB. Main Camera Pixel 108. Dual Sim Yes. Expandable Memory Yes. Warranty 1 Year Manufacturer. Shipping Same Day From Lahore. Color Blue",https://www.shophive.com/media/catalog/product/cache/3875881abdd255ac261538b8462285e9/e/d/edge-20-pro-sparkling-blue.jpg,"Sparx Edge 20 Pro 8GB 256GB Sparx Mobile Phones Smartphones Brand Sparx. Operating System Android. Screen Size 6.7"". Internal Memory 256GB. RAM 8GB. Main Camera Pixel 108. Dual Sim Yes. Expandable Memory Yes. Warranty 1 Year Manufacturer. Shipping Same Day From Lahore. Color Blue",Sparx,0.0,Mobile Phones,Smartphones,176.78
P0286,Vivo Y32,Display 6.6 Inches. RAM 8 GB. Battery 5000 mAh. Back Camera 48 MP + 2 MP + 2 MP,https://images.priceoye.pk/vivo-y32-pakistan-priceoye-1e94c-270x270.webp,Vivo Y32 Vivo Mobile Phones Smartphones Display 6.6 Inches. RAM 8 GB. Battery 5000 mAh. Back Camera 48 MP + 2 MP + 2 MP,Vivo,5.0,Mobile Phones,Smartphones,157.14
P0287,Tecno Phantom X,Display 6.7 inches. RAM 8 GB. Battery 4700 mAh. Back Camera 48 MP + 5 MP + 2 MP + 2 MP,https://images.priceoye.pk/tecno-phantom-x-pakistan-priceoye-jcrid-270x270.webp,Tecno Phantom X Tecno Mobile Phones Smartphones Display 6.7 inches. RAM 8 GB. Battery 4700 mAh. Back Camera 48 MP + 5 MP + 2 MP + 2 MP,Tecno,5.0,Mobile Phones,Smartphones,150.0
P0288,Asus Strix G G513QM-HF023T AMD Ryzen 9 16GB 1TB SSD,"Brand Asus. Series Strix. Screen Size 15.6"". Screen Resolution 1920 x 1080. Touchscreen No. Operating System Windows 10 Home. Generation AMD Ryzen Generation. Processor Type AMD Ryzen 9. Processor Model AMD Ryzen 9 5900HX. Processor Speed 3.3 GHz. Processor Turbo 4.6 GHz (Up to). Processor Cache 16 MB. RAM 16GB. HDD Interface SSD. Hard Disk Capacity 1TB SSD. Graphics Nvidia Graphics. Graphics Detail RTX3060 (Nvidia GeForce). Video Memory 6 GB. Optical Drive No Optical Drive. USB Ports 3 ports. Numeric Pad No. HDMI Yes. Backlit Keyboard Yes. Warranty 7 Day Replacement. Shipping 5 - 10 Days",https://www.shophive.com/media/catalog/product/cache/3875881abdd255ac261538b8462285e9/i/m/image-removebg-preview---2022-10-19t164919.323.jpg,"Asus Strix G G513QM-HF023T AMD Ryzen 9 16GB 1TB SSD Asus Laptops Laptops Brand Asus. Series Strix. Screen Size 15.6"". Screen Resolution 1920 x 1080. Touchscreen No. Operating System Windows 10 Home. Generation AMD Ryzen Generation. Processor Type AMD Ryzen 9. Processor Model AMD Ryzen 9 5900HX. Processor Speed 3.3 GHz. Processor Turbo 4.6 GHz (Up to). Processor Cache 16 MB. RAM 16GB. HDD Interface SSD. Hard Disk Capacity 1TB SSD. Graphics Nvidia Graphics. Graphics Detail RTX3060 (Nvidia GeForce). Video Memory 6 GB. Optical Drive No Optical Drive. USB Ports 3 ports. Numeric Pad No. HDMI Yes. Backlit Keyboard Yes. Warranty 7 Day Replacement. Shipping 5 - 10 Days",Asus,0.0,Laptops,Laptops,1328.57
P0289,vivo iQOO U3,Display 6.58 inches. RAM 8 GB. Battery 5000 mAh. Back Camera 48 MP + 2 MP,https://images.priceoye.pk/vivo-iqoo-u3-pakistan-priceoye-ivvys-270x270.webp,vivo iQOO U3 Vivo Mobile Phones Smartphones Display 6.58 inches. RAM 8 GB. Battery 5000 mAh. Back Camera 48 MP + 2 MP,Vivo,5.0,Mobile Phones,Smartphones,114.29
P0290,Vivo Y21,Display 6.51 inches. RAM 4GB RAM (+1GB EXTENDED RAM). Battery 5000 mAh. Back Camera 13 MP + 2 MP,https://images.priceoye.pk/vivo-y21-pakistan-priceoye-uns5u-270x270.webp,Vivo Y21 Vivo Mobile Phones Smartphones Display 6.51 inches. RAM 4GB RAM (+1GB EXTENDED RAM). Battery 5000 mAh. Back Camera 13 MP + 2 MP,Vivo,4.9,Mobile Phones,Smartphones,191.07
P0291,"Apple MacBook Pro MRW33 M3 Max 16"" 36GB 1TB SSD Space Black 2023",Brand Apple. Series Macbook Pro. Screen Size 16.2''. Screen Resolution 3456 x 2234. Touchscreen No. Operating System Mac OS. Generation Apple M3 Generation. Processor Type M3 Max. Processor Model Info n/a. Processor Speed Info n/a. Processor Turbo Info n/a. Processor Cache Info n/a. RAM 36GB. HDD Interface SSD. Hard Disk Capacity 1TB SSD. Graphics Info na. Graphics Detail Info n/a. Video Memory Shared. Optical Drive No Optical Drive. USB Ports 3 Ports Type-C. Numeric Pad No. HDMI Yes. Backlit Keyboard Yes. Warranty Manufacturer Warranty. Shipping 24 - 48 hrs,https://www.shophive.com/media/catalog/product/cache/3875881abdd255ac261538b8462285e9/l/a/laptop_6_1_3.jpg,"Apple MacBook Pro MRW33 M3 Max 16"" 36GB 1TB SSD Space Black 2023 Apple Laptops MacBooks Brand Apple. Series Macbook Pro. Screen Size 16.2''. Screen Resolution 3456 x 2234. Touchscreen No. Operating System Mac OS. Generation Apple M3 Generation. Processor Type M3 Max. Processor Model Info n/a. Processor Speed Info n/a. Processor Turbo Info n/a. Processor Cache Info n/a. RAM 36GB. HDD Interface SSD. Hard Disk Capacity 1TB SSD. Graphics Info na. Graphics Detail Info n/a. Video Memory Shared. Optical Drive No Optical Drive. USB Ports 3 Ports Type-C. Numeric Pad No. HDMI Yes. Backlit Keyboard Yes. Warranty Manufacturer Warranty. Shipping 24 - 48 hrs",Apple,0.0,Laptops,MacBooks,3000.0
P0292,Samsung Galaxy J3 Pro (2017),Display 5.0 inches. RAM 2 GB RAM. Battery 2400 mAh. Back Camera 13 MP,https://images.priceoye.pk/samsung-galaxy-j3-pro-2017-pakistan-priceoye-mmoaz-270x270.webp,Samsung Galaxy J3 Pro (2017) Samsung Mobile Phones Smartphones Display 5.0 inches. RAM 2 GB RAM. Battery 2400 mAh. Back Camera 13 MP,Samsung,3.0,Mobile Phones,Smartphones,73.21
P0293,Samsung Galaxy Tab A9 4GB 64GB (8.7) Wifi - SM-X110,"Brand Samsung. Operating System Android. RAM 8GB. Screen Size 8.7"". Warranty 7 Day Replacement. Internal Memory 64GB. Expandable Memory Yes. Phone Option No. Shipping 24 - 48 hrs",https://www.shophive.com/media/catalog/product/cache/3875881abdd255ac261538b8462285e9/t/a/tab_1_3.jpg,"Samsung Galaxy Tab A9 4GB 64GB (8.7) Wifi - SM-X110 Samsung Tablets Android Tablets Brand Samsung. Operating System Android. RAM 8GB. Screen Size 8.7"". Warranty 7 Day Replacement. Internal Memory 64GB. Expandable Memory Yes. Phone Option No. Shipping 24 - 48 hrs",Samsung,0.0,Tablets,Android Tablets,119.64
P0294,Apple Watch Series SE 44mm GPS Midnight Aluminum Case With Midnight Sport Band (2022),Brand Apple. Shipping Same Day From Lahore,https://www.shophive.com/media/catalog/product/cache/3875881abdd255ac261538b8462285e9/i/m/image-removebg-preview---2022-10-24t165248.861.jpg,Apple Watch Series SE 44mm GPS Midnight Aluminum Case With Midnight Sport Band (2022) Apple Smart Watches Premium Smart Watches Brand Apple. Shipping Same Day From Lahore,Apple,0.0,Smart Watches,Premium Smart Watches,364.28
P0295,Tecno Camon i Sky 3,Display 6.2 inches. RAM 2 GB RAM. Battery 3500 mAh. Back Camera 13 MP,https://images.priceoye.pk/tecno-camon-i-sky-3-pakistan-priceoye-btqls-270x270.webp,Tecno Camon i Sky 3 Tecno Mobile Phones Smartphones Display 6.2 inches. RAM 2 GB RAM. Battery 3500 mAh. Back Camera 13 MP,Tecno,4.8,Mobile Phones,Smartphones,55.35
P0296,Dell Alienware M16 16R2 Intel Core Ultra 7 155H 32GB 2TB SSD ‎Gaming Laptop,"Brand Dell. Series Alienware. Screen Size 16"". Screen Resolution 2560 x 1600. Touchscreen No. Operating System Windows 11 Pro. Generation Info n/a. Processor Type Intel Core Ultra 7. Processor Model Ultra 7 155H. Processor Speed 1.4 GHz. Processor Turbo 4.8 GHz (Up to). Processor Cache 24 MB. RAM 32GB. HDD Interface SSD. Hard Disk Capacity 2TB. Graphics Nvidia Graphics. Graphics Detail RTX 4070 (Nvidia GeForce). Video Memory 8 GB. Optical Drive No Optical Drive. USB Ports 2 ports. Numeric Pad No. HDMI Yes. Backlit Keyboard Yes. Warranty International Warranty. Shipping 5 - 10 Days",https://www.shophive.com/media/catalog/product/cache/3875881abdd255ac261538b8462285e9/d/e/dell_11_1_1.jpg,"Dell Alienware M16 16R2 Intel Core Ultra 7 155H 32GB 2TB SSD ‎Gaming Laptop Dell Laptops Gaming Laptops Brand Dell. Series Alienware. Screen Size 16"". Screen Resolution 2560 x 1600. Touchscreen No. Operating System Windows 11 Pro. Generation Info n/a. Processor Type Intel Core Ultra 7. Processor Model Ultra 7 155H. Processor Speed 1.4 GHz. Processor Turbo 4.8 GHz (Up to). Processor Cache 24 MB. RAM 32GB. HDD Interface SSD. Hard Disk Capacity 2TB. Graphics Nvidia Graphics. Graphics Detail RTX 4070 (Nvidia GeForce). Video Memory 8 GB. Optical Drive No Optical Drive. USB Ports 2 ports. Numeric Pad No. HDMI Yes. Backlit Keyboard Yes. Warranty International Warranty. Shipping 5 - 10 Days",Dell,0.0,Laptops,Gaming Laptops,2494.64
P0297,Saparx Neo 5 Plus 3GB 64GB,"Brand Sparx. Operating System Android. Screen Size 6.5"". Internal Memory 64GB. RAM 3GB. Main Camera Pixel 13.0. Dual Sim Yes. Expandable Memory Yes. Warranty 1 Year Manufacturer. Shipping Same Day From Lahore. Color Green",https://www.shophive.com/media/catalog/product/cache/3875881abdd255ac261538b8462285e9/u/n/untitled_design_49_.jpg,"Saparx Neo 5 Plus 3GB 64GB Sparx Mobile Phones Smartphones Brand Sparx. Operating System Android. Screen Size 6.5"". Internal Memory 64GB. RAM 3GB. Main Camera Pixel 13.0. Dual Sim Yes. Expandable Memory Yes. Warranty 1 Year Manufacturer. Shipping Same Day From Lahore. Color Green",Sparx,0.0,Mobile Phones,Smartphones,101.78
P0298,HP 250 G8 Tiger Lake Core i3 (4GB RAM - 1TB HDD),Display 15.6 Inches. Generation 11th Generation. Processor Intel Core i5. Internal Memory 1 TB HDD,https://images.priceoye.pk/hp-250-g8-tiger-lake-core-i3-4gb-ram-01-terabyte-hdd-pakistan-priceoye-vt2n8-270x270.webp,HP 250 G8 Tiger Lake Core i3 (4GB RAM - 1TB HDD) HP Laptops Laptops Display 15.6 Inches. Generation 11th Generation. Processor Intel Core i5. Internal Memory 1 TB HDD,HP,5.0,Laptops,Laptops,328.57
P0299,Apple AirPods Max With Active Noise Cancellation 2024,Brand Apple. Wireless Yes. Noise Cancelling Yes. Mic Yes. Warranty Manufacturer Warranty. Shipping Pre Order,https://www.shophive.com/media/catalog/product/cache/3875881abdd255ac261538b8462285e9/i/m/image-removebg-preview_-_2024-09-10t164327.908.jpg,Apple AirPods Max With Active Noise Cancellation 2024 Apple Earbuds AirPods Brand Apple. Wireless Yes. Noise Cancelling Yes. Mic Yes. Warranty Manufacturer Warranty. Shipping Pre Order,Apple,0.0,Earbuds,AirPods,642.85
P0300,Xiaomi Redmi Note 12 8GB 256GB,"Brand Mi. Operating System Android. Screen Size 6.6"". Internal Memory 256GB. RAM 8GB. Main Camera Pixel 50.0. Dual Sim Yes. Water Resistant Yes. Expandable Memory Yes. Warranty 1 Year Manufacturer. Shipping Same Day From Lahore. Color Grey",https://www.shophive.com/media/catalog/product/cache/3875881abdd255ac261538b8462285e9/u/n/untitled_design_24__2.jpg,"Xiaomi Redmi Note 12 8GB 256GB Xiaomi Mobile Phones Smartphones Brand Mi. Operating System Android. Screen Size 6.6"". Internal Memory 256GB. RAM 8GB. Main Camera Pixel 50.0. Dual Sim Yes. Water Resistant Yes. Expandable Memory Yes. Warranty 1 Year Manufacturer. Shipping Same Day From Lahore. Color Grey",Xiaomi,0.0,Mobile Phones,Smartphones,214.28
P0301,MSi Cyborg 15 AI A1VE Intel Core Ultra 7 16GB 512GB SSD Gaming Laptop,"Brand MSI. Series Gaming. Screen Size 15.6"". Screen Resolution 1920 x 1080. Touchscreen No. Operating System Windows 11 Home. Generation Info n/a. Processor Type Intel Core Ultra 7. Processor Model Ultra 7 155H. Processor Speed 1.4 GHz. Processor Turbo 4.8 GHz (Up to). Processor Cache 24 MB. RAM 16GB. HDD Interface SSD. Hard Disk Capacity 512GB SSD. Graphics Nvidia Graphics. Graphics Detail RTX 4050 (Nvidia GeForce). Video Memory 6 GB. Optical Drive No Optical Drive. USB Ports 2 ports. Numeric Pad Yes. HDMI Yes. Backlit Keyboard Yes. Warranty International Warranty. Shipping 5 - 10 Days",https://www.shophive.com/media/catalog/product/cache/3875881abdd255ac261538b8462285e9/l/a/laptop_164.jpg,"MSi Cyborg 15 AI A1VE Intel Core Ultra 7 16GB 512GB SSD Gaming Laptop MSI Laptops Gaming Laptops Brand MSI. Series Gaming. Screen Size 15.6"". Screen Resolution 1920 x 1080. Touchscreen No. Operating System Windows 11 Home. Generation Info n/a. Processor Type Intel Core Ultra 7. Processor Model Ultra 7 155H. Processor Speed 1.4 GHz. Processor Turbo 4.8 GHz (Up to). Processor Cache 24 MB. RAM 16GB. HDD Interface SSD. Hard Disk Capacity 512GB SSD. Graphics Nvidia Graphics. Graphics Detail RTX 4050 (Nvidia GeForce). Video Memory 6 GB. Optical Drive No Optical Drive. USB Ports 2 ports. Numeric Pad Yes. HDMI Yes. Backlit Keyboard Yes. Warranty International Warranty. Shipping 5 - 10 Days",MSI,0.0,Laptops,Gaming Laptops,1233.92
P0302,vivo Z6,Display 6.57 inches. RAM 128GB 6GB RAM 256GB 8GB RAM. Battery 5000 mAh. Back Camera 48 MP,https://images.priceoye.pk/vivo-z6-pakistan-priceoye-c3l5d-270x270.webp,vivo Z6 Vivo Mobile Phones Smartphones Display 6.57 inches. RAM 128GB 6GB RAM 256GB 8GB RAM. Battery 5000 mAh. Back Camera 48 MP,Vivo,5.0,Mobile Phones,Smartphones,189.28
P0303,Infinix Hot 9 Play,Display 6.82 inches. RAM 2/3/4 GB RAM. Battery 6000 mAh. Back Camera 13 MP,https://images.priceoye.pk/infinix-hot-9-play-pakistan-priceoye-b401b-270x270.webp,Infinix Hot 9 Play Infinix Mobile Phones Smartphones Display 6.82 inches. RAM 2/3/4 GB RAM. Battery 6000 mAh. Back Camera 13 MP,Infinix,4.9,Mobile Phones,Smartphones,57.14
P0304,Samsung Galaxy M31s,Display 6.5 inches. RAM 6/8 GB. Battery 6000 mAh. Back Camera 64 MP + 12 MP + 5 MP + 5 MP,https://images.priceoye.pk/samsung-galaxy-m31s-pakistan-priceoye-q4wp2-270x270.webp,Samsung Galaxy M31s Samsung Mobile Phones Smartphones Display 6.5 inches. RAM 6/8 GB. Battery 6000 mAh. Back Camera 64 MP + 12 MP + 5 MP + 5 MP,Samsung,5.0,Mobile Phones,Smartphones,200.0
P0305,XP-Pen Star G640 Graphics Tablet,Brand Xp Pen. Operating System Windows 10. RAM Info Not Availible. Screen Size 6.4''. Warranty 7 Day Replacement. Internal Memory Not Available. Expandable Memory No. Phone Option No. Shipping 24 - 48 hrs,https://www.shophive.com/media/catalog/product/cache/3875881abdd255ac261538b8462285e9/i/m/image-removebg-preview_-_2022-10-20t153415.354.png,XP-Pen Star G640 Graphics Tablet XP Pen Tablets Drawing Tablets Brand Xp Pen. Operating System Windows 10. RAM Info Not Availible. Screen Size 6.4''. Warranty 7 Day Replacement. Internal Memory Not Available. Expandable Memory No. Phone Option No. Shipping 24 - 48 hrs,XP Pen,0.0,Tablets,Drawing Tablets,44.64
P0306,Samsung Galaxy S24 Ultra (12GB-1TB),Display 6.8 Inches. RAM 12 GB. Battery 5000 mAh. Back Camera 200 MP + 50 MP + 12 MP + 10 MP,https://images.priceoye.pk/samsung-galaxy-s24-ultra-12gb-1tb-pakistan-priceoye-em5wi-270x270.webp,Samsung Galaxy S24 Ultra (12GB-1TB) Samsung Mobile Phones Smartphones Display 6.8 Inches. RAM 12 GB. Battery 5000 mAh. Back Camera 200 MP + 50 MP + 12 MP + 10 MP,Samsung,5.0,Mobile Phones,Smartphones,1589.28
P0307,Xiaomi Redmi Note 11 SE,Display 6.5 inches. RAM 128GB 8GB RAM. Battery 5000 mAh. Back Camera 48 MP + 2 MP,https://images.priceoye.pk/xiaomi-redmi-note-11-se-pakistan-priceoye-2iwkf-270x270.webp,Xiaomi Redmi Note 11 SE Xiaomi Mobile Phones Smartphones Display 6.5 inches. RAM 128GB 8GB RAM. Battery 5000 mAh. Back Camera 48 MP + 2 MP,Xiaomi,5.0,Mobile Phones,Smartphones,117.85
P0308,Itel 5026,Display 2.4 inches. RAM 32 MB. Battery 1200 mAh. Back Camera VGA,https://images.priceoye.pk/itel-5026-pakistan-priceoye-87hyq-270x270.webp,Itel 5026 Itel Mobile Phones Smartphones Display 2.4 inches. RAM 32 MB. Battery 1200 mAh. Back Camera VGA,Itel,5.0,Mobile Phones,Smartphones,18.75
P0309,Tecno Camon i4,Display 6.2 inches. RAM 3 GB RAM. Battery 3400 mAh. Back Camera 13 MP,https://images.priceoye.pk/tecno-camon-4i-pakistan-priceoye-igk85-270x270.webp,Tecno Camon i4 Tecno Mobile Phones Smartphones Display 6.2 inches. RAM 3 GB RAM. Battery 3400 mAh. Back Camera 13 MP,Tecno,4.1,Mobile Phones,Smartphones,65.0
P0310,Realme GT Neo2T,Display 6.43 inches. RAM 8.0/12.0 GB. Battery 4500 mAh. Back Camera 64 MP + 8 MP + 2 MP,https://images.priceoye.pk/realme-gt-neo2t-pakistan-priceoye-yp1a5-270x270.webp,Realme GT Neo2T Realme Mobile Phones Smartphones Display 6.43 inches. RAM 8.0/12.0 GB. Battery 4500 mAh. Back Camera 64 MP + 8 MP + 2 MP,Realme,5.0,Mobile Phones,Smartphones,214.28
P0311,Tecno Spark Go 1 4GB 128GB,"Brand Tecno. Operating System Android. Screen Size 6.6"". Internal Memory 128GB. RAM 6GB. Main Camera Pixel 13.0. Dual Sim Yes. Water Resistant No. Expandable Memory Yes. Warranty 1 Year Manufacturer. Shipping 3 - 5 Days. Color Lavender",https://www.shophive.com/media/catalog/product/cache/3875881abdd255ac261538b8462285e9/m/o/mobile_3_2_8.jpg,"Tecno Spark Go 1 4GB 128GB Tecno Mobile Phones Smartphones Brand Tecno. Operating System Android. Screen Size 6.6"". Internal Memory 128GB. RAM 6GB. Main Camera Pixel 13.0. Dual Sim Yes. Water Resistant No. Expandable Memory Yes. Warranty 1 Year Manufacturer. Shipping 3 - 5 Days. Color Lavender",Tecno,0.0,Mobile Phones,Smartphones,91.07
P0312,HP Notebook 15 250 G8 i5-1135G7 8gb 256GB SSD,"Brand HP. Series Notebook. Screen Size 15.6"". Screen Resolution 1920 x 1080. Touchscreen No. Operating System DOS. Generation Intel 11th Generation. Processor Type Intel Core i5. Processor Model i5-1135G7. Processor Speed 2.4 GHz. Processor Turbo 4.2 GHz (Up to). Processor Cache 8 MB. RAM 8GB. HDD Interface SSD. Hard Disk Capacity 256GB SSD. Graphics Intel Integrated Graphics. Graphics Detail Intel Iris XE Graphics. Video Memory Shared. Optical Drive No Optical Drive. USB Ports 2 ports. Numeric Pad Yes. HDMI Yes. Backlit Keyboard No. Warranty 7 Day Replacement. Shipping Same Day From Lahore",https://www.shophive.com/media/catalog/product/cache/3875881abdd255ac261538b8462285e9/l/a/laptop_23_1.jpg,"HP Notebook 15 250 G8 i5-1135G7 8gb 256GB SSD HP Laptops Laptops Brand HP. Series Notebook. Screen Size 15.6"". Screen Resolution 1920 x 1080. Touchscreen No. Operating System DOS. Generation Intel 11th Generation. Processor Type Intel Core i5. Processor Model i5-1135G7. Processor Speed 2.4 GHz. Processor Turbo 4.2 GHz (Up to). Processor Cache 8 MB. RAM 8GB. HDD Interface SSD. Hard Disk Capacity 256GB SSD. Graphics Intel Integrated Graphics. Graphics Detail Intel Iris XE Graphics. Video Memory Shared. Optical Drive No Optical Drive. USB Ports 2 ports. Numeric Pad Yes. HDMI Yes. Backlit Keyboard No. Warranty 7 Day Replacement. Shipping Same Day From Lahore",HP,0.0,Laptops,Laptops,460.71
P0313,Samsung Galaxy Tab S8 X700 8GB 128GB (Wifi),"Brand Samsung. Operating System Android. RAM 8GB. Screen Size 11.0"". Warranty 7 Day Replacement. Internal Memory 128GB. Expandable Memory Yes. Phone Option No. Shipping 24 - 48 hrs",https://www.shophive.com/media/catalog/product/cache/3875881abdd255ac261538b8462285e9/i/m/image-removebg-preview_-_2022-04-05t142731.033.png,"Samsung Galaxy Tab S8 X700 8GB 128GB (Wifi) Samsung Tablets Android Tablets Brand Samsung. Operating System Android. RAM 8GB. Screen Size 11.0"". Warranty 7 Day Replacement. Internal Memory 128GB. Expandable Memory Yes. Phone Option No. Shipping 24 - 48 hrs",Samsung,0.0,Tablets,Android Tablets,714.28
P0314,Xiaomi Redmi 10A,Display 6.53 Inches. RAM 3/4 GB. Battery 5000 mAh. Back Camera 13 MP + 2 MP,https://images.priceoye.pk/xiaomi-redmi-10a-pakistan-priceoye-7dgwb-270x270.webp,Xiaomi Redmi 10A Xiaomi Mobile Phones Smartphones Display 6.53 Inches. RAM 3/4 GB. Battery 5000 mAh. Back Camera 13 MP + 2 MP,Xiaomi,4.9,Mobile Phones,Smartphones,76.78
P0315,Xiaomi Redmi Note 11T Pro,Display 6.6 inches. RAM 6/8 GB. Battery 5080 mAh. Back Camera 64 MP + 8 MP + 2 MP,https://images.priceoye.pk/xiaomi-redmi-note-11t-pro-pakistan-priceoye-s1ez0-270x270.webp,Xiaomi Redmi Note 11T Pro Xiaomi Mobile Phones Smartphones Display 6.6 inches. RAM 6/8 GB. Battery 5080 mAh. Back Camera 64 MP + 8 MP + 2 MP,Xiaomi,5.0,Mobile Phones,Smartphones,392.85
P0316,Apple MacBook Pro 16 M3 Max Z1AF0001AG 64GB 2TB SSD Space Black,"Brand Apple. Series Macbook Pro. Screen Size 16"". Screen Resolution 3024 x 1964. Touchscreen No. Operating System Mac OS. Generation Apple M3 Generation. Processor Type M3 Max. Processor Model Info n/a. Processor Speed Info n/a. Processor Turbo Info n/a. Processor Cache Info n/a. RAM 64GB. HDD Interface SSD. Hard Disk Capacity 2TB. Graphics Info na. Graphics Detail Info n/a. Video Memory Shared. Optical Drive No Optical Drive. USB Ports 2 Ports Type-C. Numeric Pad No. HDMI No. Backlit Keyboard Yes. Warranty Manufacturer Warranty. Shipping Same Day From Lahore",https://www.shophive.com/media/catalog/product/cache/3875881abdd255ac261538b8462285e9/m/a/macbook_3_1_8_3.jpg,"Apple MacBook Pro 16 M3 Max Z1AF0001AG 64GB 2TB SSD Space Black Apple Laptops MacBooks Brand Apple. Series Macbook Pro. Screen Size 16"". Screen Resolution 3024 x 1964. Touchscreen No. Operating System Mac OS. Generation Apple M3 Generation. Processor Type M3 Max. Processor Model Info n/a. Processor Speed Info n/a. Processor Turbo Info n/a. Processor Cache Info n/a. RAM 64GB. HDD Interface SSD. Hard Disk Capacity 2TB. Graphics Info na. Graphics Detail Info n/a. Video Memory Shared. Optical Drive No Optical Drive. USB Ports 2 Ports Type-C. Numeric Pad No. HDMI No. Backlit Keyboard Yes. Warranty Manufacturer Warranty. Shipping Same Day From Lahore",Apple,0.0,Laptops,MacBooks,4564.28
P0317,Samsung Galaxy Z Fold Lite,Display 7.6 Inches. RAM 8/12 GB. Battery 4500 mAh. Back Camera 12 MP + 12 MP + 12 MP,https://images.priceoye.pk/samsung-galaxy-z-fold-lite-pakistan-priceoye-vls3v-270x270.webp,Samsung Galaxy Z Fold Lite Samsung Mobile Phones Smartphones Display 7.6 Inches. RAM 8/12 GB. Battery 4500 mAh. Back Camera 12 MP + 12 MP + 12 MP,Samsung,5.0,Mobile Phones,Smartphones,678.57
P0318,Dany Genius Max5,Display 7 Inches. RAM 1GB. Type 2800 mAh. Back Camera 2MP,https://images.priceoye.pk/dany-genius-max5-pakistan-priceoye-qjvw4-270x270.webp,Dany Genius Max5 Dany Tablets Android Tablets Display 7 Inches. RAM 1GB. Type 2800 mAh. Back Camera 2MP,Dany,5.0,Tablets,Android Tablets,61.78
P0319,Vivo Y71,Display 6.0 inches. RAM 3 GB RAM. Battery 3360 mAh. Back Camera 13 MP,https://images.priceoye.pk/vivo-y71-pakistan-priceoye-fuhvn-270x270.webp,Vivo Y71 Vivo Mobile Phones Smartphones Display 6.0 inches. RAM 3 GB RAM. Battery 3360 mAh. Back Camera 13 MP,Vivo,4.0,Mobile Phones,Smartphones,71.42
P0320,Amazfit X Smart Watch Eclipse,Brand Amazfit. Shipping Same Day From Lahore,https://www.shophive.com/media/catalog/product/cache/3875881abdd255ac261538b8462285e9/a/m/amazfit-x-smart-watch-eclipse-black.jpg,Amazfit X Smart Watch Eclipse Amazfit Smart Watches Smart Watches Brand Amazfit. Shipping Same Day From Lahore,Amazfit,0.0,Smart Watches,Smart Watches,95.35
P0321,itel Power 700,Display 2.8 Inches. RAM NO. Battery 2500 mAh. Back Camera VGA,https://images.priceoye.pk/itel-power-700-pakistan-priceoye-pl7c9-270x270.webp,itel Power 700 Itel Mobile Phones Smartphones Display 2.8 Inches. RAM NO. Battery 2500 mAh. Back Camera VGA,Itel,5.0,Mobile Phones,Smartphones,13.21
P0322,Samsung Galaxy A10e,Display 5.83 inches. RAM 32GB 2GB RAM. Battery 3000 mAh. Back Camera 8 MP,https://images.priceoye.pk/samsung-galaxy-a10e-pakistan-priceoye-ir9zt-270x270.webp,Samsung Galaxy A10e Samsung Mobile Phones Smartphones Display 5.83 inches. RAM 32GB 2GB RAM. Battery 3000 mAh. Back Camera 8 MP,Samsung,3.5,Mobile Phones,Smartphones,90.69
P0323,Dell Latitude 5450 Intel Core Ultra 7 155U 8GB 512GB SSD 1y,"Brand Dell. Series Latitude. Screen Size 14"". Screen Resolution 1920 x 1080. Touchscreen No. Operating System DOS. Generation Info n/a. Processor Type Intel Core Ultra 7. Processor Model Info n/a. Processor Speed 1.7 GHz. Processor Turbo 4.8 GHz (Up to). Processor Cache 12 MB. RAM 8GB. HDD Interface SSD. Hard Disk Capacity 512GB SSD. Graphics Intel Integrated Graphics. Graphics Detail Info n/a. Video Memory Shared. Optical Drive No Optical Drive. USB Ports 2 ports. Numeric Pad No. HDMI Yes. Backlit Keyboard Yes. Warranty 1 Year Manufacturer. Shipping Same Day From Lahore",https://www.shophive.com/media/catalog/product/cache/3875881abdd255ac261538b8462285e9/l/a/laptop_106_7.jpg,"Dell Latitude 5450 Intel Core Ultra 7 155U 8GB 512GB SSD 1y Dell Laptops Business Laptops Brand Dell. Series Latitude. Screen Size 14"". Screen Resolution 1920 x 1080. Touchscreen No. Operating System DOS. Generation Info n/a. Processor Type Intel Core Ultra 7. Processor Model Info n/a. Processor Speed 1.7 GHz. Processor Turbo 4.8 GHz (Up to). Processor Cache 12 MB. RAM 8GB. HDD Interface SSD. Hard Disk Capacity 512GB SSD. Graphics Intel Integrated Graphics. Graphics Detail Info n/a. Video Memory Shared. Optical Drive No Optical Drive. USB Ports 2 ports. Numeric Pad No. HDMI Yes. Backlit Keyboard Yes. Warranty 1 Year Manufacturer. Shipping Same Day From Lahore",Dell,0.0,Laptops,Business Laptops,1300.0
P0324,Vivo Y15,Display 6.35 inches. RAM 4GB. Battery 5000 mAh. Back Camera 16 MP,https://images.priceoye.pk/vivo-y15-pakistan-priceoye-94cnw-270x270.webp,Vivo Y15 Vivo Mobile Phones Smartphones Display 6.35 inches. RAM 4GB. Battery 5000 mAh. Back Camera 16 MP,Vivo,4.3,Mobile Phones,Smartphones,92.85
P0325,Xiaomi 15 Ultra,Display 6.73 inches. RAM 16GB (LPDDR5X). Battery 5410 mAh. Back Camera 200MP + 50MP + 50MP + 50MP,https://images.priceoye.pk/xiaomi-15-ultra-pakistan-priceoye-dpmxy-270x270.webp,Xiaomi 15 Ultra Xiaomi Mobile Phones Smartphones Display 6.73 inches. RAM 16GB (LPDDR5X). Battery 5410 mAh. Back Camera 200MP + 50MP + 50MP + 50MP,Xiaomi,5.0,Mobile Phones,Smartphones,1339.28
P0326,Vivo X50e,Display 6.44 inches. RAM 8 GB. Battery 4350 mAh. Back Camera 48 MP + 13 MP + 8 MP + 2 MP,https://images.priceoye.pk/vivo-x50e-pakistan-priceoye-nj4k0-270x270.webp,Vivo X50e Vivo Mobile Phones Smartphones Display 6.44 inches. RAM 8 GB. Battery 4350 mAh. Back Camera 48 MP + 13 MP + 8 MP + 2 MP,Vivo,5.0,Mobile Phones,Smartphones,285.71
P0327,"Apple Macbook Pro M4 Pro 2024 16.2"" 48GB 512GB SSD Space Black MX2Y3",Brand Apple. Series Macbook Pro. Screen Size 16.2''. Screen Resolution 3456 x 2234. Touchscreen No. Operating System Mac OS. Generation Apple M4 Generation. Processor Type M4 Pro. Processor Model Info n/a. Processor Speed Info n/a. Processor Turbo Info n/a. Processor Cache Info n/a. RAM 48GB. HDD Interface SSD. Hard Disk Capacity 512GB SSD. Graphics Info na. Graphics Detail Info n/a. Video Memory Shared. Optical Drive No Optical Drive. USB Ports 3 Ports Type-C. Numeric Pad No. HDMI Yes. Backlit Keyboard Yes. Warranty Manufacturer Warranty. Shipping Same Day From Lahore,https://www.shophive.com/media/catalog/product/cache/3875881abdd255ac261538b8462285e9/m/a/mac_1_2_7.png,"Apple Macbook Pro M4 Pro 2024 16.2"" 48GB 512GB SSD Space Black MX2Y3 Apple Laptops MacBooks Brand Apple. Series Macbook Pro. Screen Size 16.2''. Screen Resolution 3456 x 2234. Touchscreen No. Operating System Mac OS. Generation Apple M4 Generation. Processor Type M4 Pro. Processor Model Info n/a. Processor Speed Info n/a. Processor Turbo Info n/a. Processor Cache Info n/a. RAM 48GB. HDD Interface SSD. Hard Disk Capacity 512GB SSD. Graphics Info na. Graphics Detail Info n/a. Video Memory Shared. Optical Drive No Optical Drive. USB Ports 3 Ports Type-C. Numeric Pad No. HDMI Yes. Backlit Keyboard Yes. Warranty Manufacturer Warranty. Shipping Same Day From Lahore",Apple,0.0,Laptops,MacBooks,2767.85
P0328,Tecno Pova 4 Pro,Display 6.66 inches. RAM 8 GB. Battery 6000 mAh. Back Camera 50 MP,https://images.priceoye.pk/tecno-pova-4-pro-pakistan-priceoye-xzpag-270x270.webp,Tecno Pova 4 Pro Tecno Mobile Phones Smartphones Display 6.66 inches. RAM 8 GB. Battery 6000 mAh. Back Camera 50 MP,Tecno,5.0,Mobile Phones,Smartphones,110.71
P0329,Samsung Galaxy A06 6GB 128GB,"Brand Samsung. Operating System Android. Screen Size 6.7"". Internal Memory 128GB. RAM 6GB. Main Camera Pixel 50.0. Dual Sim Yes. Water Resistant No. Expandable Memory Yes. Warranty 1 Year Manufacturer. Shipping 3 - 5 Days. Color Black",https://www.shophive.com/media/catalog/product/cache/3875881abdd255ac261538b8462285e9/m/o/mobile_12_9.jpg,"Samsung Galaxy A06 6GB 128GB Samsung Mobile Phones Smartphones Brand Samsung. Operating System Android. Screen Size 6.7"". Internal Memory 128GB. RAM 6GB. Main Camera Pixel 50.0. Dual Sim Yes. Water Resistant No. Expandable Memory Yes. Warranty 1 Year Manufacturer. Shipping 3 - 5 Days. Color Black",Samsung,0.0,Mobile Phones,Smartphones,113.21
P0330,Oppo A79,Display 6.01inches. RAM 4 GB RAM. Battery 3000 mAh. Back Camera 16 MP,https://images.priceoye.pk/oppo-a79-pakistan-priceoye-270x270.webp,Oppo A79 Oppo Mobile Phones Smartphones Display 6.01inches. RAM 4 GB RAM. Battery 3000 mAh. Back Camera 16 MP,Oppo,4.7,Mobile Phones,Smartphones,57.14
P0331,Lenovo ThinkBook 16 G6 Raptor Lake i5-1335U 8GB 256GB SSD,"Brand Lenovo. Series ThinkBook. Screen Size 16"". Screen Resolution 1920 x 1200. Touchscreen No. Operating System DOS. Generation Intel 13th Generation. Processor Type Intel Core i5. Processor Model Info n/a. Processor Speed 1.3 GHz. Processor Turbo 4.6 GHz (Up to). Processor Cache 12 MB. RAM 8GB. HDD Interface SSD. Hard Disk Capacity 256GB SSD. Graphics Intel Integrated Graphics. Graphics Detail Intel Iris XE Graphics. Video Memory Shared. Optical Drive No Optical Drive. USB Ports 2 ports. Numeric Pad Yes. HDMI Yes. Backlit Keyboard No. Warranty 1 Year Manufacturer. Shipping Same Day From Lahore",https://www.shophive.com/media/catalog/product/cache/3875881abdd255ac261538b8462285e9/l/a/laptop_15_9.jpg,"Lenovo ThinkBook 16 G6 Raptor Lake i5-1335U 8GB 256GB SSD Lenovo Laptops Laptops Brand Lenovo. Series ThinkBook. Screen Size 16"". Screen Resolution 1920 x 1200. Touchscreen No. Operating System DOS. Generation Intel 13th Generation. Processor Type Intel Core i5. Processor Model Info n/a. Processor Speed 1.3 GHz. Processor Turbo 4.6 GHz (Up to). Processor Cache 12 MB. RAM 8GB. HDD Interface SSD. Hard Disk Capacity 256GB SSD. Graphics Intel Integrated Graphics. Graphics Detail Intel Iris XE Graphics. Video Memory Shared. Optical Drive No Optical Drive. USB Ports 2 ports. Numeric Pad Yes. HDMI Yes. Backlit Keyboard No. Warranty 1 Year Manufacturer. Shipping Same Day From Lahore",Lenovo,0.0,Laptops,Laptops,598.21
P0332,Xiaomi Mi Note 10,Display 6.47 inches. RAM 6GB RAM. Battery 5260 mAh. Back Camera 108 MP + 12 MP + 20 MP +5 MP + 2 MP,https://images.priceoye.pk/xiaomi-mi-note-10-pakistan-priceoye-9z8n9-270x270.webp,Xiaomi Mi Note 10 Xiaomi Mobile Phones Smartphones Display 6.47 inches. RAM 6GB RAM. Battery 5260 mAh. Back Camera 108 MP + 12 MP + 20 MP +5 MP + 2 MP,Xiaomi,5.0,Mobile Phones,Smartphones,285.71
P0333,Apple MacBook Pro MRW13 M3 Pro 16 Inch 512GB Space Black 2023,Brand Apple. Series Macbook Pro. Screen Size 16.2''. Screen Resolution 3456 x 2234. Touchscreen No. Operating System Mac OS. Generation Apple M3 Generation. Processor Type M3 Pro. Processor Model Info n/a. Processor Speed Info n/a. Processor Turbo Info n/a. Processor Cache Info n/a. RAM 18GB. HDD Interface SSD. Hard Disk Capacity 512GB. Graphics Info na. Graphics Detail Info n/a. Video Memory Shared. Optical Drive No Optical Drive. USB Ports 3 ports. Numeric Pad No. HDMI Yes. Backlit Keyboard Yes. Warranty 1 Year Manufacturer. Shipping 24 - 48 hrs,https://www.shophive.com/media/catalog/product/cache/3875881abdd255ac261538b8462285e9/l/a/laptop_6_1.jpg,Apple MacBook Pro MRW13 M3 Pro 16 Inch 512GB Space Black 2023 Apple Laptops MacBooks Brand Apple. Series Macbook Pro. Screen Size 16.2''. Screen Resolution 3456 x 2234. Touchscreen No. Operating System Mac OS. Generation Apple M3 Generation. Processor Type M3 Pro. Processor Model Info n/a. Processor Speed Info n/a. Processor Turbo Info n/a. Processor Cache Info n/a. RAM 18GB. HDD Interface SSD. Hard Disk Capacity 512GB. Graphics Info na. Graphics Detail Info n/a. Video Memory Shared. Optical Drive No Optical Drive. USB Ports 3 ports. Numeric Pad No. HDMI Yes. Backlit Keyboard Yes. Warranty 1 Year Manufacturer. Shipping 24 - 48 hrs,Apple,0.0,Laptops,MacBooks,3160.71
P0334,Sparx Neo 6 3GB 32GB,"Brand Sparx. Operating System Android. Screen Size 6.5"". Internal Memory 32GB. RAM 3GB. Main Camera Pixel 13.0. Dual Sim Yes. Expandable Memory Yes. Warranty 1 Year Manufacturer. Shipping Same Day From Lahore. Color Grey",https://www.shophive.com/media/catalog/product/cache/3875881abdd255ac261538b8462285e9/u/n/untitled_design_50_.jpg,"Sparx Neo 6 3GB 32GB Sparx Mobile Phones Smartphones Brand Sparx. Operating System Android. Screen Size 6.5"". Internal Memory 32GB. RAM 3GB. Main Camera Pixel 13.0. Dual Sim Yes. Expandable Memory Yes. Warranty 1 Year Manufacturer. Shipping Same Day From Lahore. Color Grey",Sparx,0.0,Mobile Phones,Smartphones,87.5
P0335,Apple AirPods Max Wireless Headphones MGYH3AM,Brand Apple. Wireless Yes. Noise Cancelling Yes. Mic Yes. Warranty 7 Day Replacement. Shipping 24 - 48 hrs,https://www.shophive.com/media/catalog/product/cache/3875881abdd255ac261538b8462285e9/d/e/design_colors_gray_front__bgkzj4cnbafm_large-removebg-preview_2.jpg,Apple AirPods Max Wireless Headphones MGYH3AM Apple Earbuds AirPods Brand Apple. Wireless Yes. Noise Cancelling Yes. Mic Yes. Warranty 7 Day Replacement. Shipping 24 - 48 hrs,Apple,0.0,Earbuds,AirPods,535.71
P0336,Wacom Intuos Pen,Brand Wacom. Warranty 7 Day Replacement. Shipping Same Day From Lahore,https://www.shophive.com/media/catalog/product/cache/3875881abdd255ac261538b8462285e9/1/4/1484002249000_1303598.png,Wacom Intuos Pen Wacom Tablets Drawing Tablets Brand Wacom. Warranty 7 Day Replacement. Shipping Same Day From Lahore,Wacom,0.0,Tablets,Drawing Tablets,39.28
P0337,Realme Race,Display 6.4 Inches. RAM 12 GB. Battery 4500 mAh. Back Camera 64 MP,https://images.priceoye.pk/realme-race-pakistan-priceoye-eo855-270x270.webp,Realme Race Realme Mobile Phones Smartphones Display 6.4 Inches. RAM 12 GB. Battery 4500 mAh. Back Camera 64 MP,Realme,5.0,Mobile Phones,Smartphones,250.0
P0338,HP Notebook 15 250 G10 i5-1355U 16GB 512GB SSD,"Brand HP. Series Notebook. Screen Size 15.6"". Screen Resolution 1920 x 1080. Touchscreen No. Operating System DOS. Generation Intel 13th Generation. Processor Type Intel Core i5. Processor Model Info n/a. Processor Speed 3.4 GHz. Processor Turbo 4.6 GHz (Up to). Processor Cache 12 MB. RAM 16GB. HDD Interface SSD. Hard Disk Capacity 512GB SSD. Graphics Intel Integrated Graphics. Graphics Detail Intel Iris XE Graphics. Video Memory Shared. Optical Drive No Optical Drive. USB Ports 2 ports. Numeric Pad Yes. HDMI Yes. Backlit Keyboard No. Warranty 7 Day Replacement. Shipping Coming Soon",https://www.shophive.com/media/catalog/product/cache/3875881abdd255ac261538b8462285e9/h/p/hp_17_3_1.jpg,"HP Notebook 15 250 G10 i5-1355U 16GB 512GB SSD HP Laptops Laptops Brand HP. Series Notebook. Screen Size 15.6"". Screen Resolution 1920 x 1080. Touchscreen No. Operating System DOS. Generation Intel 13th Generation. Processor Type Intel Core i5. Processor Model Info n/a. Processor Speed 3.4 GHz. Processor Turbo 4.6 GHz (Up to). Processor Cache 12 MB. RAM 16GB. HDD Interface SSD. Hard Disk Capacity 512GB SSD. Graphics Intel Integrated Graphics. Graphics Detail Intel Iris XE Graphics. Video Memory Shared. Optical Drive No Optical Drive. USB Ports 2 ports. Numeric Pad Yes. HDMI Yes. Backlit Keyboard No. Warranty 7 Day Replacement. Shipping Coming Soon",HP,0.0,Laptops,Laptops,612.5
P0339,Tecno Camon 40 Pro,Display 6.78 inches. RAM 16 GB (8GB + 8GB EXTENDED). Battery 5200 mAh. Back Camera 50 MP + 8 MP,https://images.priceoye.pk/tecno-camon-40-pro-pakistan-priceoye-srubz-270x270.webp,Tecno Camon 40 Pro Tecno Mobile Phones Smartphones Display 6.78 inches. RAM 16 GB (8GB + 8GB EXTENDED). Battery 5200 mAh. Back Camera 50 MP + 8 MP,Tecno,5.0,Mobile Phones,Smartphones,235.71
P0340,Xiaomi Redmi X,Display 6.3 inches. RAM 4 GB RAM OR 64 GB 4/6 GB RAM OR 32 GB 3 GB RAM. Battery 4000 mAh. Back Camera 48 MP,https://images.priceoye.pk/xiaomi-redmi-x-pakistan-priceoye-ly0cf-270x270.webp,Xiaomi Redmi X Xiaomi Mobile Phones Smartphones Display 6.3 inches. RAM 4 GB RAM OR 64 GB 4/6 GB RAM OR 32 GB 3 GB RAM. Battery 4000 mAh. Back Camera 48 MP,Xiaomi,5.0,Mobile Phones,Smartphones,107.14
P0341,Xiaomi Redmi Note 13 Pro Plus 5G 12GB 512GB,"Brand Mi. Operating System Android. Screen Size 6.6"". Internal Memory 512GB. RAM 12GB. Main Camera Pixel 200. Dual Sim Yes. Water Resistant Yes. Expandable Memory No. Warranty 1 Year Manufacturer. Shipping Same Day From Lahore. Color Black",https://www.shophive.com/media/catalog/product/cache/3875881abdd255ac261538b8462285e9/i/m/image-removebg-preview_-_2024-01-27t131628.620.jpg,"Xiaomi Redmi Note 13 Pro Plus 5G 12GB 512GB Xiaomi Mobile Phones Smartphones Brand Mi. Operating System Android. Screen Size 6.6"". Internal Memory 512GB. RAM 12GB. Main Camera Pixel 200. Dual Sim Yes. Water Resistant Yes. Expandable Memory No. Warranty 1 Year Manufacturer. Shipping Same Day From Lahore. Color Black",Xiaomi,0.0,Mobile Phones,Smartphones,521.42
P0342,Asus Zenbook 14 OLED i7-1260P 16GB 512GB SSD UX3402ZA-KM731WS,"Brand Asus. Series ZenBook. Screen Size 14"". Screen Resolution 2880 x 1800. Touchscreen No. Operating System Windows 11 Home. Generation Intel 12Th Generation. Processor Type Intel Core i7. Processor Model i7-1260P. Processor Speed 3.4 GHz. Processor Turbo 4.7 GHz (Up to). Processor Cache 18 MB. RAM 16GB. HDD Interface SSD. Hard Disk Capacity 512GB SSD. Graphics Intel Integrated Graphics. Graphics Detail Intel Iris XE Graphics. Video Memory Shared. Optical Drive No Optical Drive. USB Ports 2 ports. Numeric Pad No. HDMI Yes. Backlit Keyboard Yes. Warranty 7 Day Replacement. Shipping 5 - 10 Days",https://www.shophive.com/media/catalog/product/cache/3875881abdd255ac261538b8462285e9/a/s/asus_13_1_1.jpg,"Asus Zenbook 14 OLED i7-1260P 16GB 512GB SSD UX3402ZA-KM731WS Asus Laptops Laptops Brand Asus. Series ZenBook. Screen Size 14"". Screen Resolution 2880 x 1800. Touchscreen No. Operating System Windows 11 Home. Generation Intel 12Th Generation. Processor Type Intel Core i7. Processor Model i7-1260P. Processor Speed 3.4 GHz. Processor Turbo 4.7 GHz (Up to). Processor Cache 18 MB. RAM 16GB. HDD Interface SSD. Hard Disk Capacity 512GB SSD. Graphics Intel Integrated Graphics. Graphics Detail Intel Iris XE Graphics. Video Memory Shared. Optical Drive No Optical Drive. USB Ports 2 ports. Numeric Pad No. HDMI Yes. Backlit Keyboard Yes. Warranty 7 Day Replacement. Shipping 5 - 10 Days",Asus,0.0,Laptops,Laptops,1303.57
P0343,Infinix S2 Pro X522,Display 5.2 inches. RAM 32GB 3GB RAM (S2 PRO). Battery 3000 mAh. Back Camera 13 MP,https://images.priceoye.pk/infinix-s2-pro-x522-pakistan-priceoye-woovu-270x270.webp,Infinix S2 Pro X522 Infinix Mobile Phones Smartphones Display 5.2 inches. RAM 32GB 3GB RAM (S2 PRO). Battery 3000 mAh. Back Camera 13 MP,Infinix,5.0,Mobile Phones,Smartphones,57.14
P0344,Xiaomi Mi Max 4 Pro,Display 7.2 inches. RAM 6/8 GB RAM OR 64 GB 6 GB RAM. Battery 5800 mAh. Back Camera 48 MP,https://images.priceoye.pk/xiaomi-mi-max-4-pro-pakistan-priceoye-z0nyc-270x270.webp,Xiaomi Mi Max 4 Pro Xiaomi Mobile Phones Smartphones Display 7.2 inches. RAM 6/8 GB RAM OR 64 GB 6 GB RAM. Battery 5800 mAh. Back Camera 48 MP,Xiaomi,4.0,Mobile Phones,Smartphones,200.0
P0345,"Apple Macbook Air 2022 M2 13.6"" 8GB 512GB SSD Silver MLY03","Brand Apple. Series Macbook Air. Screen Size 13.6"". Screen Resolution 2560 x 1664. Touchscreen No. Operating System Mac OS. Generation Apple M2 Generation. Processor Type M2. Processor Model Info n/a. Processor Speed Info n/a. Processor Turbo Info n/a. Processor Cache Info n/a. RAM 8GB. HDD Interface SSD. Hard Disk Capacity 512GB SSD. Graphics Info na. Graphics Detail Info n/a. Video Memory Shared. Optical Drive No Optical Drive. USB Ports 2 ports. Numeric Pad No. HDMI No. Backlit Keyboard Yes. Warranty Manufacturer Warranty. Shipping Same Day From Lahore",https://www.shophive.com/media/catalog/product/cache/3875881abdd255ac261538b8462285e9/i/m/image-removebg-preview_41__15.png,"Apple Macbook Air 2022 M2 13.6"" 8GB 512GB SSD Silver MLY03 Apple Laptops MacBooks Brand Apple. Series Macbook Air. Screen Size 13.6"". Screen Resolution 2560 x 1664. Touchscreen No. Operating System Mac OS. Generation Apple M2 Generation. Processor Type M2. Processor Model Info n/a. Processor Speed Info n/a. Processor Turbo Info n/a. Processor Cache Info n/a. RAM 8GB. HDD Interface SSD. Hard Disk Capacity 512GB SSD. Graphics Info na. Graphics Detail Info n/a. Video Memory Shared. Optical Drive No Optical Drive. USB Ports 2 ports. Numeric Pad No. HDMI No. Backlit Keyboard Yes. Warranty Manufacturer Warranty. Shipping Same Day From Lahore",Apple,0.0,Laptops,MacBooks,1096.42
P0346,Xiaomi 14T 12GB 512GB,"Brand Mi. Operating System Android. Screen Size 6.6"". Internal Memory 512GB. RAM 12GB. Main Camera Pixel 50.0. Dual Sim Yes. Water Resistant Yes. Expandable Memory No. Warranty 1 Year Manufacturer. Shipping Same Day From Lahore. Color Black",https://www.shophive.com/media/catalog/product/cache/3875881abdd255ac261538b8462285e9/m/o/mobile_2_1_5.jpg,"Xiaomi 14T 12GB 512GB Xiaomi Mobile Phones Smartphones Brand Mi. Operating System Android. Screen Size 6.6"". Internal Memory 512GB. RAM 12GB. Main Camera Pixel 50.0. Dual Sim Yes. Water Resistant Yes. Expandable Memory No. Warranty 1 Year Manufacturer. Shipping Same Day From Lahore. Color Black",Xiaomi,0.0,Mobile Phones,Smartphones,603.57
P0347,Vivo V23 Pro,Display 6.58 Inches. RAM 8/12 GB. Battery 4320 mAh. Back Camera 108 MP + 2 MP + 2 MP,https://images.priceoye.pk/vivo-v23-pro-pakistan-priceoye-oyq0s-270x270.webp,Vivo V23 Pro Vivo Mobile Phones Smartphones Display 6.58 Inches. RAM 8/12 GB. Battery 4320 mAh. Back Camera 108 MP + 2 MP + 2 MP,Vivo,5.0,Mobile Phones,Smartphones,285.71
P0348,Xiaomi Poco F3,Display 6.67 inches. RAM 6/8 GB. Battery 4520 mAh. Back Camera 48 MP + 8 MP + 5 MP,https://images.priceoye.pk/xiaomi-poco-f3-pakistan-priceoye-5xi23-270x270.webp,Xiaomi Poco F3 Xiaomi Mobile Phones Smartphones Display 6.67 inches. RAM 6/8 GB. Battery 4520 mAh. Back Camera 48 MP + 8 MP + 5 MP,Xiaomi,5.0,Mobile Phones,Smartphones,207.85
P0349,Samsung Galaxy Tab S9 X710 12GB 256GB,"Brand Samsung. Operating System Android. RAM 12GB. Screen Size 11"". Warranty 7 Day Replacement. Internal Memory 256GB. Expandable Memory Yes. Phone Option No. Shipping 24 - 48 hrs",https://www.shophive.com/media/catalog/product/cache/3875881abdd255ac261538b8462285e9/s/a/samsung_30_1.jpg,"Samsung Galaxy Tab S9 X710 12GB 256GB Samsung Tablets Android Tablets Brand Samsung. Operating System Android. RAM 12GB. Screen Size 11"". Warranty 7 Day Replacement. Internal Memory 256GB. Expandable Memory Yes. Phone Option No. Shipping 24 - 48 hrs",Samsung,0.0,Tablets,Android Tablets,660.71
P0350,Oppo Reno 13F 8GB 256GB,"Brand Oppo. Operating System Android. Screen Size 6.6"". Internal Memory 256GB. RAM 8GB. Main Camera Pixel 50.0. Dual Sim Yes. Water Resistant Yes. Expandable Memory No. Warranty 1 Year Manufacturer. Shipping Same Day From Lahore. Color Grey",https://www.shophive.com/media/catalog/product/cache/3875881abdd255ac261538b8462285e9/o/p/oppo_3_1.jpg,"Oppo Reno 13F 8GB 256GB Oppo Mobile Phones Smartphones Brand Oppo. Operating System Android. Screen Size 6.6"". Internal Memory 256GB. RAM 8GB. Main Camera Pixel 50.0. Dual Sim Yes. Water Resistant Yes. Expandable Memory No. Warranty 1 Year Manufacturer. Shipping Same Day From Lahore. Color Grey",Oppo,0.0,Mobile Phones,Smartphones,275.0
P0351,Infinix Note 30 Pro 8GB 256GB,"Brand Infinix. Operating System Android. Screen Size 6.7"". Internal Memory 256GB. RAM 8GB. Main Camera Pixel 108. Dual Sim Yes. Water Resistant No. Expandable Memory Yes. Warranty 1 Year Manufacturer. Shipping Same Day From Lahore. Color Black",https://www.shophive.com/media/catalog/product/cache/3875881abdd255ac261538b8462285e9/u/n/untitled_design_49__1.jpg,"Infinix Note 30 Pro 8GB 256GB Infinix Mobile Phones Smartphones Brand Infinix. Operating System Android. Screen Size 6.7"". Internal Memory 256GB. RAM 8GB. Main Camera Pixel 108. Dual Sim Yes. Water Resistant No. Expandable Memory Yes. Warranty 1 Year Manufacturer. Shipping Same Day From Lahore. Color Black",Infinix,0.0,Mobile Phones,Smartphones,225.0
P0352,Apple Watch Ultra 2 Titanium 49mm Case With Orange Ocean Band,Brand Apple. Shipping Same Day From Lahore,https://www.shophive.com/media/catalog/product/cache/3875881abdd255ac261538b8462285e9/u/l/ultra_17.jpg,Apple Watch Ultra 2 Titanium 49mm Case With Orange Ocean Band Apple Smart Watches Premium Smart Watches Brand Apple. Shipping Same Day From Lahore,Apple,0.0,Smart Watches,Premium Smart Watches,892.85
P0353,Xiaomi Mi 9,Display 6.4 inches. RAM 8 GB RAM OR 128 GB 6/8 GB RAM. Battery 3500 mAh. Back Camera N/A,https://images.priceoye.pk/xiaomi-mi-9-pakistan-priceoye-1jf6v-270x270.webp,Xiaomi Mi 9 Xiaomi Mobile Phones Smartphones Display 6.4 inches. RAM 8 GB RAM OR 128 GB 6/8 GB RAM. Battery 3500 mAh. Back Camera N/A,Xiaomi,3.8,Mobile Phones,Smartphones,250.0
P0354,Xiaomi Redmi Note 11,Display 6.43 inches. RAM 4/6 GB. Battery 5000 mAh. Back Camera 50 MP + 8 MP + 2 MP + 2 MP,https://images.priceoye.pk/xiaomi-redmi-note-11-pakistan-priceoye-9rtdq-270x270.webp,Xiaomi Redmi Note 11 Xiaomi Mobile Phones Smartphones Display 6.43 inches. RAM 4/6 GB. Battery 5000 mAh. Back Camera 50 MP + 8 MP + 2 MP + 2 MP,Xiaomi,4.9,Mobile Phones,Smartphones,196.43
P0355,Oppo Reno 5G,Display 6.6 inches. RAM 8 GB RAM. Battery 4065 mAh. Back Camera 48 MP,https://images.priceoye.pk/oppo-reno-5g-pakistan-priceoye-3d5y4-270x270.webp,Oppo Reno 5G Oppo Mobile Phones Smartphones Display 6.6 inches. RAM 8 GB RAM. Battery 4065 mAh. Back Camera 48 MP,Oppo,3.0,Mobile Phones,Smartphones,321.43
P0356,Dell Vostro 3520 12th Gen Core i3 15.6 inches (8GB-512GB),Display 15.6 inches. Generation 12th Generation. Processor 1215u PROCESSOR. Internal Memory 512 GB PCIe® NVMe™ M.2 SSD,https://images.priceoye.pk/dell-vostro-3520-12th-gen-core-i3-15-6-inches-8gb-512gb-pakistan-priceoye-oghmh-270x270.webp,Dell Vostro 3520 12th Gen Core i3 15.6 inches (8GB-512GB) Dell Laptops Laptops Display 15.6 inches. Generation 12th Generation. Processor 1215u PROCESSOR. Internal Memory 512 GB PCIe® NVMe™ M.2 SSD,Dell,5.0,Laptops,Laptops,375.0
P0357,HP Envy x360 2 in 1 14 FC0023DX Core Ultra 7 Laptop,Display 3.08 lb. Generation 13th Generation. Processor Intel Core Ultra 7 155U. Internal Memory 1TB,https://images.priceoye.pk/hp-envy-x360-2-in-1-14-fc0023dx-core-ultra-7-laptop-pakistan-priceoye-inai6-270x270.webp,HP Envy x360 2 in 1 14 FC0023DX Core Ultra 7 Laptop HP Laptops Laptops Display 3.08 lb. Generation 13th Generation. Processor Intel Core Ultra 7 155U. Internal Memory 1TB,HP,5.0,Laptops,Laptops,928.57
P0358,Samsung Galaxy Z Flip Lite,Display 6.7 Inches. RAM 8 GB. Battery 3300 mAh. Back Camera 12 MP + 12 MP,https://images.priceoye.pk/samsung-galaxy-z-flip-lite-pakistan-priceoye-q57t1-270x270.webp,Samsung Galaxy Z Flip Lite Samsung Mobile Phones Smartphones Display 6.7 Inches. RAM 8 GB. Battery 3300 mAh. Back Camera 12 MP + 12 MP,Samsung,5.0,Mobile Phones,Smartphones,550.0
P0359,Xiaomi Mi 11,Display 6.81 inches. RAM 8 GB. Battery 4600 mAh. Back Camera 108 MP + 13 MP + 5 MP,https://images.priceoye.pk/xiaomi-mi-11-pakistan-priceoye-vkzh7-270x270.webp,Xiaomi Mi 11 Xiaomi Mobile Phones Smartphones Display 6.81 inches. RAM 8 GB. Battery 4600 mAh. Back Camera 108 MP + 13 MP + 5 MP,Xiaomi,5.0,Mobile Phones,Smartphones,517.85
P0360,Apple iPhone 12 128GB PTA Approved,"Brand Apple. Operating System Apple iOS. Screen Size 6.1"". Internal Memory 128GB. RAM 4GB. Main Camera Pixel 12.0. Dual Sim Yes. Water Resistant Yes. Expandable Memory No. Warranty 1 Year Manufacturer. Shipping Same Day From Lahore. Color Black",https://www.shophive.com/media/catalog/product/cache/3875881abdd255ac261538b8462285e9/i/m/image-removebg-preview_-_2024-03-30t132538.543.jpg,"Apple iPhone 12 128GB PTA Approved Apple Mobile Phones Smartphones Brand Apple. Operating System Apple iOS. Screen Size 6.1"". Internal Memory 128GB. RAM 4GB. Main Camera Pixel 12.0. Dual Sim Yes. Water Resistant Yes. Expandable Memory No. Warranty 1 Year Manufacturer. Shipping Same Day From Lahore. Color Black",Apple,0.0,Mobile Phones,Smartphones,660.71
P0361,Oppo Find 7,Display 5.5 inches. RAM 3 GB RAM. Battery 3000 mAh. Back Camera 13 MP,https://images.priceoye.pk/oppo-find-7-pakistan-priceoye-270x270.webp,Oppo Find 7 Oppo Mobile Phones Smartphones Display 5.5 inches. RAM 3 GB RAM. Battery 3000 mAh. Back Camera 13 MP,Oppo,5.0,Mobile Phones,Smartphones,187.5
P0362,Lenovo ThinkPad X1 Carbon Gen 13 Intel Core Ultra 7 258V 16GB 512GB SSD,"Brand Lenovo. Series ThinkPad. Screen Size 14"". Screen Resolution 1920 x 1200. Touchscreen No. Operating System Windows 11 Pro. Generation Info n/a. Processor Type Intel Core Ultra 7. Processor Model Info n/a. Processor Speed 3.7 GHz. Processor Turbo 4.8 GHz (Up to). Processor Cache 12 MB. RAM 16GB. HDD Interface SSD. Hard Disk Capacity 512GB SSD. Graphics Intel Integrated Graphics. Graphics Detail Info n/a. Video Memory Shared. Optical Drive No Optical Drive. USB Ports 2 ports. Numeric Pad No. HDMI Yes. Backlit Keyboard Yes. Warranty 1 Year Manufacturer. Shipping Same Day From Lahore",https://www.shophive.com/media/catalog/product/cache/3875881abdd255ac261538b8462285e9/l/a/laptop_77_6.jpg,"Lenovo ThinkPad X1 Carbon Gen 13 Intel Core Ultra 7 258V 16GB 512GB SSD Lenovo Laptops Business Laptops Brand Lenovo. Series ThinkPad. Screen Size 14"". Screen Resolution 1920 x 1200. Touchscreen No. Operating System Windows 11 Pro. Generation Info n/a. Processor Type Intel Core Ultra 7. Processor Model Info n/a. Processor Speed 3.7 GHz. Processor Turbo 4.8 GHz (Up to). Processor Cache 12 MB. RAM 16GB. HDD Interface SSD. Hard Disk Capacity 512GB SSD. Graphics Intel Integrated Graphics. Graphics Detail Info n/a. Video Memory Shared. Optical Drive No Optical Drive. USB Ports 2 ports. Numeric Pad No. HDMI Yes. Backlit Keyboard Yes. Warranty 1 Year Manufacturer. Shipping Same Day From Lahore",Lenovo,0.0,Laptops,Business Laptops,2282.14
P0363,Samsung Galaxy A5 (2019),Display 5.0 inches. RAM 2 GB RAM. Battery 2300 mAh. Back Camera 13 MP,https://images.priceoye.pk/samsung-galaxy-a5-pakistan-priceoye-270x270.webp,Samsung Galaxy A5 (2019) Samsung Mobile Phones Smartphones Display 5.0 inches. RAM 2 GB RAM. Battery 2300 mAh. Back Camera 13 MP,Samsung,3.5,Mobile Phones,Smartphones,82.14
P0364,Realme 13+ 5G,Display 6.67inch. RAM 12 GB +14 GB DYNAMIC RAM. Battery 5000 mAh. Back Camera 50MP Sony LYT-600 OIS Camera + 8MP ultra-wide,https://images.priceoye.pk/realme-13-plus-5g-pakistan-priceoye-78si6-270x270.webp,Realme 13+ 5G Realme Mobile Phones Smartphones Display 6.67inch. RAM 12 GB +14 GB DYNAMIC RAM. Battery 5000 mAh. Back Camera 50MP Sony LYT-600 OIS Camera + 8MP ultra-wide,Realme,4.9,Mobile Phones,Smartphones,271.43
P0365,Apple MacBook Pro 2022 M2 13.3 256GB MNEP3 Silver,"Brand Apple. Series Macbook Pro. Screen Size 13.3"". Screen Resolution 2560 x 1600. Touchscreen No. Operating System Mac OS. Generation Apple M2 Generation. Processor Type M2. Processor Model Info n/a. Processor Speed Info n/a. Processor Turbo Info n/a. Processor Cache Info n/a. RAM 8GB. HDD Interface SSD. Hard Disk Capacity 256GB SSD. Graphics Info na. Graphics Detail Info n/a. Video Memory Shared. Optical Drive No Optical Drive. USB Ports 2 Ports Type-C. Numeric Pad No. HDMI No. Backlit Keyboard Yes. Warranty Manufacturer Warranty. Shipping Same Day From Lahore",https://www.shophive.com/media/catalog/product/cache/3875881abdd255ac261538b8462285e9/i/m/image-removebg-preview-_93__2.jpg,"Apple MacBook Pro 2022 M2 13.3 256GB MNEP3 Silver Apple Laptops MacBooks Brand Apple. Series Macbook Pro. Screen Size 13.3"". Screen Resolution 2560 x 1600. Touchscreen No. Operating System Mac OS. Generation Apple M2 Generation. Processor Type M2. Processor Model Info n/a. Processor Speed Info n/a. Processor Turbo Info n/a. Processor Cache Info n/a. RAM 8GB. HDD Interface SSD. Hard Disk Capacity 256GB SSD. Graphics Info na. Graphics Detail Info n/a. Video Memory Shared. Optical Drive No Optical Drive. USB Ports 2 Ports Type-C. Numeric Pad No. HDMI No. Backlit Keyboard Yes. Warranty Manufacturer Warranty. Shipping Same Day From Lahore",Apple,0.0,Laptops,MacBooks,1214.28
P0366,Vivo Y02 3GB 32GB,"Brand Vivo. Operating System Android. Screen Size 6.5"". Internal Memory 32GB. RAM 32GB. Main Camera Pixel 8.0. Dual Sim Yes. Water Resistant No. Expandable Memory Yes. Warranty 1 Year Manufacturer. Shipping Same Day From Lahore. Color Grey",https://www.shophive.com/media/catalog/product/cache/3875881abdd255ac261538b8462285e9/u/n/untitled_design_40__1.jpg,"Vivo Y02 3GB 32GB Vivo Mobile Phones Smartphones Brand Vivo. Operating System Android. Screen Size 6.5"". Internal Memory 32GB. RAM 32GB. Main Camera Pixel 8.0. Dual Sim Yes. Water Resistant No. Expandable Memory Yes. Warranty 1 Year Manufacturer. Shipping Same Day From Lahore. Color Grey",Vivo,0.0,Mobile Phones,Smartphones,103.57
P0367,Tecno Spark 10C,Display 6.6 Inches. RAM 4 GB. Battery 5000 mAh. Back Camera 16 MP,https://images.priceoye.pk/tecno-spark-10c-pakistan-priceoye-5j5gt-270x270.webp,Tecno Spark 10C Tecno Mobile Phones Smartphones Display 6.6 Inches. RAM 4 GB. Battery 5000 mAh. Back Camera 16 MP,Tecno,4.9,Mobile Phones,Smartphones,85.71
P0368,Xiaomi Mi 5s,Display 5.15 inches. RAM 4 GB RAM OR 64 GB 3 GB RAM. Battery 3200 mAh. Back Camera 12 MP,https://images.priceoye.pk/xiaomi-mi-5s-pakistan-priceoye-270x270.webp,Xiaomi Mi 5s Xiaomi Mobile Phones Smartphones Display 5.15 inches. RAM 4 GB RAM OR 64 GB 3 GB RAM. Battery 3200 mAh. Back Camera 12 MP,Xiaomi,4.0,Mobile Phones,Smartphones,128.57
P0369,Samsung Galaxy Note 20 Ultra,Display 6.9 inches. RAM 8 GB. Battery 4500 mAh. Back Camera 12MP + 108MP + 12MP,https://images.priceoye.pk/samsung-galaxy-note-20-ultra-pakistan-priceoye-9ke9j-270x270.webp,Samsung Galaxy Note 20 Ultra Samsung Mobile Phones Smartphones Display 6.9 inches. RAM 8 GB. Battery 4500 mAh. Back Camera 12MP + 108MP + 12MP,Samsung,5.0,Mobile Phones,Smartphones,742.85
P0370,Tecno Phantom V Flip,"Display Main Screen: 6.9 Inches, Cover Screen 1.32 Inches. RAM 8GB. Battery 4000 mAh. Back Camera 64 MP + 13 MP",https://images.priceoye.pk/tecno-phantom-v-flip-pakistan-priceoye-hyvt3-270x270.webp,"Tecno Phantom V Flip Tecno Mobile Phones Smartphones Display Main Screen: 6.9 Inches, Cover Screen 1.32 Inches. RAM 8GB. Battery 4000 mAh. Back Camera 64 MP + 13 MP",Tecno,5.0,Mobile Phones,Smartphones,464.28
P0371,Xiaomi Mi 10 Youth 5G,Display 6.57 inches. RAM 6/8 GB. Battery 4160 mAh. Back Camera 48 MP + 8 MP + 8 MP + 2 MP,https://images.priceoye.pk/xiaomi-mi-10-youth-5g-pakistan-priceoye-cdzq6-270x270.webp,Xiaomi Mi 10 Youth 5G Xiaomi Mobile Phones Smartphones Display 6.57 inches. RAM 6/8 GB. Battery 4160 mAh. Back Camera 48 MP + 8 MP + 8 MP + 2 MP,Xiaomi,5.0,Mobile Phones,Smartphones,232.14
P0372,Infinix Hot 10,Display 6.78 inches. RAM 4/6 GB. Battery 5200 mAh. Back Camera 16 MP + 2 MP + 2 MP,https://images.priceoye.pk/infinix-hot-10-pakistan-priceoye-lfly5-270x270.webp,Infinix Hot 10 Infinix Mobile Phones Smartphones Display 6.78 inches. RAM 4/6 GB. Battery 5200 mAh. Back Camera 16 MP + 2 MP + 2 MP,Infinix,4.8,Mobile Phones,Smartphones,70.0
P0373,Tecno Pop 5P,Display 6.52 Inches. RAM 2 GB. Battery 5000 mAh. Back Camera 8 MP,https://images.priceoye.pk/tecno-pop-5p-pakistan-priceoye-pp1u4-270x270.webp,Tecno Pop 5P Tecno Mobile Phones Smartphones Display 6.52 Inches. RAM 2 GB. Battery 5000 mAh. Back Camera 8 MP,Tecno,5.0,Mobile Phones,Smartphones,67.85
P0374,ASUS ROG Strix G173P Ryzen 9 7945HX 16GB 1TB SSD,"Brand Asus. Series ROG. Screen Size 17.3"". Screen Resolution 2560 x 1400. Touchscreen No. Operating System Windows 11 Home. Generation AMD Ryzen Generation. Processor Type AMD Ryzen 9. Processor Model Ryzen 9 7945HX. Processor Speed 2.5 GHz. Processor Turbo 5.3GHz. Processor Cache 64MB. RAM 16GB. HDD Interface SSD. Hard Disk Capacity 1TB SSD. Graphics Nvidia Graphics. Graphics Detail RTX 4060 (Nvidia Geforce). Video Memory 8 GB. Optical Drive No Optical Drive. USB Ports 3 ports. Numeric Pad No. HDMI Yes. Backlit Keyboard Yes. Warranty 7 Day Replacement. Shipping 24 - 48 hrs",https://www.shophive.com/media/catalog/product/cache/3875881abdd255ac261538b8462285e9/i/m/image-removebg-preview_-_2023-05-10t133748.399.png,"ASUS ROG Strix G173P Ryzen 9 7945HX 16GB 1TB SSD Asus Laptops Gaming Laptops Brand Asus. Series ROG. Screen Size 17.3"". Screen Resolution 2560 x 1400. Touchscreen No. Operating System Windows 11 Home. Generation AMD Ryzen Generation. Processor Type AMD Ryzen 9. Processor Model Ryzen 9 7945HX. Processor Speed 2.5 GHz. Processor Turbo 5.3GHz. Processor Cache 64MB. RAM 16GB. HDD Interface SSD. Hard Disk Capacity 1TB SSD. Graphics Nvidia Graphics. Graphics Detail RTX 4060 (Nvidia Geforce). Video Memory 8 GB. Optical Drive No Optical Drive. USB Ports 3 ports. Numeric Pad No. HDMI Yes. Backlit Keyboard Yes. Warranty 7 Day Replacement. Shipping 24 - 48 hrs",Asus,0.0,Laptops,Gaming Laptops,2071.43
P0375,Apple AirPods 4 2024 With Active Noise Cancelation (MXP93),Brand Apple. Wireless Yes. Noise Cancelling Yes. Mic Yes. In-Ear Yes. Warranty Manufacturer Warranty. Shipping Pre Order,https://www.shophive.com/media/catalog/product/cache/3875881abdd255ac261538b8462285e9/i/m/image-removebg-preview_-_2024-09-10t162141.439.jpg,Apple AirPods 4 2024 With Active Noise Cancelation (MXP93) Apple Earbuds AirPods Brand Apple. Wireless Yes. Noise Cancelling Yes. Mic Yes. In-Ear Yes. Warranty Manufacturer Warranty. Shipping Pre Order,Apple,0.0,Earbuds,AirPods,178.57
P0376,Apple iPhone 15 Pro 512GB PTA Approved,"Brand Apple. Operating System Apple iOS. Screen Size 6.1"". Internal Memory 512GB. RAM 8GB. Main Camera Pixel 48. Dual Sim No. Water Resistant Yes. Expandable Memory No. Warranty 1 Year Manufacturer. Shipping Same Day From Lahore. Color Black",https://www.shophive.com/media/catalog/product/cache/3875881abdd255ac261538b8462285e9/i/p/iphone_15_2_4_1.jpg,"Apple iPhone 15 Pro 512GB PTA Approved Apple Mobile Phones Smartphones Brand Apple. Operating System Apple iOS. Screen Size 6.1"". Internal Memory 512GB. RAM 8GB. Main Camera Pixel 48. Dual Sim No. Water Resistant Yes. Expandable Memory No. Warranty 1 Year Manufacturer. Shipping Same Day From Lahore. Color Black",Apple,0.0,Mobile Phones,Smartphones,1889.28
P0377,Itel S23 4G,Display 6.6 Inches. RAM 8/16(8+8GB WITH MEMORY FUSION TECHNOLOGY). Battery 5000 mAh. Back Camera 50 MP + 2 MP,https://images.priceoye.pk/itel-s23-4g-pakistan-priceoye-164i0-270x270.webp,Itel S23 4G Itel Mobile Phones Smartphones Display 6.6 Inches. RAM 8/16(8+8GB WITH MEMORY FUSION TECHNOLOGY). Battery 5000 mAh. Back Camera 50 MP + 2 MP,Itel,4.9,Mobile Phones,Smartphones,79.64
P0378,Samsung Galaxy J5 (2017),Display 5.2 inches. RAM 2 GB RAM - GLOBAL. Battery 3000 mAh. Back Camera 13 MP,https://images.priceoye.pk/samsung-galaxy-j5-2017-pakistan-priceoye-270x270.webp,Samsung Galaxy J5 (2017) Samsung Mobile Phones Smartphones Display 5.2 inches. RAM 2 GB RAM - GLOBAL. Battery 3000 mAh. Back Camera 13 MP,Samsung,3.3,Mobile Phones,Smartphones,94.64
P0379,Tecno Camon i Ace 2,Display 5.5 inches. RAM 2 GB. Battery 3050 mAh. Back Camera 13 MP,https://images.priceoye.pk/tecno-camon-i-ace2-pakistan-priceoye-ljmik-270x270.webp,Tecno Camon i Ace 2 Tecno Mobile Phones Smartphones Display 5.5 inches. RAM 2 GB. Battery 3050 mAh. Back Camera 13 MP,Tecno,5.0,Mobile Phones,Smartphones,88.0
P0380,Vivo V21 SE,Display 6.44 Inches. RAM 8 GB. Battery 4300 mAh. Back Camera 48 MP + 8 MP + 2 MP,https://images.priceoye.pk/vivo-v21-se-pakistan-priceoye-1eb59-270x270.webp,Vivo V21 SE Vivo Mobile Phones Smartphones Display 6.44 Inches. RAM 8 GB. Battery 4300 mAh. Back Camera 48 MP + 8 MP + 2 MP,Vivo,5.0,Mobile Phones,Smartphones,175.0
P0381,Samsung Galaxy Z Fold 6 12GB 512GB PTA Approved,"Brand Samsung. Operating System Android. Screen Size 7.6"". Internal Memory 512GB. RAM 12GB. Main Camera Pixel 50.0. Dual Sim Yes. Water Resistant Yes. Expandable Memory No. Warranty 1 Year Manufacturer. Shipping 3 - 5 Days. Color Blue",https://www.shophive.com/media/catalog/product/cache/3875881abdd255ac261538b8462285e9/g/a/galaxy_2.png,"Samsung Galaxy Z Fold 6 12GB 512GB PTA Approved Samsung Mobile Phones Smartphones Brand Samsung. Operating System Android. Screen Size 7.6"". Internal Memory 512GB. RAM 12GB. Main Camera Pixel 50.0. Dual Sim Yes. Water Resistant Yes. Expandable Memory No. Warranty 1 Year Manufacturer. Shipping 3 - 5 Days. Color Blue",Samsung,0.0,Mobile Phones,Smartphones,1964.28
P0382,Oppo Reno 3A,Display 6.44 Inches. RAM 6 GB. Battery 4025 mAh. Back Camera 48 MP + 8 MP + 2 MP + 2 MP,https://images.priceoye.pk/oppo-reno-3a-pakistan-priceoye-5qoyl-270x270.webp,Oppo Reno 3A Oppo Mobile Phones Smartphones Display 6.44 Inches. RAM 6 GB. Battery 4025 mAh. Back Camera 48 MP + 8 MP + 2 MP + 2 MP,Oppo,5.0,Mobile Phones,Smartphones,232.14
P0383,Samsung Galaxy A52,Display 6.5 inches. RAM 4/6/8 GB. Battery 4500 mAh. Back Camera 64 MP + 12 MP + 5 MP + 5 MP,https://images.priceoye.pk/samsung-galaxy-a52-pakistan-priceoye-2qn0r-270x270.webp,Samsung Galaxy A52 Samsung Mobile Phones Smartphones Display 6.5 inches. RAM 4/6/8 GB. Battery 4500 mAh. Back Camera 64 MP + 12 MP + 5 MP + 5 MP,Samsung,4.9,Mobile Phones,Smartphones,217.5
P0384,Tecno Pop 2 Plus,Display 6.0 inches. RAM 1GB RAM. Battery 5000 mAh. Back Camera 5 MP,https://images.priceoye.pk/tecno-pop-2-plus-pakistan-priceoye-twl1d-270x270.webp,Tecno Pop 2 Plus Tecno Mobile Phones Smartphones Display 6.0 inches. RAM 1GB RAM. Battery 5000 mAh. Back Camera 5 MP,Tecno,5.0,Mobile Phones,Smartphones,42.85
P0385,Xiaomi Redmi 5A,Display 5.0 inches. RAM 3 GB RAM OR 16 GB 2 GB RAM. Battery 3000 mAh. Back Camera 13 MP,https://images.priceoye.pk/xiaomi-redmi-5a-hd-pakistan-priceoye-270x270.webp,Xiaomi Redmi 5A Xiaomi Mobile Phones Smartphones Display 5.0 inches. RAM 3 GB RAM OR 16 GB 2 GB RAM. Battery 3000 mAh. Back Camera 13 MP,Xiaomi,3.5,Mobile Phones,Smartphones,55.36
P0386,Xiaomi Black Shark 4 Pro,Display 6.67 inches. RAM 8/12/16 GB. Battery 4500 mAh. Back Camera 64 MP + 8 MP + 5 MP,https://images.priceoye.pk/xiaomi-black-shark-4-pro-pakistan-priceoye-qdqwg-270x270.webp,Xiaomi Black Shark 4 Pro Xiaomi Mobile Phones Smartphones Display 6.67 inches. RAM 8/12/16 GB. Battery 4500 mAh. Back Camera 64 MP + 8 MP + 5 MP,Xiaomi,5.0,Mobile Phones,Smartphones,471.43
P0387,Infinix Smart 8,Display 6.6 Inches. RAM 3/4 GB. Battery 5000 mAh. Back Camera 13 MP Dual,https://images.priceoye.pk/infinix-smart-8-pakistan-priceoye-xgxfc-270x270.webp,Infinix Smart 8 Infinix Mobile Phones Smartphones Display 6.6 Inches. RAM 3/4 GB. Battery 5000 mAh. Back Camera 13 MP Dual,Infinix,4.8,Mobile Phones,Smartphones,67.85
P0388,vivo iQOO 9T,Display 6.78 inches. RAM 8/12GB. Battery 4700 mAh. Back Camera 50/12/13 MP,https://images.priceoye.pk/vivo-iqoo-9t-pakistan-priceoye-fbeut-270x270.webp,vivo iQOO 9T Vivo Mobile Phones Smartphones Display 6.78 inches. RAM 8/12GB. Battery 4700 mAh. Back Camera 50/12/13 MP,Vivo,5.0,Mobile Phones,Smartphones,375.0
P0389,"Xiaomi Redmi Pad Se 8.7"" 6GB 128GB Wifi (2024)","Brand Mi. Operating System Android. RAM 6GB. Screen Size 8.7"". Warranty 1 Year Manufacturer. Internal Memory 128GB. Expandable Memory Yes. Phone Option No. Shipping 3 - 5 Days",https://www.shophive.com/media/catalog/product/cache/3875881abdd255ac261538b8462285e9/t/a/tablet_4_1_1.jpg,"Xiaomi Redmi Pad Se 8.7"" 6GB 128GB Wifi (2024) Xiaomi Tablets Android Tablets Brand Mi. Operating System Android. RAM 6GB. Screen Size 8.7"". Warranty 1 Year Manufacturer. Internal Memory 128GB. Expandable Memory Yes. Phone Option No. Shipping 3 - 5 Days",Xiaomi,0.0,Tablets,Android Tablets,148.21
P0390,Samsung Galaxy A20s,Display 6.5 inches. RAM 3GB OR 4GB. Battery 4000 mAh. Back Camera 13 MP + 8 MP + 5 MP,https://images.priceoye.pk/samsung-galaxy-a20s-pakistan-priceoye-3vb21-270x270.webp,Samsung Galaxy A20s Samsung Mobile Phones Smartphones Display 6.5 inches. RAM 3GB OR 4GB. Battery 4000 mAh. Back Camera 13 MP + 8 MP + 5 MP,Samsung,4.2,Mobile Phones,Smartphones,103.57
P0391,Itel A25 Pro,Display 5 inches. RAM 2GB. Battery 3020 mAh. Back Camera 5 MP,https://images.priceoye.pk/a25-pro-pakistan-priceoye-9nntq-270x270.webp,Itel A25 Pro Itel Mobile Phones Smartphones Display 5 inches. RAM 2GB. Battery 3020 mAh. Back Camera 5 MP,Itel,4.9,Mobile Phones,Smartphones,33.21
P0392,Xiaomi Mi Max 4,Display 7.2 inches. RAM 6 GB RAM OR 64 GB 4/6 GB RAM. Battery 5800 mAh. Back Camera 48 MP,https://images.priceoye.pk/xiaomi-mi-max-4-pakistan-priceoye-jyy6k-270x270.webp,Xiaomi Mi Max 4 Xiaomi Mobile Phones Smartphones Display 7.2 inches. RAM 6 GB RAM OR 64 GB 4/6 GB RAM. Battery 5800 mAh. Back Camera 48 MP,Xiaomi,3.0,Mobile Phones,Smartphones,200.0
P0393,Zero Caliber Pro All-Metal Appearance,Display 1.91. Screen Type TFT. Battery Life Standby Time : 30 days,https://images.priceoye.pk/zero-caliber-pro-all-metal-appearance-pakistan-priceoye-tyti2-270x270.webp,Zero Caliber Pro All-Metal Appearance Zero Smart Watches Smart Watches Display 1.91. Screen Type TFT. Battery Life Standby Time : 30 days,Zero,4.8,Smart Watches,Smart Watches,24.64
P0394,Samsung Galaxy F41,Display 6.5 Inches. RAM 6 GB. Battery 6000 mAh. Back Camera 64 MP + 8 MP + 5 MP + 5 MP,https://images.priceoye.pk/samsung-galaxy-f41-pakistan-priceoye-2rana-270x270.webp,Samsung Galaxy F41 Samsung Mobile Phones Smartphones Display 6.5 Inches. RAM 6 GB. Battery 6000 mAh. Back Camera 64 MP + 8 MP + 5 MP + 5 MP,Samsung,5.0,Mobile Phones,Smartphones,207.14
P0395,Samsung Galaxy S23 Plus,Display 6.6 inches. RAM 8 GB. Battery 4700 mAh. Back Camera 50 MP + 10 MP + 12 MP,https://images.priceoye.pk/samsung-galaxy-s23-plus-pakistan-priceoye-uns8g-270x270.webp,Samsung Galaxy S23 Plus Samsung Mobile Phones Smartphones Display 6.6 inches. RAM 8 GB. Battery 4700 mAh. Back Camera 50 MP + 10 MP + 12 MP,Samsung,5.0,Mobile Phones,Smartphones,1782.14
P0396,Xiaomi Poco Pad 8GB 256GB Wifi (2024),Brand Mi. Operating System Android. RAM 8GB. Screen Size 12''. Warranty Check at Delivery. Internal Memory 256GB. Expandable Memory Yes. Phone Option No. Shipping Same Day From Lahore,https://www.shophive.com/media/catalog/product/cache/3875881abdd255ac261538b8462285e9/t/a/tablet_5_1.jpg,Xiaomi Poco Pad 8GB 256GB Wifi (2024) Xiaomi Tablets Android Tablets Brand Mi. Operating System Android. RAM 8GB. Screen Size 12''. Warranty Check at Delivery. Internal Memory 256GB. Expandable Memory Yes. Phone Option No. Shipping Same Day From Lahore,Xiaomi,0.0,Tablets,Android Tablets,267.85
P0397,Xiaomi 13 Ultra,Display 6.73 inches. RAM 16 GB. Battery 5000 mAh. Back Camera 50 MP + 50 MP + 50 MP + 50 MP,https://images.priceoye.pk/xiaomi-13-ultra-pakistan-priceoye-bwniz-270x270.webp,Xiaomi 13 Ultra Xiaomi Mobile Phones Smartphones Display 6.73 inches. RAM 16 GB. Battery 5000 mAh. Back Camera 50 MP + 50 MP + 50 MP + 50 MP,Xiaomi,5.0,Mobile Phones,Smartphones,885.54
P0398,Oppo A72 5G,Display 6.5 inches. RAM 8GB. Battery 4040 mAh. Back Camera 16 MP + 8 MP + 2 MP,https://images.priceoye.pk/oppo-a72-pakistan-priceoye-8ivo9-270x270.webp,Oppo A72 5G Oppo Mobile Phones Smartphones Display 6.5 inches. RAM 8GB. Battery 4040 mAh. Back Camera 16 MP + 8 MP + 2 MP,Oppo,5.0,Mobile Phones,Smartphones,189.28
P0399,Oppo Reno6,Display 6.4 inches. RAM 8GB. Battery 4310 mAh. Back Camera 64 MP + 8 MP + 2 MP + 2 MP,https://images.priceoye.pk/oppo-reno6-pakistan-priceoye-g0w51-270x270.webp,Oppo Reno6 Oppo Mobile Phones Smartphones Display 6.4 inches. RAM 8GB. Battery 4310 mAh. Back Camera 64 MP + 8 MP + 2 MP + 2 MP,Oppo,5.0,Mobile Phones,Smartphones,214.28
P0400,HP Notebook 15 fd0044TX i7-1355U 8GB 512GB SSD 1Y,"Brand HP. Series Notebook. Screen Size 15.6"". Screen Resolution 1920 x 1080. Touchscreen No. Operating System Windows 11 Home. Generation Intel 13th Generation. Processor Type Intel Core i7. Processor Model Info n/a. Processor Speed 3.7 GHz. Processor Turbo 5.0 GHz (Up to). Processor Cache 12 MB. RAM 8GB. HDD Interface SSD. Hard Disk Capacity 512GB SSD. Graphics Nvidia Graphics. Graphics Detail Info n/a. Video Memory 2 GB. Optical Drive No Optical Drive. USB Ports 2 ports. Numeric Pad Yes. HDMI Yes. Backlit Keyboard Yes. Warranty 1 Year Manufacturer. Shipping Same Day From Lahore",https://www.shophive.com/media/catalog/product/cache/3875881abdd255ac261538b8462285e9/l/a/laptop_31_2_5.jpg,"HP Notebook 15 fd0044TX i7-1355U 8GB 512GB SSD 1Y HP Laptops Laptops Brand HP. Series Notebook. Screen Size 15.6"". Screen Resolution 1920 x 1080. Touchscreen No. Operating System Windows 11 Home. Generation Intel 13th Generation. Processor Type Intel Core i7. Processor Model Info n/a. Processor Speed 3.7 GHz. Processor Turbo 5.0 GHz (Up to). Processor Cache 12 MB. RAM 8GB. HDD Interface SSD. Hard Disk Capacity 512GB SSD. Graphics Nvidia Graphics. Graphics Detail Info n/a. Video Memory 2 GB. Optical Drive No Optical Drive. USB Ports 2 ports. Numeric Pad Yes. HDMI Yes. Backlit Keyboard Yes. Warranty 1 Year Manufacturer. Shipping Same Day From Lahore",HP,0.0,Laptops,Laptops,678.57
P0401,Xiaomi Pad 6 8GB 256GB,"Brand Mi. Operating System Android. RAM 8GB. Screen Size 11"". Warranty 7 Day Replacement. Internal Memory 256GB. Expandable Memory No. Phone Option No. Shipping Same Day From Lahore",https://www.shophive.com/media/catalog/product/cache/3875881abdd255ac261538b8462285e9/i/m/image-removebg-preview---2023-08-09t195743.528.jpg,"Xiaomi Pad 6 8GB 256GB Xiaomi Tablets Android Tablets Brand Mi. Operating System Android. RAM 8GB. Screen Size 11"". Warranty 7 Day Replacement. Internal Memory 256GB. Expandable Memory No. Phone Option No. Shipping Same Day From Lahore",Xiaomi,0.0,Tablets,Android Tablets,446.43
P0402,Xiaomi Shark 5,Display 6.67 inches. RAM 8/12 GB. Battery 4650 mAh. Back Camera 64 MP + 13 MP + 2 MP,https://images.priceoye.pk/xiaomi-black-shark-5-pakistan-priceoye-b9aqc-270x270.webp,Xiaomi Shark 5 Xiaomi Mobile Phones Smartphones Display 6.67 inches. RAM 8/12 GB. Battery 4650 mAh. Back Camera 64 MP + 13 MP + 2 MP,Xiaomi,5.0,Mobile Phones,Smartphones,353.57
P0403,Samsung Galaxy Tab S9 (X710),Display 11 inches. RAM 8 GB. Type Wh. Back Camera 13 MP,https://images.priceoye.pk/samsung-galaxy-tab-s9-pakistan-priceoye-wq2ki-270x270.webp,Samsung Galaxy Tab S9 (X710) Samsung Tablets Android Tablets Display 11 inches. RAM 8 GB. Type Wh. Back Camera 13 MP,Samsung,5.0,Tablets,Android Tablets,564.28
P0404,Lenovo IdeaPad Slim 3 Raptor Lake i3-1305u 8GB 256GB SSD With Local Warranty,"Brand Lenovo. Series IdeaPad. Screen Size 15.6"". Screen Resolution 1920 x 1080. Touchscreen No. Operating System DOS. Generation Intel 13th Generation. Processor Type Intel Core i3. Processor Model Info n/a. Processor Speed 1.6 GHz. Processor Turbo 4.5 GHz (Up to). Processor Cache 10 MB. RAM 8GB. HDD Interface SSD. Hard Disk Capacity 256GB SSD. Graphics Intel Integrated Graphics. Graphics Detail Intel UHD Graphics. Video Memory Shared. Optical Drive No Optical Drive. USB Ports 2 ports. Numeric Pad Yes. HDMI Yes. Backlit Keyboard No. Warranty 1 Year Manufacturer. Shipping Same Day From Lahore",https://www.shophive.com/media/catalog/product/cache/3875881abdd255ac261538b8462285e9/l/e/lenovo_7_1_4.jpg,"Lenovo IdeaPad Slim 3 Raptor Lake i3-1305u 8GB 256GB SSD With Local Warranty Lenovo Laptops Laptops Brand Lenovo. Series IdeaPad. Screen Size 15.6"". Screen Resolution 1920 x 1080. Touchscreen No. Operating System DOS. Generation Intel 13th Generation. Processor Type Intel Core i3. Processor Model Info n/a. Processor Speed 1.6 GHz. Processor Turbo 4.5 GHz (Up to). Processor Cache 10 MB. RAM 8GB. HDD Interface SSD. Hard Disk Capacity 256GB SSD. Graphics Intel Integrated Graphics. Graphics Detail Intel UHD Graphics. Video Memory Shared. Optical Drive No Optical Drive. USB Ports 2 ports. Numeric Pad Yes. HDMI Yes. Backlit Keyboard No. Warranty 1 Year Manufacturer. Shipping Same Day From Lahore",Lenovo,0.0,Laptops,Laptops,392.85
P0405,Apple Watch SE 44mm Gen 2 Starlight Case With Starlight Sports Band,Brand Apple. Shipping Same Day From Lahore,https://www.shophive.com/media/catalog/product/cache/3875881abdd255ac261538b8462285e9/a/p/apple_watch_29.jpg,Apple Watch SE 44mm Gen 2 Starlight Case With Starlight Sports Band Apple Smart Watches Premium Smart Watches Brand Apple. Shipping Same Day From Lahore,Apple,0.0,Smart Watches,Premium Smart Watches,271.43
P0406,Samsung Galaxy M02,Display 5.7 Inches. RAM 3 GB. Battery 3500 mAh. Back Camera 13 MP + 2 MP,https://images.priceoye.pk/samsung-galaxy-m02-pakistan-priceoye-0deqx-270x270.webp,Samsung Galaxy M02 Samsung Mobile Phones Smartphones Display 5.7 Inches. RAM 3 GB. Battery 3500 mAh. Back Camera 13 MP + 2 MP,Samsung,5.0,Mobile Phones,Smartphones,82.14
P0407,Xiaomi Mi 7,Display 6.21 inches. RAM 6 GB OR 8 GB. Battery 3400 mAh. Back Camera 12 MP,https://images.priceoye.pk/xiaomi-mi-7-pakistan-priceoye-270x270.webp,Xiaomi Mi 7 Xiaomi Mobile Phones Smartphones Display 6.21 inches. RAM 6 GB OR 8 GB. Battery 3400 mAh. Back Camera 12 MP,Xiaomi,5.0,Mobile Phones,Smartphones,92.85
P0408,Samsung Galaxy A20e,Display 5.8 inches. RAM 3 GB. Battery 3000 mAh. Back Camera 13 MP + 5 MP,https://images.priceoye.pk/samsung-galaxy-a20e-pakistan-priceoye-zydov-270x270.webp,Samsung Galaxy A20e Samsung Mobile Phones Smartphones Display 5.8 inches. RAM 3 GB. Battery 3000 mAh. Back Camera 13 MP + 5 MP,Samsung,4.0,Mobile Phones,Smartphones,96.42
P0409,Vivo V7,Display 5.7 inches. RAM 4 GB RAM. Battery 3000 mAh. Back Camera 16 MP,https://images.priceoye.pk/vivo-v7-1-pakistan-priceoyevivo-v7-1718-original-imaezp8pftwfse2y-h0pfl-270x270.webp,Vivo V7 Vivo Mobile Phones Smartphones Display 5.7 inches. RAM 4 GB RAM. Battery 3000 mAh. Back Camera 16 MP,Vivo,4.3,Mobile Phones,Smartphones,89.28
P0410,Vivo iQOO U1x,Display 6.51 inches. RAM 4/6 GB. Battery 5000 mAh. Back Camera 13 MP + 2 MP + 2 MP,https://images.priceoye.pk/vivo-iqoo-u1x-pakistan-priceoye-j83dv-270x270.webp,Vivo iQOO U1x Vivo Mobile Phones Smartphones Display 6.51 inches. RAM 4/6 GB. Battery 5000 mAh. Back Camera 13 MP + 2 MP + 2 MP,Vivo,5.0,Mobile Phones,Smartphones,107.14
P0411,Samsung Galaxy J3 (2017),Display 5.0 inches. RAM 2 GB RAM. Battery 2400 mAh. Back Camera 13 MP,https://images.priceoye.pk/samsung-galaxy-j3-2017-pakistan-priceoye-f5wn0-270x270.webp,Samsung Galaxy J3 (2017) Samsung Mobile Phones Smartphones Display 5.0 inches. RAM 2 GB RAM. Battery 2400 mAh. Back Camera 13 MP,Samsung,3.0,Mobile Phones,Smartphones,73.21
P0412,Vivo S7t 5G,Display 6.44 inches. RAM 8 GB. Battery 4000 mAh. Back Camera 64 MP + 8 MP + 2 MP,https://images.priceoye.pk/vivo-s7t-5g-pakistan-priceoye-y3hlg-270x270.webp,Vivo S7t 5G Vivo Mobile Phones Smartphones Display 6.44 inches. RAM 8 GB. Battery 4000 mAh. Back Camera 64 MP + 8 MP + 2 MP,Vivo,5.0,Mobile Phones,Smartphones,259.29
P0413,HP EF2127WM 15.6 Inches Core i7 AMD Ryzen 5 (8GB - 256GB SSD),Display 15.6 Inches. Generation AMD. Processor AMD Ryzen 5 5500U. Internal Memory 256GB SSD,https://images.priceoye.pk/hp-ef2127wm-15-6-inches-amd-ryzen-5-8gb-256gb-ssd-pakistan-priceoye-lr714-270x270.webp,HP EF2127WM 15.6 Inches Core i7 AMD Ryzen 5 (8GB - 256GB SSD) HP Laptops Laptops Display 15.6 Inches. Generation AMD. Processor AMD Ryzen 5 5500U. Internal Memory 256GB SSD,HP,5.0,Laptops,Laptops,392.86
P0414,Tecno Camon 12 Pro,Display 6.35 inches. RAM 6GB RAM. Battery 3500 mAh. Back Camera 16 MP,https://images.priceoye.pk/tecno-camon-12-pro-pakistan-priceoye-amsxo-270x270.webp,Tecno Camon 12 Pro Tecno Mobile Phones Smartphones Display 6.35 inches. RAM 6GB RAM. Battery 3500 mAh. Back Camera 16 MP,Tecno,5.0,Mobile Phones,Smartphones,91.07
P0415,Infinix Zero X Pro,Display 6.67 inches. RAM 8 GB. Battery 4500 mAh. Back Camera 108 MP + 16 MP + 8MP,https://images.priceoye.pk/infinix-zero-x-pro-pakistan-priceoye-7aupn-270x270.webp,Infinix Zero X Pro Infinix Mobile Phones Smartphones Display 6.67 inches. RAM 8 GB. Battery 4500 mAh. Back Camera 108 MP + 16 MP + 8MP,Infinix,4.9,Mobile Phones,Smartphones,178.57
P0416,Xiaomi Redmi Note 12R Pro,"Display 6.67"" inches. RAM 12 GB. Battery 5000 mAh. Back Camera 48 MP + 2 MP",https://images.priceoye.pk/xiaomi-redmi-note-12r-pro-pakistan-priceoye-4xs8u-270x270.webp,"Xiaomi Redmi Note 12R Pro Xiaomi Mobile Phones Smartphones Display 6.67"" inches. RAM 12 GB. Battery 5000 mAh. Back Camera 48 MP + 2 MP",Xiaomi,5.0,Mobile Phones,Smartphones,271.43
P0417,HP 250 G9 Alder Lake i5-1235u 8GB 256GB SSD,"Brand HP. Series Notebook. Screen Size 15.6"". Screen Resolution 1920 x 1080. Touchscreen No. Operating System DOS. Generation Intel 12Th Generation. Processor Type Intel Core i5. Processor Model i5-1235U. Processor Speed 1.3 GHz. Processor Turbo 4.4 GHz (Up to). Processor Cache 12 MB. RAM 8GB. HDD Interface SSD. Hard Disk Capacity 256GB SSD. Graphics Intel Integrated Graphics. Graphics Detail Intel Iris XE Graphics. Video Memory Shared. Optical Drive No Optical Drive. USB Ports 2 ports. Numeric Pad Yes. HDMI Yes. Backlit Keyboard No. Warranty 7 Day Replacement. Shipping Same Day From Lahore",https://www.shophive.com/media/catalog/product/cache/3875881abdd255ac261538b8462285e9/h/p/hp_1_1_3.jpg,"HP 250 G9 Alder Lake i5-1235u 8GB 256GB SSD HP Laptops Laptops Brand HP. Series Notebook. Screen Size 15.6"". Screen Resolution 1920 x 1080. Touchscreen No. Operating System DOS. Generation Intel 12Th Generation. Processor Type Intel Core i5. Processor Model i5-1235U. Processor Speed 1.3 GHz. Processor Turbo 4.4 GHz (Up to). Processor Cache 12 MB. RAM 8GB. HDD Interface SSD. Hard Disk Capacity 256GB SSD. Graphics Intel Integrated Graphics. Graphics Detail Intel Iris XE Graphics. Video Memory Shared. Optical Drive No Optical Drive. USB Ports 2 ports. Numeric Pad Yes. HDMI Yes. Backlit Keyboard No. Warranty 7 Day Replacement. Shipping Same Day From Lahore",HP,0.0,Laptops,Laptops,541.07
P0418,Infinix Hot 6 Pro,Display 6.0 inches. RAM 32GB 3GB RAM. Battery 4000 mAh. Back Camera 13 MP,https://images.priceoye.pk/infinix-hot-6-pro-pakistan-priceoye-488up-270x270.webp,Infinix Hot 6 Pro Infinix Mobile Phones Smartphones Display 6.0 inches. RAM 32GB 3GB RAM. Battery 4000 mAh. Back Camera 13 MP,Infinix,5.0,Mobile Phones,Smartphones,57.14
P0419,Dell Latitude 15 3540 Raptor Lake i5-1335u 8GB 256GB SSD,"Brand Dell. Series Latitude. Screen Size 15.6"". Screen Resolution 1920 x 1080. Touchscreen No. Operating System Ubuntu. Generation Intel 13th Generation. Processor Type Intel Core i5. Processor Model Info n/a. Processor Speed 1.3 GHz. Processor Turbo 4.6 GHz (Up to). Processor Cache 12 MB. RAM 8GB. HDD Interface SSD. Hard Disk Capacity 256GB SSD. Graphics Intel Integrated Graphics. Graphics Detail Intel Iris XE Graphics. Video Memory Shared. Optical Drive No Optical Drive. USB Ports 3 ports. Numeric Pad Yes. HDMI Yes. Backlit Keyboard Yes. Warranty 1 Year Manufacturer. Shipping Same Day From Lahore",https://www.shophive.com/media/catalog/product/cache/3875881abdd255ac261538b8462285e9/i/m/image-removebg-preview---2023-07-27t144443.385.jpg,"Dell Latitude 15 3540 Raptor Lake i5-1335u 8GB 256GB SSD Dell Laptops Business Laptops Brand Dell. Series Latitude. Screen Size 15.6"". Screen Resolution 1920 x 1080. Touchscreen No. Operating System Ubuntu. Generation Intel 13th Generation. Processor Type Intel Core i5. Processor Model Info n/a. Processor Speed 1.3 GHz. Processor Turbo 4.6 GHz (Up to). Processor Cache 12 MB. RAM 8GB. HDD Interface SSD. Hard Disk Capacity 256GB SSD. Graphics Intel Integrated Graphics. Graphics Detail Intel Iris XE Graphics. Video Memory Shared. Optical Drive No Optical Drive. USB Ports 3 ports. Numeric Pad Yes. HDMI Yes. Backlit Keyboard Yes. Warranty 1 Year Manufacturer. Shipping Same Day From Lahore",Dell,0.0,Laptops,Business Laptops,771.42
P0420,Samsung Galaxy A8s,Display 6.39 inches. RAM 6 GB RAM. Battery 3400 mAh. Back Camera null,https://images.priceoye.pk/samsung-galaxy-a8s-pakistan-priceoye-yd3h3-270x270.webp,Samsung Galaxy A8s Samsung Mobile Phones Smartphones Display 6.39 inches. RAM 6 GB RAM. Battery 3400 mAh. Back Camera null,Samsung,3.6,Mobile Phones,Smartphones,264.28
P0421,Tecno F2 LTE,Display 5.0 inches. RAM 1 GB. Battery 2400 mAh. Back Camera 5 MP,https://images.priceoye.pk/tecno-f2-lte-pakistan-priceoye-wodjd-270x270.webp,Tecno F2 LTE Tecno Mobile Phones Smartphones Display 5.0 inches. RAM 1 GB. Battery 2400 mAh. Back Camera 5 MP,Tecno,5.0,Mobile Phones,Smartphones,36.79
P0422,Samsung Galaxy Grand Prime Plus,Display 5.0 inches. RAM 1.5 GB RAM. Battery 2600 mAh. Back Camera 8 MP,https://images.priceoye.pk/samsung-galaxy-grand-prime-pakistan-priceoye-270x270.webp,Samsung Galaxy Grand Prime Plus Samsung Mobile Phones Smartphones Display 5.0 inches. RAM 1.5 GB RAM. Battery 2600 mAh. Back Camera 8 MP,Samsung,4.5,Mobile Phones,Smartphones,63.21
P0423,Sparx Ultra 11 8GB 128GB,"Brand Sparx. Operating System Android. Screen Size 6.7"". Internal Memory 128GB. RAM 8GB. Main Camera Pixel 50.0. Dual Sim Yes. Water Resistant No. Expandable Memory No. Warranty 1 Year Manufacturer. Shipping Same Day From Lahore. Color Blue",https://www.shophive.com/media/catalog/product/cache/3875881abdd255ac261538b8462285e9/m/o/mobile_6_1.jpg,"Sparx Ultra 11 8GB 128GB Sparx Mobile Phones Smartphones Brand Sparx. Operating System Android. Screen Size 6.7"". Internal Memory 128GB. RAM 8GB. Main Camera Pixel 50.0. Dual Sim Yes. Water Resistant No. Expandable Memory No. Warranty 1 Year Manufacturer. Shipping Same Day From Lahore. Color Blue",Sparx,0.0,Mobile Phones,Smartphones,100.0
P0424,Apple MACBOOK AIR 13.6” M2 CHIP MLY43 8-512GB,Display 13.6. Generation M2 Chip. Processor M2 Chip. Internal Memory 512GB,https://images.priceoye.pk/apple-macbook-air-13-6-m2-chip-mly43-8-512gb-pakistan-priceoye-2i9u3-270x270.webp,Apple MACBOOK AIR 13.6” M2 CHIP MLY43 8-512GB Apple Laptops MacBooks Display 13.6. Generation M2 Chip. Processor M2 Chip. Internal Memory 512GB,Apple,5.0,Laptops,MacBooks,1267.85
P0425,Zero Phantom Pro Smart Watch,Display 51mm. Screen Type AMOLED. Calling Yes. Battery Life 5-7 days,https://images.priceoye.pk/zero-phantom-pro-smart-watch-pakistan-priceoye-t94na-270x270.webp,Zero Phantom Pro Smart Watch Zero Smart Watches Smart Watches Display 51mm. Screen Type AMOLED. Calling Yes. Battery Life 5-7 days,Zero,5.0,Smart Watches,Smart Watches,38.57
P0426,Amazfit GTR 4 Racetrack,Brand Amazfit. Shipping 24 - 48 hrs,https://www.shophive.com/media/catalog/product/cache/3875881abdd255ac261538b8462285e9/1/_/1_e8519f19-3d63-4ee7-9a41-dfd15bb1a4e0.jpg,Amazfit GTR 4 Racetrack Amazfit Smart Watches Smart Watches Brand Amazfit. Shipping 24 - 48 hrs,Amazfit,0.0,Smart Watches,Smart Watches,160.71
P0427,Realme C30 4GB 64GB,"Brand Realme. Operating System Android. Screen Size 6.5"". Internal Memory 64GB. RAM 4GB. Main Camera Pixel 8.0. Dual Sim Yes. Expandable Memory Yes. Warranty 1 Year Manufacturer. Shipping Same Day From Lahore. Color Black",https://www.shophive.com/media/catalog/product/cache/3875881abdd255ac261538b8462285e9/u/n/untitled_design_29_.jpg,"Realme C30 4GB 64GB Realme Mobile Phones Smartphones Brand Realme. Operating System Android. Screen Size 6.5"". Internal Memory 64GB. RAM 4GB. Main Camera Pixel 8.0. Dual Sim Yes. Expandable Memory Yes. Warranty 1 Year Manufacturer. Shipping Same Day From Lahore. Color Black",Realme,0.0,Mobile Phones,Smartphones,92.85
P0428,Dell Alienware M16 AWM16R R2 Intel Core Ultra 9 32GB 1TB SSD ‎Gaming Laptop,"Brand Dell. Series Alienware. Screen Size 16"". Screen Resolution 2560 x 1600. Touchscreen No. Operating System Windows 11 Home. Generation Info n/a. Processor Type No info. Processor Model Info n/a. Processor Speed 2.3 GHz. Processor Turbo 5.1GHz. Processor Cache 24 MB. RAM 32GB. HDD Interface SSD. Hard Disk Capacity 1TB SSD. Graphics Nvidia Graphics. Graphics Detail RTX 4070 (Nvidia GeForce). Video Memory 8 GB. Optical Drive No Optical Drive. USB Ports 2 ports. Numeric Pad No. HDMI Yes. Backlit Keyboard Yes. Warranty 7 Day Replacement. Shipping 5 - 10 Days",https://www.shophive.com/media/catalog/product/cache/3875881abdd255ac261538b8462285e9/l/a/laptop_59_2_9.jpg,"Dell Alienware M16 AWM16R R2 Intel Core Ultra 9 32GB 1TB SSD ‎Gaming Laptop Dell Laptops Gaming Laptops Brand Dell. Series Alienware. Screen Size 16"". Screen Resolution 2560 x 1600. Touchscreen No. Operating System Windows 11 Home. Generation Info n/a. Processor Type No info. Processor Model Info n/a. Processor Speed 2.3 GHz. Processor Turbo 5.1GHz. Processor Cache 24 MB. RAM 32GB. HDD Interface SSD. Hard Disk Capacity 1TB SSD. Graphics Nvidia Graphics. Graphics Detail RTX 4070 (Nvidia GeForce). Video Memory 8 GB. Optical Drive No Optical Drive. USB Ports 2 ports. Numeric Pad No. HDMI Yes. Backlit Keyboard Yes. Warranty 7 Day Replacement. Shipping 5 - 10 Days",Dell,0.0,Laptops,Gaming Laptops,2344.64
P0429,Acer Nitro 5 AN515‐58‐54XN i5-12500H 16GB 512GB SSD,"Brand Acer. Series Nitro. Screen Size 15.6"". Screen Resolution 1920 x 1080. Touchscreen No. Operating System Windows 11 Home. Generation Intel 12Th Generation. Processor Type Intel Core i5. Processor Model i5-12500H. Processor Speed 3.3 GHz. Processor Turbo 4.5 GHz (Up to). Processor Cache 18 MB. RAM 16GB. HDD Interface SSD. Hard Disk Capacity 512GB SSD. Graphics Nvidia Graphics. Graphics Detail RTX3050 (Nvidia GeForce). Video Memory 4 GB. Optical Drive No Optical Drive. USB Ports 3 ports. Numeric Pad Yes. HDMI Yes. Backlit Keyboard Yes. Warranty 7 Day Replacement. Shipping Same Day From Lahore",https://www.shophive.com/media/catalog/product/cache/3875881abdd255ac261538b8462285e9/i/m/image-removebg-preview_-_2023-10-27t024916.852.jpg,"Acer Nitro 5 AN515‐58‐54XN i5-12500H 16GB 512GB SSD Acer Laptops Gaming Laptops Brand Acer. Series Nitro. Screen Size 15.6"". Screen Resolution 1920 x 1080. Touchscreen No. Operating System Windows 11 Home. Generation Intel 12Th Generation. Processor Type Intel Core i5. Processor Model i5-12500H. Processor Speed 3.3 GHz. Processor Turbo 4.5 GHz (Up to). Processor Cache 18 MB. RAM 16GB. HDD Interface SSD. Hard Disk Capacity 512GB SSD. Graphics Nvidia Graphics. Graphics Detail RTX3050 (Nvidia GeForce). Video Memory 4 GB. Optical Drive No Optical Drive. USB Ports 3 ports. Numeric Pad Yes. HDMI Yes. Backlit Keyboard Yes. Warranty 7 Day Replacement. Shipping Same Day From Lahore",Acer,0.0,Laptops,Gaming Laptops,982.14
P0430,Realme 7i,Display 6.5 inches. RAM 8 GB. Battery 5000 mAh. Back Camera 64 MP + 8 MP + 2 MP + 2 MP,https://images.priceoye.pk/realme-7i-pakistan-priceoye-lmk9s-270x270.webp,Realme 7i Realme Mobile Phones Smartphones Display 6.5 inches. RAM 8 GB. Battery 5000 mAh. Back Camera 64 MP + 8 MP + 2 MP + 2 MP,Realme,4.9,Mobile Phones,Smartphones,113.21
P0431,HP 250 G9 15.6 Inches 12th Gen core i5 DOS (8GB - 512GB),Display 15.6 Inches. Generation 12th Generation. Processor Intel Core i5-1235u. Internal Memory 512 GB SSD,https://images.priceoye.pk/hp-250-g9-15-6-inches-12th-gen-core-i5-4gb-512gb-pakistan-priceoye-nw1qj-270x270.webp,HP 250 G9 15.6 Inches 12th Gen core i5 DOS (8GB - 512GB) HP Laptops Laptops Display 15.6 Inches. Generation 12th Generation. Processor Intel Core i5-1235u. Internal Memory 512 GB SSD,HP,5.0,Laptops,Laptops,546.42
P0432,HP ProBook 440 G11 Intel Core Ultra 7 155U 8GB 512GB SSD,"Brand HP. Series ProBook. Screen Size 14"". Screen Resolution 1920 x 1080. Touchscreen No. Operating System DOS. Generation Info n/a. Processor Type Intel Core Ultra 7. Processor Model Info n/a. Processor Speed 1.7 GHz. Processor Turbo 4.8 GHz (Up to). Processor Cache 12 MB. RAM 8GB. HDD Interface SSD. Hard Disk Capacity 512GB SSD. Graphics Intel Integrated Graphics. Graphics Detail Info n/a. Video Memory Shared. Optical Drive No Optical Drive. USB Ports 2 ports. Numeric Pad No. HDMI Yes. Backlit Keyboard Yes. Warranty International Warranty. Shipping Same Day From Lahore",https://www.shophive.com/media/catalog/product/cache/3875881abdd255ac261538b8462285e9/l/a/laptop_60_1_8.jpg,"HP ProBook 440 G11 Intel Core Ultra 7 155U 8GB 512GB SSD HP Laptops Business Laptops Brand HP. Series ProBook. Screen Size 14"". Screen Resolution 1920 x 1080. Touchscreen No. Operating System DOS. Generation Info n/a. Processor Type Intel Core Ultra 7. Processor Model Info n/a. Processor Speed 1.7 GHz. Processor Turbo 4.8 GHz (Up to). Processor Cache 12 MB. RAM 8GB. HDD Interface SSD. Hard Disk Capacity 512GB SSD. Graphics Intel Integrated Graphics. Graphics Detail Info n/a. Video Memory Shared. Optical Drive No Optical Drive. USB Ports 2 ports. Numeric Pad No. HDMI Yes. Backlit Keyboard Yes. Warranty International Warranty. Shipping Same Day From Lahore",HP,0.0,Laptops,Business Laptops,816.07
P0433,Samsung Galaxy A72,Display 6.7 inches. RAM 6/8 GB. Battery 5000 mAh. Back Camera 64 MP + 8 MP + 12 MP + 5 MP,https://images.priceoye.pk/samsung-galaxy-a72-pakistan-priceoye-c1hgl-270x270.webp,Samsung Galaxy A72 Samsung Mobile Phones Smartphones Display 6.7 inches. RAM 6/8 GB. Battery 5000 mAh. Back Camera 64 MP + 8 MP + 12 MP + 5 MP,Samsung,4.9,Mobile Phones,Smartphones,279.64
P0434,Samsung Galaxy A9 Star,Display 6.3 inches. RAM 4/6 GB RAM. Battery 3700 mAh. Back Camera 24 MP,https://images.priceoye.pk/samsung-galaxy-a9-star-pakistan-priceoye-zn0jx-270x270.webp,Samsung Galaxy A9 Star Samsung Mobile Phones Smartphones Display 6.3 inches. RAM 4/6 GB RAM. Battery 3700 mAh. Back Camera 24 MP,Samsung,5.0,Mobile Phones,Smartphones,197.5
P0435,Zero Nova Smart Watch,Display 1.39. Screen Type TFT. Calling Yes. Battery Life 2-3 days,https://images.priceoye.pk/nova-smart-watch-pakistan-priceoye-slq4f-270x270.webp,Zero Nova Smart Watch Zero Smart Watches Smart Watches Display 1.39. Screen Type TFT. Calling Yes. Battery Life 2-3 days,Zero,5.0,Smart Watches,Smart Watches,24.96
P0436,Vivo Y30G,Display 6.4 inches. RAM 6 GB. Battery 5000 mAh. Back Camera 13 MP + 8 MP + 2 MP + 2 MP,https://images.priceoye.pk/vivo-y30g-pakistan-priceoye-6fzg7-270x270.webp,Vivo Y30G Vivo Mobile Phones Smartphones Display 6.4 inches. RAM 6 GB. Battery 5000 mAh. Back Camera 13 MP + 8 MP + 2 MP + 2 MP,Vivo,5.0,Mobile Phones,Smartphones,139.29
P0437,Xiaomi Redmi Note 11 Pro,Display 6.7 Inches. RAM 6/8 GB. Battery 5000 mAh. Back Camera 108 MP + 8MP + 2MP +2MP,https://images.priceoye.pk/xiaomi-redmi-note-11-pro-pakistan-priceoye-3x27w-270x270.webp,Xiaomi Redmi Note 11 Pro Xiaomi Mobile Phones Smartphones Display 6.7 Inches. RAM 6/8 GB. Battery 5000 mAh. Back Camera 108 MP + 8MP + 2MP +2MP,Xiaomi,4.9,Mobile Phones,Smartphones,164.28
P0438,Xiaomi Poco X4 Pro 5G,Display 6.67 Inches. RAM 6/8 GB. Battery 5000 mAh. Back Camera 108 MP + 8 MP + 2 MP,https://images.priceoye.pk/xiaomi-poco-x4-pro-5g-pakistan-priceoye-z456p-270x270.webp,Xiaomi Poco X4 Pro 5G Xiaomi Mobile Phones Smartphones Display 6.67 Inches. RAM 6/8 GB. Battery 5000 mAh. Back Camera 108 MP + 8 MP + 2 MP,Xiaomi,5.0,Mobile Phones,Smartphones,171.43
P0439,Infinix Note 8i,Display 6.78 inches. RAM 6 GB. Battery 5200 mAh. Back Camera 48 MP + 2 MP + 2 MP + 2 MP,https://images.priceoye.pk/infinix-note-8i-pakistan-priceoye-wngga-270x270.webp,Infinix Note 8i Infinix Mobile Phones Smartphones Display 6.78 inches. RAM 6 GB. Battery 5200 mAh. Back Camera 48 MP + 2 MP + 2 MP + 2 MP,Infinix,4.8,Mobile Phones,Smartphones,88.21
P0440,Xiaomi Poco C75,Display 6.88 inches. RAM 8 GB. Battery 5160 mAh. Back Camera 50MP,https://images.priceoye.pk/xiaomi-poco-c75-pakistan-priceoye-aowis-270x270.webp,Xiaomi Poco C75 Xiaomi Mobile Phones Smartphones Display 6.88 inches. RAM 8 GB. Battery 5160 mAh. Back Camera 50MP,Xiaomi,4.9,Mobile Phones,Smartphones,108.92
P0441,Realme GT,Display 6.43 inches. RAM 8/12 GB. Battery 4500 mAh. Back Camera 64 MP + 13 MP + 13 MP,https://images.priceoye.pk/realme-gt-pakistan-priceoye-8f1cd-270x270.webp,Realme GT Realme Mobile Phones Smartphones Display 6.43 inches. RAM 8/12 GB. Battery 4500 mAh. Back Camera 64 MP + 13 MP + 13 MP,Realme,5.0,Mobile Phones,Smartphones,250.0
P0442,Dell Inspiron 5510 15.6 Inches 11 Gen Core i7 11390H (8GB RAM - 512GB SSD),Display 15.6 Inches. Generation 11th Generation. Processor Intel Core i7-11390H. Internal Memory 512GB SSD,https://images.priceoye.pk/dell-inspiron-pakistan-priceoye-hk6fx-270x270.webp,Dell Inspiron 5510 15.6 Inches 11 Gen Core i7 11390H (8GB RAM - 512GB SSD) Dell Laptops Laptops Display 15.6 Inches. Generation 11th Generation. Processor Intel Core i7-11390H. Internal Memory 512GB SSD,Dell,5.0,Laptops,Laptops,678.57
P0443,Samsung Galaxy J7 (2018),Display 5.5 inches. RAM 32GB 2GB RAM. Battery 3300 mAh. Back Camera 8 MP,https://images.priceoye.pk/samsung-galaxy-j7-2018-pakistan-priceoye-g6ne7-270x270.webp,Samsung Galaxy J7 (2018) Samsung Mobile Phones Smartphones Display 5.5 inches. RAM 32GB 2GB RAM. Battery 3300 mAh. Back Camera 8 MP,Samsung,3.3,Mobile Phones,Smartphones,105.36
P0444,Dany Monster 4G Ultra Tablet,Display 7 inches. RAM 3GB. Type Wh. Back Camera 5 MP,https://images.priceoye.pk/dany-monster-4g-ultra-tablet-pakistan-priceoye-vbjnc-270x270.webp,Dany Monster 4G Ultra Tablet Dany Tablets Android Tablets Display 7 inches. RAM 3GB. Type Wh. Back Camera 5 MP,Dany,4.6,Tablets,Android Tablets,71.07
P0445,Tecno Spark 30 Pro 8GB 128GB Transformer Edition,"Brand Tecno. Operating System Android. Screen Size 6.7"". Internal Memory 128GB. RAM 8GB. Main Camera Pixel 108. Dual Sim Yes. Water Resistant Yes. Expandable Memory Yes. Warranty 1 Year Manufacturer. Shipping 3 - 5 Days. Color Lavender",https://www.shophive.com/media/catalog/product/cache/3875881abdd255ac261538b8462285e9/i/m/image-removebg-preview_-_2024-10-24t130912.300.jpg,"Tecno Spark 30 Pro 8GB 128GB Transformer Edition Tecno Mobile Phones Smartphones Brand Tecno. Operating System Android. Screen Size 6.7"". Internal Memory 128GB. RAM 8GB. Main Camera Pixel 108. Dual Sim Yes. Water Resistant Yes. Expandable Memory Yes. Warranty 1 Year Manufacturer. Shipping 3 - 5 Days. Color Lavender",Tecno,0.0,Mobile Phones,Smartphones,139.28
P0446,Oppo A96 (Activated),Display 6.43 inches. RAM 8 GB. Battery 5000 mAh. Back Camera 50 MP + 2 MP,https://images.priceoye.pk/oppo-a96-activated-pakistan-priceoye-qcb2p-270x270.webp,Oppo A96 (Activated) Oppo Mobile Phones Smartphones Display 6.43 inches. RAM 8 GB. Battery 5000 mAh. Back Camera 50 MP + 2 MP,Oppo,5.0,Mobile Phones,Smartphones,250.0
P0447,HP ProBook 440 G10 i5-1340P 16GB 1TB SSD,"Brand HP. Series ProBook. Screen Size 14"". Screen Resolution 1920 x 1080. Touchscreen No. Operating System Windows 11 Home. Generation Intel 13th Generation. Processor Type Intel Core i5. Processor Model Info n/a. Processor Speed 3.4 GHz. Processor Turbo 4.6 GHz (Up to). Processor Cache 12 MB. RAM 16GB. HDD Interface SSD. Hard Disk Capacity 1TB SSD. Graphics Intel Integrated Graphics. Graphics Detail Intel UHD Graphics. Video Memory Shared. Optical Drive No Optical Drive. USB Ports 2 ports. Numeric Pad No. HDMI Yes. Backlit Keyboard Yes. Warranty 7 Day Replacement. Shipping Same Day From Lahore",https://www.shophive.com/media/catalog/product/cache/3875881abdd255ac261538b8462285e9/l/a/laptop_57_1_6.jpg,"HP ProBook 440 G10 i5-1340P 16GB 1TB SSD HP Laptops Business Laptops Brand HP. Series ProBook. Screen Size 14"". Screen Resolution 1920 x 1080. Touchscreen No. Operating System Windows 11 Home. Generation Intel 13th Generation. Processor Type Intel Core i5. Processor Model Info n/a. Processor Speed 3.4 GHz. Processor Turbo 4.6 GHz (Up to). Processor Cache 12 MB. RAM 16GB. HDD Interface SSD. Hard Disk Capacity 1TB SSD. Graphics Intel Integrated Graphics. Graphics Detail Intel UHD Graphics. Video Memory Shared. Optical Drive No Optical Drive. USB Ports 2 ports. Numeric Pad No. HDMI Yes. Backlit Keyboard Yes. Warranty 7 Day Replacement. Shipping Same Day From Lahore",HP,0.0,Laptops,Business Laptops,762.5
P0448,Amazon Kindle Paperwhite 10th gen with Built-in Light Waterproof 8 GB WiFi (B077454Z99),Brand Amazon. Operating System No. RAM Under 1GB. Screen Size 6''. Warranty 7 Day Replacement. Internal Memory 8GB. Expandable Memory No. Phone Option No. Shipping 5 - 10 Days,https://www.shophive.com/media/catalog/product/cache/3875881abdd255ac261538b8462285e9/6/1/616v826nywl._sl1000_.jpg,Amazon Kindle Paperwhite 10th gen with Built-in Light Waterproof 8 GB WiFi (B077454Z99) Amazon Tablets Android Tablets Brand Amazon. Operating System No. RAM Under 1GB. Screen Size 6''. Warranty 7 Day Replacement. Internal Memory 8GB. Expandable Memory No. Phone Option No. Shipping 5 - 10 Days,Amazon,0.0,Tablets,Android Tablets,160.71
P0449,Apple iMac 2024 M4 chip 24 Inch 16GB 256GB SSD,Brand Apple. Operating System Mac OS. Hard Disk Capacity 256GB SSD. RAM 16GB. RAM Type Info not available. Processor Type M4. Processor Turbo Info n/a. Processor Speed Info n/a. Processor Cache Info n/a. Processor Model Info n/a. Graphics Info na. Graphics Detail Info n/a. Video Memory Shared. Optical Drive No Optical Drive. Warranty Manufacturer Warranty. Shipping Same Day From Lahore,https://www.shophive.com/media/catalog/product/cache/3875881abdd255ac261538b8462285e9/i/m/imac_13.jpg,Apple iMac 2024 M4 chip 24 Inch 16GB 256GB SSD Apple Laptops Laptops Brand Apple. Operating System Mac OS. Hard Disk Capacity 256GB SSD. RAM 16GB. RAM Type Info not available. Processor Type M4. Processor Turbo Info n/a. Processor Speed Info n/a. Processor Cache Info n/a. Processor Model Info n/a. Graphics Info na. Graphics Detail Info n/a. Video Memory Shared. Optical Drive No Optical Drive. Warranty Manufacturer Warranty. Shipping Same Day From Lahore,Apple,0.0,Laptops,Laptops,2017.85
P0450,Vivo Z3,Display 6.3 inches. RAM 6 GB RAM (SDM710) OR 64 GB 4 GB RAM (SDM670). Battery 3315 mAh. Back Camera 16 MP,https://images.priceoye.pk/vivo-z3-pakistan-priceoye-uhfom-270x270.webp,Vivo Z3 Vivo Mobile Phones Smartphones Display 6.3 inches. RAM 6 GB RAM (SDM710) OR 64 GB 4 GB RAM (SDM670). Battery 3315 mAh. Back Camera 16 MP,Vivo,4.4,Mobile Phones,Smartphones,135.36
P0451,Itel Vision 3 Plus,Display 6.8 Inches. RAM 4 GB. Battery 6000 mAh. Back Camera 13MP+ 0.08MP,https://images.priceoye.pk/itel-vision-3-plus-pakistan-priceoye-mevg6-270x270.webp,Itel Vision 3 Plus Itel Mobile Phones Smartphones Display 6.8 Inches. RAM 4 GB. Battery 6000 mAh. Back Camera 13MP+ 0.08MP,Itel,5.0,Mobile Phones,Smartphones,85.71
P0452,HP Envy 16 AC0013DX Ultra 5 125U,Display 16 inch. Generation Intel Core Ultra 5. Processor Intel. Internal Memory 512gb,https://images.priceoye.pk/hp-envy-16-ac0013dx-ultra-5-125u-pakistan-priceoye-kmjub-270x270.webp,HP Envy 16 AC0013DX Ultra 5 125U HP Laptops Laptops Display 16 inch. Generation Intel Core Ultra 5. Processor Intel. Internal Memory 512gb,HP,5.0,Laptops,Laptops,700.0
P0453,Apple Watch SE 40mm Gen 2 Starlight Case With Starlight Sports Band,Brand Apple. Shipping Same Day From Lahore,https://www.shophive.com/media/catalog/product/cache/3875881abdd255ac261538b8462285e9/a/p/apple_watch_29_1.jpg,Apple Watch SE 40mm Gen 2 Starlight Case With Starlight Sports Band Apple Smart Watches Premium Smart Watches Brand Apple. Shipping Same Day From Lahore,Apple,0.0,Smart Watches,Premium Smart Watches,239.28
P0454,Apple Watch Ultra 2 Black Titanium 49mm Case With Navy Ocean Band - 2024,Brand Apple. Shipping 24 - 48 hrs,https://www.shophive.com/media/catalog/product/cache/3875881abdd255ac261538b8462285e9/a/p/apple_15.png,Apple Watch Ultra 2 Black Titanium 49mm Case With Navy Ocean Band - 2024 Apple Smart Watches Premium Smart Watches Brand Apple. Shipping 24 - 48 hrs,Apple,0.0,Smart Watches,Premium Smart Watches,839.28
P0455,Oppo A7,Display 6.2 inches. RAM 3/4 GB RAM. Battery 4230 mAh. Back Camera 13 MP,https://images.priceoye.pk/oppo-a7-pakistan-priceoye-j7auh-270x270.webp,Oppo A7 Oppo Mobile Phones Smartphones Display 6.2 inches. RAM 3/4 GB RAM. Battery 4230 mAh. Back Camera 13 MP,Oppo,4.4,Mobile Phones,Smartphones,98.93
P0456,Samsung Galaxy Jean2,Display 5.8inches. RAM 3 GB RAM. Battery 3000 mAh. Back Camera 13 MP,https://images.priceoye.pk/samsung-galaxy-jean2-pakistan-priceoye-gb3ut-270x270.webp,Samsung Galaxy Jean2 Samsung Mobile Phones Smartphones Display 5.8inches. RAM 3 GB RAM. Battery 3000 mAh. Back Camera 13 MP,Samsung,5.0,Mobile Phones,Smartphones,118.93
P0457,Lenovo LOQ 15IRH8 i7-13700H 16GB 1TB SSD Gaming Laptop,"Brand Lenovo. Series Gaming. Screen Size 15.6"". Screen Resolution 1920 x 1080. Touchscreen No. Operating System Windows 11 Home. Generation Intel 13th Generation. Processor Type Intel Core i7. Processor Model Info n/a. Processor Speed 3.7 GHz. Processor Turbo 5.0 GHz (Up to). Processor Cache 24 MB. RAM 16GB. HDD Interface SSD. Hard Disk Capacity 1TB SSD. Graphics Nvidia Graphics. Graphics Detail RTX 4060 (Nvidia Geforce). Video Memory 8 GB. Optical Drive No Optical Drive. USB Ports 2 ports. Numeric Pad Yes. HDMI Yes. Backlit Keyboard Yes. Warranty 7 Day Replacement. Shipping 5 - 10 Days",https://www.shophive.com/media/catalog/product/cache/3875881abdd255ac261538b8462285e9/l/e/lenovo_12_1.jpg,"Lenovo LOQ 15IRH8 i7-13700H 16GB 1TB SSD Gaming Laptop Lenovo Laptops Gaming Laptops Brand Lenovo. Series Gaming. Screen Size 15.6"". Screen Resolution 1920 x 1080. Touchscreen No. Operating System Windows 11 Home. Generation Intel 13th Generation. Processor Type Intel Core i7. Processor Model Info n/a. Processor Speed 3.7 GHz. Processor Turbo 5.0 GHz (Up to). Processor Cache 24 MB. RAM 16GB. HDD Interface SSD. Hard Disk Capacity 1TB SSD. Graphics Nvidia Graphics. Graphics Detail RTX 4060 (Nvidia Geforce). Video Memory 8 GB. Optical Drive No Optical Drive. USB Ports 2 ports. Numeric Pad Yes. HDMI Yes. Backlit Keyboard Yes. Warranty 7 Day Replacement. Shipping 5 - 10 Days",Lenovo,0.0,Laptops,Gaming Laptops,1637.5
P0458,Dell Latitude 3520 15.6 Inches Core i3 1115G4 (8GB RAM - 256GB SSD),Display 15.6 Inches. Generation 11th Generation. Processor Intel Core i7-1165G7. Internal Memory 256GB SSD,https://images.priceoye.pk/delllatitude-3520-i3-1115g4-8gb-256-fhd-bg-pakistan-priceoye-91mfi-270x270.webp,Dell Latitude 3520 15.6 Inches Core i3 1115G4 (8GB RAM - 256GB SSD) Dell Laptops Business Laptops Display 15.6 Inches. Generation 11th Generation. Processor Intel Core i7-1165G7. Internal Memory 256GB SSD,Dell,5.0,Laptops,Business Laptops,410.71
P0459,itel Vision 2 Plus,Display 6.8 inches. RAM 2/3 GB. Battery 5000 mAh. Back Camera 13+ QVGA (Dual AI),https://images.priceoye.pk/itel-vision-2-plus-pakistan-priceoye-xxacn-270x270.webp,itel Vision 2 Plus Itel Mobile Phones Smartphones Display 6.8 inches. RAM 2/3 GB. Battery 5000 mAh. Back Camera 13+ QVGA (Dual AI),Itel,5.0,Mobile Phones,Smartphones,58.21
P0460,Vivo Y51s,Display 6.58 inches. RAM 8 GB. Battery 5000 mAh. Back Camera 48 MP + 8 MP + 2 MP,https://images.priceoye.pk/vivo-y51s-pakistan-priceoye-y27fc-270x270.webp,Vivo Y51s Vivo Mobile Phones Smartphones Display 6.58 inches. RAM 8 GB. Battery 5000 mAh. Back Camera 48 MP + 8 MP + 2 MP,Vivo,3.5,Mobile Phones,Smartphones,116.07
P0461,Samsung Galaxy Xcover FieldPro,Display 5.1 inches. RAM 3GB RAM. Battery 4500 mAh. Back Camera 12 MP,https://images.priceoye.pk/samsung-galaxy-xcover-fieldpro-pakistan-priceoye-rx731-270x270.webp,Samsung Galaxy Xcover FieldPro Samsung Mobile Phones Smartphones Display 5.1 inches. RAM 3GB RAM. Battery 4500 mAh. Back Camera 12 MP,Samsung,5.0,Mobile Phones,Smartphones,231.25
P0462,Xiaomi Pad 6,"Display 11.0. RAM 8 GB. Type 8840 mAh. Back Camera 13 MP, f/2.2, PDAF",https://images.priceoye.pk/xiaomi-pad-6-pakistan-priceoye-kmn42-270x270.webp,"Xiaomi Pad 6 Xiaomi Tablets Android Tablets Display 11.0. RAM 8 GB. Type 8840 mAh. Back Camera 13 MP, f/2.2, PDAF",Xiaomi,4.9,Tablets,Android Tablets,349.28
P0463,Samsung Galaxy Tab S9Plus (X810),Display 12.4″. RAM 12GB. Type Wh. Back Camera 13 MP Sensor,https://images.priceoye.pk/samsung-galaxy-tab-s9plus-x810-pakistan-priceoye-nyd9c-270x270.webp,Samsung Galaxy Tab S9Plus (X810) Samsung Tablets Android Tablets Display 12.4″. RAM 12GB. Type Wh. Back Camera 13 MP Sensor,Samsung,4.0,Tablets,Android Tablets,714.28
P0464,"Apple Macbook Pro M4 2024 14.2"" 16GB 1TB SSD Silver MW2X3",Brand Apple. Series Macbook Pro. Screen Size 14.2''. Screen Resolution 3024 x 1964. Touchscreen No. Operating System Mac OS. Generation Apple M4 Generation. Processor Type M4. Processor Model Info n/a. Processor Speed Info n/a. Processor Turbo Info n/a. Processor Cache Info n/a. RAM 16GB. HDD Interface SSD. Hard Disk Capacity 1TB SSD. Graphics Info na. Graphics Detail Info n/a. Video Memory Shared. Optical Drive No Optical Drive. USB Ports 3 ports. Numeric Pad No. HDMI Yes. Backlit Keyboard Yes. Warranty Manufacturer Warranty. Shipping Same Day From Lahore,https://www.shophive.com/media/catalog/product/cache/3875881abdd255ac261538b8462285e9/m/a/mac_7_1.png,"Apple Macbook Pro M4 2024 14.2"" 16GB 1TB SSD Silver MW2X3 Apple Laptops MacBooks Brand Apple. Series Macbook Pro. Screen Size 14.2''. Screen Resolution 3024 x 1964. Touchscreen No. Operating System Mac OS. Generation Apple M4 Generation. Processor Type M4. Processor Model Info n/a. Processor Speed Info n/a. Processor Turbo Info n/a. Processor Cache Info n/a. RAM 16GB. HDD Interface SSD. Hard Disk Capacity 1TB SSD. Graphics Info na. Graphics Detail Info n/a. Video Memory Shared. Optical Drive No Optical Drive. USB Ports 3 ports. Numeric Pad No. HDMI Yes. Backlit Keyboard Yes. Warranty Manufacturer Warranty. Shipping Same Day From Lahore",Apple,0.0,Laptops,MacBooks,2125.0
P0465,Xiaomi Redmi Note Prime,Display 5.5 inches. RAM 2 GB RAM. Battery 3100 mAh. Back Camera 13 MP,https://images.priceoye.pk/xiaomi-redmi-note-prime-pakistan-priceoye-270x270.webp,Xiaomi Redmi Note Prime Xiaomi Mobile Phones Smartphones Display 5.5 inches. RAM 2 GB RAM. Battery 3100 mAh. Back Camera 13 MP,Xiaomi,3.3,Mobile Phones,Smartphones,67.85
P0466,"Apple Macbook Air 2023 M2 15"" 512GB Starlight MQKV3LL",Brand Apple. Series Macbook Air. Screen Size Info N/A. Screen Resolution Info n/a. Touchscreen No. Operating System Mac OS. Generation Apple M2 Generation. Processor Type M2. Processor Model Info n/a. Processor Speed Info n/a. Processor Turbo Info n/a. Processor Cache Info n/a. RAM 8GB. HDD Interface SSD. Hard Disk Capacity 512GB SSD. Graphics Info na. Graphics Detail Info n/a. Video Memory Shared. Optical Drive No Optical Drive. USB Ports 2 Ports Type-C. Numeric Pad No. HDMI No. Backlit Keyboard Yes. Warranty 7 Day Replacement. Shipping Same Day From Lahore,https://www.shophive.com/media/catalog/product/cache/3875881abdd255ac261538b8462285e9/i/m/image-removebg-preview---2023-06-06t133918.857_1.jpg,"Apple Macbook Air 2023 M2 15"" 512GB Starlight MQKV3LL Apple Laptops MacBooks Brand Apple. Series Macbook Air. Screen Size Info N/A. Screen Resolution Info n/a. Touchscreen No. Operating System Mac OS. Generation Apple M2 Generation. Processor Type M2. Processor Model Info n/a. Processor Speed Info n/a. Processor Turbo Info n/a. Processor Cache Info n/a. RAM 8GB. HDD Interface SSD. Hard Disk Capacity 512GB SSD. Graphics Info na. Graphics Detail Info n/a. Video Memory Shared. Optical Drive No Optical Drive. USB Ports 2 Ports Type-C. Numeric Pad No. HDMI No. Backlit Keyboard Yes. Warranty 7 Day Replacement. Shipping Same Day From Lahore",Apple,0.0,Laptops,MacBooks,1642.85
P0467,Xiaomi Redmi Note 5A,Display 5.5 inches. RAM 2 GB RAM. Battery 3080 mAh. Back Camera 13 MP,https://images.priceoye.pk/xiaomi-redmi-note-5a-pakistan-priceoye.png,Xiaomi Redmi Note 5A Xiaomi Mobile Phones Smartphones Display 5.5 inches. RAM 2 GB RAM. Battery 3080 mAh. Back Camera 13 MP,Xiaomi,3.0,Mobile Phones,Smartphones,60.36
P0468,Apple Watch SE 44mm Gen 2 Midnight Case With Midnight Sports Band,Brand Apple. Shipping Same Day From Lahore,https://www.shophive.com/media/catalog/product/cache/3875881abdd255ac261538b8462285e9/a/p/apple_watch_26.jpg,Apple Watch SE 44mm Gen 2 Midnight Case With Midnight Sports Band Apple Smart Watches Premium Smart Watches Brand Apple. Shipping Same Day From Lahore,Apple,0.0,Smart Watches,Premium Smart Watches,271.43
P0469,vivo S5,Display 6.44 inches. RAM 8GB RAM. Battery 4100 mAh. Back Camera 13 MP,https://images.priceoye.pk/vivo-s5-pakistan-priceoye-rtov7-270x270.webp,vivo S5 Vivo Mobile Phones Smartphones Display 6.44 inches. RAM 8GB RAM. Battery 4100 mAh. Back Camera 13 MP,Vivo,5.0,Mobile Phones,Smartphones,175.0
P0470,Infinix Smart,Display 5.0 inches. RAM 1GB. Battery 3060 mAh. Back Camera 13 MP,https://images.priceoye.pk/infinix-smart-pakistan-priceoye-1po4d-270x270.webp,Infinix Smart Infinix Mobile Phones Smartphones Display 5.0 inches. RAM 1GB. Battery 3060 mAh. Back Camera 13 MP,Infinix,5.0,Mobile Phones,Smartphones,39.28
P0471,Tecno Phantom V Yoga,Display 6.75 Inches. RAM 8GB. Battery 400066 mAh. Back Camera 64 MP + 8 MP + 5 MP,https://images.priceoye.pk/tecno-phantom-v-yoga-pakistan-priceoye-dybkg-270x270.webp,Tecno Phantom V Yoga Tecno Mobile Phones Smartphones Display 6.75 Inches. RAM 8GB. Battery 400066 mAh. Back Camera 64 MP + 8 MP + 5 MP,Tecno,5.0,Mobile Phones,Smartphones,1103.57
P0472,HP Envy x360 Convertible 14 ES0013dx i5-1335U 8GB 512GB SSD,"Brand HP. Series Envy. Screen Size 14"". Screen Resolution 1920 x 1080. Touchscreen Yes. Operating System Windows 11 Home. Generation Intel 13th Generation. Processor Type Intel Core i5. Processor Model Info n/a. Processor Speed 3.4 GHz. Processor Turbo 4.6 GHz (Up to). Processor Cache 12 MB. RAM 8GB. HDD Interface SSD. Hard Disk Capacity 512GB SSD. Graphics Intel Integrated Graphics. Graphics Detail Intel Iris XE Graphics. Video Memory Shared. Optical Drive No Optical Drive. USB Ports 2 ports. Numeric Pad No. HDMI Yes. Backlit Keyboard Yes. Warranty 7 Day Replacement. Shipping Same Day From Lahore",https://www.shophive.com/media/catalog/product/cache/3875881abdd255ac261538b8462285e9/i/m/image-removebg-preview-_26__5.jpg,"HP Envy x360 Convertible 14 ES0013dx i5-1335U 8GB 512GB SSD HP Laptops Laptops Brand HP. Series Envy. Screen Size 14"". Screen Resolution 1920 x 1080. Touchscreen Yes. Operating System Windows 11 Home. Generation Intel 13th Generation. Processor Type Intel Core i5. Processor Model Info n/a. Processor Speed 3.4 GHz. Processor Turbo 4.6 GHz (Up to). Processor Cache 12 MB. RAM 8GB. HDD Interface SSD. Hard Disk Capacity 512GB SSD. Graphics Intel Integrated Graphics. Graphics Detail Intel Iris XE Graphics. Video Memory Shared. Optical Drive No Optical Drive. USB Ports 2 ports. Numeric Pad No. HDMI Yes. Backlit Keyboard Yes. Warranty 7 Day Replacement. Shipping Same Day From Lahore",HP,0.0,Laptops,Laptops,710.71
P0473,Samsung Galaxy A6s,Display 6.0 inches. RAM 128GB 6GB RAM. Battery 3300 mAh. Back Camera 12 MP,https://images.priceoye.pk/samsung-galaxy-a6s-pakistan-priceoye-hhwig-270x270.webp,Samsung Galaxy A6s Samsung Mobile Phones Smartphones Display 6.0 inches. RAM 128GB 6GB RAM. Battery 3300 mAh. Back Camera 12 MP,Samsung,3.1,Mobile Phones,Smartphones,146.43
P0474,Xiaomi Mi A1,Display 5.5 inches. RAM 4 GB RAM. Battery 3080 mAh. Back Camera 12 MP,https://images.priceoye.pk/xiaomi-mi-5x-a1-pakistan-priceoye.png,Xiaomi Mi A1 Xiaomi Mobile Phones Smartphones Display 5.5 inches. RAM 4 GB RAM. Battery 3080 mAh. Back Camera 12 MP,Xiaomi,4.3,Mobile Phones,Smartphones,106.79
P0475,Oppo A32,Display 6.5 inches. RAM 4 GB. Battery 5000 mAh. Back Camera 13 MP + 2 MP + 2 MP,https://images.priceoye.pk/oppo-a32-pakistan-priceoye-6kc9r-270x270.webp,Oppo A32 Oppo Mobile Phones Smartphones Display 6.5 inches. RAM 4 GB. Battery 5000 mAh. Back Camera 13 MP + 2 MP + 2 MP,Oppo,5.0,Mobile Phones,Smartphones,85.71
P0476,Dany Signature 4G,Display 10.1 Inches. RAM 3/4 GB. Type 6000 mAh. Back Camera 8.0 MP,https://images.priceoye.pk/dany-signature-4g-pakistan-priceoye-3spcq-270x270.webp,Dany Signature 4G Dany Tablets Android Tablets Display 10.1 Inches. RAM 3/4 GB. Type 6000 mAh. Back Camera 8.0 MP,Dany,5.0,Tablets,Android Tablets,91.07
P0477,Samsung Galaxy A16 8GB 256GB,"Brand Samsung. Operating System Android. Screen Size 6.7"". Internal Memory 256GB. RAM 8GB. Main Camera Pixel 50.0. Dual Sim Yes. Water Resistant No. Expandable Memory Yes. Warranty 1 Year Manufacturer. Shipping 3 - 5 Days. Color Green",https://www.shophive.com/media/catalog/product/cache/3875881abdd255ac261538b8462285e9/s/a/samsung_1_3.jpg,"Samsung Galaxy A16 8GB 256GB Samsung Mobile Phones Smartphones Brand Samsung. Operating System Android. Screen Size 6.7"". Internal Memory 256GB. RAM 8GB. Main Camera Pixel 50.0. Dual Sim Yes. Water Resistant No. Expandable Memory Yes. Warranty 1 Year Manufacturer. Shipping 3 - 5 Days. Color Green",Samsung,0.0,Mobile Phones,Smartphones,178.57
P0478,Samsung Galaxy M01 Core,Display 5.7 Inches. RAM 1 GB. Battery 3000 mAh. Back Camera 8 MP,https://images.priceoye.pk/samsung-galaxy-m01-core-pakistan-priceoye-0txd9-270x270.webp,Samsung Galaxy M01 Core Samsung Mobile Phones Smartphones Display 5.7 Inches. RAM 1 GB. Battery 3000 mAh. Back Camera 8 MP,Samsung,5.0,Mobile Phones,Smartphones,75.0
P0479,Lenovo ThinkPad E15 Gen 4 AMD Ryzen 5 8GB 512GB SSD,"Brand Lenovo. Series ThinkPad. Screen Size 15.6"". Screen Resolution 1920 x 1080. Touchscreen No. Operating System DOS. Generation AMD Ryzen Generation. Processor Type AMD Ryzen 5. Processor Model Info n/a. Processor Speed 2.3 GHz. Processor Turbo 4.3 GHz (Up to). Processor Cache 16 MB. RAM 8GB. HDD Interface SSD. Hard Disk Capacity 512GB SSD. Graphics Intel Integrated Graphics. Graphics Detail Info n/a. Video Memory Shared. Optical Drive No Optical Drive. USB Ports 2 ports. Numeric Pad Yes. HDMI Yes. Backlit Keyboard No. Warranty 1 Year Manufacturer. Shipping Same Day From Lahore",https://www.shophive.com/media/catalog/product/cache/3875881abdd255ac261538b8462285e9/l/e/lenovo_thinkpad_-_e15_g2_i5_-1y-myshop-pk-0001_1_1.jpg,"Lenovo ThinkPad E15 Gen 4 AMD Ryzen 5 8GB 512GB SSD Lenovo Laptops Business Laptops Brand Lenovo. Series ThinkPad. Screen Size 15.6"". Screen Resolution 1920 x 1080. Touchscreen No. Operating System DOS. Generation AMD Ryzen Generation. Processor Type AMD Ryzen 5. Processor Model Info n/a. Processor Speed 2.3 GHz. Processor Turbo 4.3 GHz (Up to). Processor Cache 16 MB. RAM 8GB. HDD Interface SSD. Hard Disk Capacity 512GB SSD. Graphics Intel Integrated Graphics. Graphics Detail Info n/a. Video Memory Shared. Optical Drive No Optical Drive. USB Ports 2 ports. Numeric Pad Yes. HDMI Yes. Backlit Keyboard No. Warranty 1 Year Manufacturer. Shipping Same Day From Lahore",Lenovo,0.0,Laptops,Business Laptops,689.28
P0480,itel A24 Pro,Display 5.0 Inches. RAM 2 GB. Battery 3020 mAh. Back Camera 2 MP,https://images.priceoye.pk/itel-a24-pro-pakistan-priceoye-nmk5v-270x270.webp,itel A24 Pro Itel Mobile Phones Smartphones Display 5.0 Inches. RAM 2 GB. Battery 3020 mAh. Back Camera 2 MP,Itel,5.0,Mobile Phones,Smartphones,53.57
P0481,"Apple MacBook Pro MRW23 M3 Pro 16"" 36GB 512GB SSD Space Black 2023",Brand Apple. Series Macbook Pro. Screen Size 16.2''. Screen Resolution 3456 x 2234. Touchscreen No. Operating System Mac OS. Generation Apple M3 Generation. Processor Type M3 Pro. Processor Model Info n/a. Processor Speed Info n/a. Processor Turbo Info n/a. Processor Cache Info n/a. RAM 36GB. HDD Interface SSD. Hard Disk Capacity 512GB SSD. Graphics Intel Integrated Graphics. Graphics Detail Info n/a. Video Memory Shared. Optical Drive No Optical Drive. USB Ports 3 Ports Type-C. Numeric Pad No. HDMI Yes. Backlit Keyboard Yes. Warranty Manufacturer Warranty. Shipping 24 - 48 hrs,https://www.shophive.com/media/catalog/product/cache/3875881abdd255ac261538b8462285e9/l/a/laptop_6_1_5.jpg,"Apple MacBook Pro MRW23 M3 Pro 16"" 36GB 512GB SSD Space Black 2023 Apple Laptops MacBooks Brand Apple. Series Macbook Pro. Screen Size 16.2''. Screen Resolution 3456 x 2234. Touchscreen No. Operating System Mac OS. Generation Apple M3 Generation. Processor Type M3 Pro. Processor Model Info n/a. Processor Speed Info n/a. Processor Turbo Info n/a. Processor Cache Info n/a. RAM 36GB. HDD Interface SSD. Hard Disk Capacity 512GB SSD. Graphics Intel Integrated Graphics. Graphics Detail Info n/a. Video Memory Shared. Optical Drive No Optical Drive. USB Ports 3 Ports Type-C. Numeric Pad No. HDMI Yes. Backlit Keyboard Yes. Warranty Manufacturer Warranty. Shipping 24 - 48 hrs",Apple,0.0,Laptops,MacBooks,2500.0
P0482,Itel Vision 2,Display 6.6 inches. RAM 3 GB. Battery 4000 mAh. Back Camera 13 MP,https://images.priceoye.pk/itel-vision-2-pakistan-priceoye-dr5do-270x270.webp,Itel Vision 2 Itel Mobile Phones Smartphones Display 6.6 inches. RAM 3 GB. Battery 4000 mAh. Back Camera 13 MP,Itel,5.0,Mobile Phones,Smartphones,61.07
P0483,Tecno Pop 8,Display N/A. RAM 3 GB. Battery 5000 mAh. Back Camera 13 MP + AI Cam,https://images.priceoye.pk/t-pakistan-priceoye-tir7q-270x270.webp,Tecno Pop 8 Tecno Mobile Phones Smartphones Display N/A. RAM 3 GB. Battery 5000 mAh. Back Camera 13 MP + AI Cam,Tecno,5.0,Mobile Phones,Smartphones,107.14
P0484,Oppo K1,Display 6.4 inches. RAM 4/6 GB RAM. Battery 3500 mAh. Back Camera 16 MP,https://images.priceoye.pk/oppo-k1-pakistan-priceoye-hb8se-270x270.webp,Oppo K1 Oppo Mobile Phones Smartphones Display 6.4 inches. RAM 4/6 GB RAM. Battery 3500 mAh. Back Camera 16 MP,Oppo,3.3,Mobile Phones,Smartphones,153.57
P0485,Tecno Pova 5,Display 6.78. RAM 8 GB. Battery 6000 mAh. Back Camera 50 MP + 0.08 MP,https://images.priceoye.pk/tecno-pova-5-pakistan-priceoye-f07wy-270x270.webp,Tecno Pova 5 Tecno Mobile Phones Smartphones Display 6.78. RAM 8 GB. Battery 6000 mAh. Back Camera 50 MP + 0.08 MP,Tecno,5.0,Mobile Phones,Smartphones,139.28
P0486,Apple iPad Pro 11 M2 WiFi,Display 11 inches. RAM 8 GB. Type Wh. Back Camera 12 MP,https://images.priceoye.pk/apple-ipad-pro-11-m2-128gb-wifi-pakistan-priceoye-1edav-270x270.webp,Apple iPad Pro 11 M2 WiFi Apple Tablets iPads Display 11 inches. RAM 8 GB. Type Wh. Back Camera 12 MP,Apple,5.0,Tablets,iPads,1185.71
P0487,Xiaomi Redmi Note 13 Pro 12GB 512GB,"Brand Mi. Operating System Android. Screen Size 6.6"". Internal Memory 512GB. RAM 12GB. Main Camera Pixel 200. Dual Sim Yes. Water Resistant Yes. Expandable Memory Yes. Warranty 1 Year Manufacturer. Shipping 3 - 5 Days. Color Lavender",https://www.shophive.com/media/catalog/product/cache/3875881abdd255ac261538b8462285e9/n/o/note_13_5_1.jpg,"Xiaomi Redmi Note 13 Pro 12GB 512GB Xiaomi Mobile Phones Smartphones Brand Mi. Operating System Android. Screen Size 6.6"". Internal Memory 512GB. RAM 12GB. Main Camera Pixel 200. Dual Sim Yes. Water Resistant Yes. Expandable Memory Yes. Warranty 1 Year Manufacturer. Shipping 3 - 5 Days. Color Lavender",Xiaomi,0.0,Mobile Phones,Smartphones,253.57
P0488,HP Pavilion x360 14 EK1056TU Core i7 (16GB-1TB),Display 14. Generation 13th Generation. Processor 1355u PROCESSOR. Internal Memory 1 TB PCIe® NVMe™ M.2 SSD,https://images.priceoye.pk/hp-pavilion-x360-14-ek1056tu-core-i7-16gb-1tb-pakistan-priceoye-6x52l-270x270.webp,HP Pavilion x360 14 EK1056TU Core i7 (16GB-1TB) HP Laptops Laptops Display 14. Generation 13th Generation. Processor 1355u PROCESSOR. Internal Memory 1 TB PCIe® NVMe™ M.2 SSD,HP,5.0,Laptops,Laptops,916.07
P0489,vivo S12,Display 6.44 inches. RAM 8/12 GB. Battery 4200 mAh. Back Camera 44 MP + 8 MP,https://images.priceoye.pk/vivo-s12-pakistan-priceoye-7wb8v-270x270.webp,vivo S12 Vivo Mobile Phones Smartphones Display 6.44 inches. RAM 8/12 GB. Battery 4200 mAh. Back Camera 44 MP + 8 MP,Vivo,5.0,Mobile Phones,Smartphones,339.28
P0490,Samsung Galaxy A05s,Display 6.7 Inches. RAM 4/6 GB. Battery 5000 mAh. Back Camera 50 MP + 2 MP + 2 MP,https://images.priceoye.pk/samsung-galaxy-a05s-pakistan-priceoye-0kqk0-270x270.webp,Samsung Galaxy A05s Samsung Mobile Phones Smartphones Display 6.7 Inches. RAM 4/6 GB. Battery 5000 mAh. Back Camera 50 MP + 2 MP + 2 MP,Samsung,4.9,Mobile Phones,Smartphones,108.57
P0491,Xiaomi 11 Lite 5G NE,Display 6.55 Inches. RAM 8 GB. Battery 4250 mAh. Back Camera 64 MP + 8 MP + 5 MP,https://images.priceoye.pk/xiaomi-11-lite-5g-ne-pakistan-priceoye-7na88-270x270.webp,Xiaomi 11 Lite 5G NE Xiaomi Mobile Phones Smartphones Display 6.55 Inches. RAM 8 GB. Battery 4250 mAh. Back Camera 64 MP + 8 MP + 5 MP,Xiaomi,4.9,Mobile Phones,Smartphones,199.64
P0492,itel A70,Display 6.6 inches. RAM 4+8GB EXTENDED RAM. Battery 5000 mAh. Back Camera 13 MP,https://images.priceoye.pk/itel-a70-pakistan-priceoye-8ny6f-270x270.webp,itel A70 Itel Mobile Phones Smartphones Display 6.6 inches. RAM 4+8GB EXTENDED RAM. Battery 5000 mAh. Back Camera 13 MP,Itel,4.9,Mobile Phones,Smartphones,68.92
P0493,Apple Watch SE 40mm Gen 2 Silver Case With Strom Blue Sports Band,Brand Apple. Shipping Same Day From Lahore,https://www.shophive.com/media/catalog/product/cache/3875881abdd255ac261538b8462285e9/a/p/apple_watch_23_1.jpg,Apple Watch SE 40mm Gen 2 Silver Case With Strom Blue Sports Band Apple Smart Watches Premium Smart Watches Brand Apple. Shipping Same Day From Lahore,Apple,0.0,Smart Watches,Premium Smart Watches,239.28
P0494,Samsung Galaxy Watch 6 Classic 43mm R950,Brand Samsung. Shipping Same Day From Lahore,https://www.shophive.com/media/catalog/product/cache/3875881abdd255ac261538b8462285e9/i/m/image-removebg-preview---2023-08-23t185549.831_1.jpg,Samsung Galaxy Watch 6 Classic 43mm R950 Samsung Smart Watches Premium Smart Watches Brand Samsung. Shipping Same Day From Lahore,Samsung,0.0,Smart Watches,Premium Smart Watches,321.43
P0495,Samsung Galaxy A7 (2017),Display 5.7 inches. RAM 3 GB RAM. Battery 3600 mAh. Back Camera 16 MP,https://images.priceoye.pk/samsung-galaxy-a7-2017-pakistan-priceoye-270x270.webp,Samsung Galaxy A7 (2017) Samsung Mobile Phones Smartphones Display 5.7 inches. RAM 3 GB RAM. Battery 3600 mAh. Back Camera 16 MP,Samsung,4.2,Mobile Phones,Smartphones,130.71
P0496,Xiaomi Redmi 13,Display 6.79 Inches. RAM 8 GB. Battery 5030 mAh. Back Camera 108 MP + 2 MP,https://images.priceoye.pk/redmi-13-pakistan-priceoye-equgi-270x270.webp,Xiaomi Redmi 13 Xiaomi Mobile Phones Smartphones Display 6.79 Inches. RAM 8 GB. Battery 5030 mAh. Back Camera 108 MP + 2 MP,Xiaomi,4.8,Mobile Phones,Smartphones,111.42
P0497,Vivo U10,Display 6.35 inches. RAM 64GB 4GB RAM. Battery 5000 mAh. Back Camera 13 MP,https://images.priceoye.pk/vivo-u10-pakistan-priceoye-w9lwb-270x270.webp,Vivo U10 Vivo Mobile Phones Smartphones Display 6.35 inches. RAM 64GB 4GB RAM. Battery 5000 mAh. Back Camera 13 MP,Vivo,5.0,Mobile Phones,Smartphones,103.57
P0498,"Apple Macbook Pro 2023 M2 Pro 14.2"" 32GB 512GB SSD Space Grey",Brand Apple. Series Macbook Pro. Screen Size 14.2''. Screen Resolution 3024 x 1964. Touchscreen No. Operating System Mac OS. Generation Apple M2 Generation. Processor Type M2 Pro. Processor Model Info n/a. Processor Speed Info n/a. Processor Turbo Info n/a. Processor Cache Info n/a. RAM 32GB. HDD Interface SSD. Hard Disk Capacity 512GB SSD. Graphics Info na. Graphics Detail Info n/a. Video Memory Shared. Optical Drive No Optical Drive. USB Ports 2 ports. Numeric Pad No. HDMI Yes. Backlit Keyboard Yes. Warranty 1 Year Manufacturer. Shipping Same Day From Lahore,https://www.shophive.com/media/catalog/product/cache/3875881abdd255ac261538b8462285e9/j/k/jkj_2_2_1.jpg,"Apple Macbook Pro 2023 M2 Pro 14.2"" 32GB 512GB SSD Space Grey Apple Laptops MacBooks Brand Apple. Series Macbook Pro. Screen Size 14.2''. Screen Resolution 3024 x 1964. Touchscreen No. Operating System Mac OS. Generation Apple M2 Generation. Processor Type M2 Pro. Processor Model Info n/a. Processor Speed Info n/a. Processor Turbo Info n/a. Processor Cache Info n/a. RAM 32GB. HDD Interface SSD. Hard Disk Capacity 512GB SSD. Graphics Info na. Graphics Detail Info n/a. Video Memory Shared. Optical Drive No Optical Drive. USB Ports 2 ports. Numeric Pad No. HDMI Yes. Backlit Keyboard Yes. Warranty 1 Year Manufacturer. Shipping Same Day From Lahore",Apple,0.0,Laptops,MacBooks,2982.14
P0499,Samsung Galaxy A5 (2018),Display 5.6 inches. RAM 4 GB RAM. Battery 3000 mAh. Back Camera 16 MP,https://images.priceoye.pk/samsung-galaxy-a5-2018-pakistan-priceoye.png,Samsung Galaxy A5 (2018) Samsung Mobile Phones Smartphones Display 5.6 inches. RAM 4 GB RAM. Battery 3000 mAh. Back Camera 16 MP,Samsung,4.5,Mobile Phones,Smartphones,176.78
P0500,Samsung Galaxy Note 4,Display 5.7 inches. RAM 3 GB RAM. Battery 3220 mAh. Back Camera 16 MP,https://images.priceoye.pk/samsung-galaxy-note-4-pakistan-priceoye-lry9l-270x270.webp,Samsung Galaxy Note 4 Samsung Mobile Phones Smartphones Display 5.7 inches. RAM 3 GB RAM. Battery 3220 mAh. Back Camera 16 MP,Samsung,5.0,Mobile Phones,Smartphones,153.57
P0501,Infinix Hot 11 Play,Display 6.82 Inches. RAM 4 GB. Battery 6000 mAh. Back Camera 13 MP + AI Lens,https://images.priceoye.pk/infinix-hot-11-play-pakistan-priceoye-j5p9q-270x270.webp,Infinix Hot 11 Play Infinix Mobile Phones Smartphones Display 6.82 Inches. RAM 4 GB. Battery 6000 mAh. Back Camera 13 MP + AI Lens,Infinix,4.9,Mobile Phones,Smartphones,94.64
P0502,Samsung Galaxy Note 10 5G Exynos,Display 6.3inches. RAM 12 GB RAM. Battery 3500 mAh. Back Camera 16 MP,https://images.priceoye.pk/samsung-galaxy-note-10-5g-exynos-pakistan-priceoye-0wj2t-270x270.webp,Samsung Galaxy Note 10 5G Exynos Samsung Mobile Phones Smartphones Display 6.3inches. RAM 12 GB RAM. Battery 3500 mAh. Back Camera 16 MP,Samsung,5.0,Mobile Phones,Smartphones,678.57
P0503,Oppo A95,Display 6.43 inches. RAM 8 GB. Battery 5000 mAh. Back Camera 48 MP + 2 MP + 2 MP,https://images.priceoye.pk/oppo-a95-pakistan-priceoye-al72n-270x270.webp,Oppo A95 Oppo Mobile Phones Smartphones Display 6.43 inches. RAM 8 GB. Battery 5000 mAh. Back Camera 48 MP + 2 MP + 2 MP,Oppo,4.8,Mobile Phones,Smartphones,143.21
P0504,Oppo A54 (Activated),Display 6.51 inches. RAM 4 GB. Battery 5000 mAh. Back Camera 13 MP + 2 MP + 2 MP,https://images.priceoye.pk/oppo-a54-activated-pakistan-priceoye-k56sl-270x270.webp,Oppo A54 (Activated) Oppo Mobile Phones Smartphones Display 6.51 inches. RAM 4 GB. Battery 5000 mAh. Back Camera 13 MP + 2 MP + 2 MP,Oppo,5.0,Mobile Phones,Smartphones,186.43
P0505,Vivo iQOO 9 Pro,Display 6.78 inches. RAM 8/12 GB. Battery 4700 mAh. Back Camera 50 MP + 16 MP + 50 MP,https://images.priceoye.pk/vivo-iqoo-9-pro-pakistan-priceoye-k3zkm-270x270.webp,Vivo iQOO 9 Pro Vivo Mobile Phones Smartphones Display 6.78 inches. RAM 8/12 GB. Battery 4700 mAh. Back Camera 50 MP + 16 MP + 50 MP,Vivo,5.0,Mobile Phones,Smartphones,503.57
P0506,TECNO Camon X,Display 6.0 inches. RAM 3 GB RAM. Battery 3750 mAh. Back Camera 16 MP,https://images.priceoye.pk/tecno-camon-x-pakistan-priceoye-xt1ck-270x270.webp,TECNO Camon X Tecno Mobile Phones Smartphones Display 6.0 inches. RAM 3 GB RAM. Battery 3750 mAh. Back Camera 16 MP,Tecno,4.3,Mobile Phones,Smartphones,75.0
P0507,Realme C15,Display 6.5 Inches. RAM 3/4 GB. Battery 6000 mAh. Back Camera 13 MP + 8 MP + 2 MP + 2 MP,https://images.priceoye.pk/realme-c15-pakistan-priceoye-f86qw-270x270.webp,Realme C15 Realme Mobile Phones Smartphones Display 6.5 Inches. RAM 3/4 GB. Battery 6000 mAh. Back Camera 13 MP + 8 MP + 2 MP + 2 MP,Realme,5.0,Mobile Phones,Smartphones,78.57
P0508,Dell XPS 16 9640 Intel Core Ultra 7 155H 16GB 1TB SSD,Brand Dell. Series XPS. Screen Size 16.2''. Screen Resolution 1920 x 1200. Touchscreen No. Operating System Windows 11 Pro. Generation Info n/a. Processor Type Intel Core Ultra 7. Processor Model Ultra 7 155H. Processor Speed 1.4 GHz. Processor Turbo 4.8 GHz (Up to). Processor Cache 24 MB. RAM 16GB. HDD Interface SSD. Hard Disk Capacity 1TB SSD. Graphics Nvidia Graphics. Graphics Detail RTX 4050 (Nvidia GeForce). Video Memory 6 GB. Optical Drive No Optical Drive. USB Ports 3 Ports Type-C. Numeric Pad No. HDMI No. Backlit Keyboard Yes. Warranty International Warranty. Shipping 5 - 10 Days,https://www.shophive.com/media/catalog/product/cache/3875881abdd255ac261538b8462285e9/l/a/laptop_85_7.jpg,Dell XPS 16 9640 Intel Core Ultra 7 155H 16GB 1TB SSD Dell Laptops Laptops Brand Dell. Series XPS. Screen Size 16.2''. Screen Resolution 1920 x 1200. Touchscreen No. Operating System Windows 11 Pro. Generation Info n/a. Processor Type Intel Core Ultra 7. Processor Model Ultra 7 155H. Processor Speed 1.4 GHz. Processor Turbo 4.8 GHz (Up to). Processor Cache 24 MB. RAM 16GB. HDD Interface SSD. Hard Disk Capacity 1TB SSD. Graphics Nvidia Graphics. Graphics Detail RTX 4050 (Nvidia GeForce). Video Memory 6 GB. Optical Drive No Optical Drive. USB Ports 3 Ports Type-C. Numeric Pad No. HDMI No. Backlit Keyboard Yes. Warranty International Warranty. Shipping 5 - 10 Days,Dell,0.0,Laptops,Laptops,2710.71
P0509,Infinix Note 50 Pro,Display 6.78 INCHES. RAM 12GB RAM + 12GB EXPANDABLE RAM. Battery 5200 mAh. Back Camera 50MP OIS+8MP,https://images.priceoye.pk/infinix-note-50-pro-pakistan-priceoye-zdet1-270x270.webp,Infinix Note 50 Pro Infinix Mobile Phones Smartphones Display 6.78 INCHES. RAM 12GB RAM + 12GB EXPANDABLE RAM. Battery 5200 mAh. Back Camera 50MP OIS+8MP,Infinix,5.0,Mobile Phones,Smartphones,285.71
P0510,Oppo F3,Display 5.5 inches. RAM 4 GB RAM. Battery 3200 mAh. Back Camera 13 MP,https://images.priceoye.pk/oppo-f3-pakistan-priceoye-270x270.webp,Oppo F3 Oppo Mobile Phones Smartphones Display 5.5 inches. RAM 4 GB RAM. Battery 3200 mAh. Back Camera 13 MP,Oppo,2.5,Mobile Phones,Smartphones,99.29
P0511,Zero Flex Smart Watch,Display 46mm. Screen Type HD display. Calling Yes. Battery Life 3-4 days,https://images.priceoye.pk/zero-flex-smart-watch-pakistan-priceoye-xx4bb-270x270.webp,Zero Flex Smart Watch Zero Smart Watches Smart Watches Display 46mm. Screen Type HD display. Calling Yes. Battery Life 3-4 days,Zero,4.0,Smart Watches,Smart Watches,21.43
P0512,Xiaomi Redmi 4a,Display 5.0 inches. RAM 2 GB RAM. Battery 3120 mAh. Back Camera 13 MP,https://images.priceoye.pk/xiaomi-redmi-4a-pakistan-priceoye-270x270.webp,Xiaomi Redmi 4a Xiaomi Mobile Phones Smartphones Display 5.0 inches. RAM 2 GB RAM. Battery 3120 mAh. Back Camera 13 MP,Xiaomi,4.6,Mobile Phones,Smartphones,51.79
P0513,HP ProBook 450 G10 i7-1355U 8GB 512GB SSD 1y,"Brand HP. Series ProBook. Screen Size 15.6"". Screen Resolution 1920 x 1080. Touchscreen No. Operating System DOS. Generation Intel 13th Generation. Processor Type Intel Core i7. Processor Model i7-1355U. Processor Speed 1.7 GHz. Processor Turbo 5.0 GHz (Up to). Processor Cache 12 MB. RAM 8GB. HDD Interface SSD. Hard Disk Capacity 512GB SSD. Graphics Intel Integrated Graphics. Graphics Detail Intel Iris XE Graphics. Video Memory Shared. Optical Drive No Optical Drive. USB Ports 2 ports. Numeric Pad Yes. HDMI Yes. Backlit Keyboard Yes. Warranty 1 Year Manufacturer. Shipping Same Day From Lahore",https://www.shophive.com/media/catalog/product/cache/3875881abdd255ac261538b8462285e9/h/p/hp_3_4.jpg,"HP ProBook 450 G10 i7-1355U 8GB 512GB SSD 1y HP Laptops Business Laptops Brand HP. Series ProBook. Screen Size 15.6"". Screen Resolution 1920 x 1080. Touchscreen No. Operating System DOS. Generation Intel 13th Generation. Processor Type Intel Core i7. Processor Model i7-1355U. Processor Speed 1.7 GHz. Processor Turbo 5.0 GHz (Up to). Processor Cache 12 MB. RAM 8GB. HDD Interface SSD. Hard Disk Capacity 512GB SSD. Graphics Intel Integrated Graphics. Graphics Detail Intel Iris XE Graphics. Video Memory Shared. Optical Drive No Optical Drive. USB Ports 2 ports. Numeric Pad Yes. HDMI Yes. Backlit Keyboard Yes. Warranty 1 Year Manufacturer. Shipping Same Day From Lahore",HP,0.0,Laptops,Business Laptops,1071.42
P0514,HP Spectre x360 14-EF2051TU 13th Gen 1355U,Display 13.5″ WUXGA+ IPS Touch Screen. Generation 13th Generation. Processor Intel Core i7-1355U 13th Gen Processor. Internal Memory 512GB SSD,https://images.priceoye.pk/hp-spectre-14-ef2051tu-x360-13th-gen-1355u-pakistan-priceoye-etv0h-270x270.webp,HP Spectre x360 14-EF2051TU 13th Gen 1355U HP Laptops Laptops Display 13.5″ WUXGA+ IPS Touch Screen. Generation 13th Generation. Processor Intel Core i7-1355U 13th Gen Processor. Internal Memory 512GB SSD,HP,5.0,Laptops,Laptops,1435.71
P0515,Xiaomi Redmi 9 Power,Display 6.53 Inches. RAM 4 GB. Battery 6000 mAh. Back Camera 48 MP + 8 MP + 2 MP + 2 MP,https://images.priceoye.pk/xiaomi-redmi-9-power-pakistan-priceoye-i5rl0-270x270.webp,Xiaomi Redmi 9 Power Xiaomi Mobile Phones Smartphones Display 6.53 Inches. RAM 4 GB. Battery 6000 mAh. Back Camera 48 MP + 8 MP + 2 MP + 2 MP,Xiaomi,4.0,Mobile Phones,Smartphones,92.85
P0516,Itel Muzik 400 pro,Display 2.8 Inches. RAM STANDARD. Battery 3000 mAh. Back Camera Yes,https://images.priceoye.pk/itel-muzik-400-pro-pakistan-priceoye-gysly-270x270.webp,Itel Muzik 400 pro Itel Mobile Phones Smartphones Display 2.8 Inches. RAM STANDARD. Battery 3000 mAh. Back Camera Yes,Itel,5.0,Mobile Phones,Smartphones,16.43
P0517,Xiaomi Mi 4s,Display 5.0 inches. RAM 3 GB RAM. Battery 3260 mAh. Back Camera 13 MP,https://images.priceoye.pk/xiaomi-mi-4s-pakistan-priceoye-270x270.webp,Xiaomi Mi 4s Xiaomi Mobile Phones Smartphones Display 5.0 inches. RAM 3 GB RAM. Battery 3260 mAh. Back Camera 13 MP,Xiaomi,4.1,Mobile Phones,Smartphones,80.35
P0518,Samsung Galaxy S11e,Display 6.7 inches. RAM 8 GB. Battery 4500 mAh. Back Camera 48 MP,https://images.priceoye.pk/samsung-galaxy-s11e-pakistan-priceoye-9gx9g-270x270.webp,Samsung Galaxy S11e Samsung Mobile Phones Smartphones Display 6.7 inches. RAM 8 GB. Battery 4500 mAh. Back Camera 48 MP,Samsung,5.0,Mobile Phones,Smartphones,517.85
P0519,XP-Pen Deco Fun S Graphic Tablet,"Brand Xp Pen. Operating System Windows 10. RAM Info Not Availible. Screen Size 6.3"". Warranty 7 Day Replacement. Internal Memory Not Available. Expandable Memory No. Phone Option No. Shipping Same Day From Lahore",https://www.shophive.com/media/catalog/product/cache/3875881abdd255ac261538b8462285e9/i/m/image-removebg-preview---2022-10-20t163509.131.jpg,"XP-Pen Deco Fun S Graphic Tablet XP Pen Tablets Drawing Tablets Brand Xp Pen. Operating System Windows 10. RAM Info Not Availible. Screen Size 6.3"". Warranty 7 Day Replacement. Internal Memory Not Available. Expandable Memory No. Phone Option No. Shipping Same Day From Lahore",XP Pen,0.0,Tablets,Drawing Tablets,55.35
P0520,vivo Z5i,Display 6.53 inches. RAM 8GB RAM. Battery 5000 mAh. Back Camera 8 MP,https://images.priceoye.pk/vivo-z5i-pakistan-priceoye-02ot4-270x270.webp,vivo Z5i Vivo Mobile Phones Smartphones Display 6.53 inches. RAM 8GB RAM. Battery 5000 mAh. Back Camera 8 MP,Vivo,5.0,Mobile Phones,Smartphones,164.28
P0521,Oppo F21 Pro 5G (Activated),Display 6.43 inches. RAM 8 GB. Battery 4500 mAh. Back Camera 64 MP + 2 MP + 2 MP,https://images.priceoye.pk/oppo-f21-pro-5g-pakistan-priceoye-525xn-270x270.webp,Oppo F21 Pro 5G (Activated) Oppo Mobile Phones Smartphones Display 6.43 inches. RAM 8 GB. Battery 4500 mAh. Back Camera 64 MP + 2 MP + 2 MP,Oppo,5.0,Mobile Phones,Smartphones,352.86
P0522,HP Elite Dragonfly Max i7-1165G7 32GB 2TB SSD,"Brand HP. Series Dragonfly. Screen Size 13.3"". Screen Resolution 1920 x 1080. Touchscreen Yes. Operating System Windows 10 Home. Generation Intel 11th Generation. Processor Type Intel Core i7. Processor Model i7-1165G7. Processor Speed 4.8. Processor Turbo 2.8 GHz (Up to). Processor Cache 12 MB. RAM 32GB. HDD Interface SSD. Hard Disk Capacity 2TB. Graphics Intel Integrated Graphics. Graphics Detail Intel Iris XE Graphics. Video Memory Shared. Optical Drive No Optical Drive. USB Ports 2 Ports Type-C. Numeric Pad No. HDMI Yes. Backlit Keyboard Yes. Warranty 7 Day Replacement. Shipping Same Day From Lahore",https://www.shophive.com/media/catalog/product/cache/3875881abdd255ac261538b8462285e9/c/0/c08145911_1.jpg,"HP Elite Dragonfly Max i7-1165G7 32GB 2TB SSD HP Laptops Laptops Brand HP. Series Dragonfly. Screen Size 13.3"". Screen Resolution 1920 x 1080. Touchscreen Yes. Operating System Windows 10 Home. Generation Intel 11th Generation. Processor Type Intel Core i7. Processor Model i7-1165G7. Processor Speed 4.8. Processor Turbo 2.8 GHz (Up to). Processor Cache 12 MB. RAM 32GB. HDD Interface SSD. Hard Disk Capacity 2TB. Graphics Intel Integrated Graphics. Graphics Detail Intel Iris XE Graphics. Video Memory Shared. Optical Drive No Optical Drive. USB Ports 2 Ports Type-C. Numeric Pad No. HDMI Yes. Backlit Keyboard Yes. Warranty 7 Day Replacement. Shipping Same Day From Lahore",HP,0.0,Laptops,Laptops,2232.14
P0523,Tecno Camon 19 Pro,Display 6.8 Inches. RAM 8 GB. Battery 5000 mAh. Back Camera 64 MP + 50 MP + 2 MP,https://images.priceoye.pk/tecno-camon-19-pro-pakistan-priceoye-0tvot-270x270.webp,Tecno Camon 19 Pro Tecno Mobile Phones Smartphones Display 6.8 Inches. RAM 8 GB. Battery 5000 mAh. Back Camera 64 MP + 50 MP + 2 MP,Tecno,4.7,Mobile Phones,Smartphones,178.57
P0524,"Apple Macbook Air 2023 M2 15"" 512GB Silver MQKT3LL",Brand Apple. Series Macbook Air. Screen Size Info N/A. Screen Resolution Info n/a. Touchscreen No. Operating System Mac OS. Generation Apple M2 Generation. Processor Type M2. Processor Model Info n/a. Processor Speed Info n/a. Processor Turbo Info n/a. Processor Cache Info n/a. RAM 8GB. HDD Interface SSD. Hard Disk Capacity 512GB SSD. Graphics Info na. Graphics Detail Info n/a. Video Memory Shared. Optical Drive No Optical Drive. USB Ports 2 Ports Type-C. Numeric Pad No. HDMI No. Backlit Keyboard Yes. Warranty 7 Day Replacement. Shipping Same Day From Lahore,https://www.shophive.com/media/catalog/product/cache/3875881abdd255ac261538b8462285e9/i/m/image-removebg-preview---2023-06-06t140657.776_1.jpg,"Apple Macbook Air 2023 M2 15"" 512GB Silver MQKT3LL Apple Laptops MacBooks Brand Apple. Series Macbook Air. Screen Size Info N/A. Screen Resolution Info n/a. Touchscreen No. Operating System Mac OS. Generation Apple M2 Generation. Processor Type M2. Processor Model Info n/a. Processor Speed Info n/a. Processor Turbo Info n/a. Processor Cache Info n/a. RAM 8GB. HDD Interface SSD. Hard Disk Capacity 512GB SSD. Graphics Info na. Graphics Detail Info n/a. Video Memory Shared. Optical Drive No Optical Drive. USB Ports 2 Ports Type-C. Numeric Pad No. HDMI No. Backlit Keyboard Yes. Warranty 7 Day Replacement. Shipping Same Day From Lahore",Apple,0.0,Laptops,MacBooks,1642.85
P0525,Realme C67,Display 6.72 Inches. RAM 8GB + 8GB. Battery 5000 mAh. Back Camera Dual Camera: 108 MP + 2MP,https://images.priceoye.pk/realme-c67-pakistan-priceoye-2sie0-270x270.webp,Realme C67 Realme Mobile Phones Smartphones Display 6.72 Inches. RAM 8GB + 8GB. Battery 5000 mAh. Back Camera Dual Camera: 108 MP + 2MP,Realme,4.9,Mobile Phones,Smartphones,137.5
P0526,Realme V15 5G,Display 6.4 inches. RAM 8 GB. Battery 4310 mAh. Back Camera 64 MP + 8 MP + 2 MP,https://images.priceoye.pk/realme-v15-5g-pakistan-priceoye-fuxzy-270x270.webp,Realme V15 5G Realme Mobile Phones Smartphones Display 6.4 inches. RAM 8 GB. Battery 4310 mAh. Back Camera 64 MP + 8 MP + 2 MP,Realme,5.0,Mobile Phones,Smartphones,142.85
P0527,Vivo Y1s,"Display 6.2 Inches. RAM 2 GB. Battery 4030 mAh. Back Camera 13 MP, f/2.2",https://images.priceoye.pk/vivo-y1s-pakistan-priceoye-lzfax-270x270.webp,"Vivo Y1s Vivo Mobile Phones Smartphones Display 6.2 Inches. RAM 2 GB. Battery 4030 mAh. Back Camera 13 MP, f/2.2",Vivo,5.0,Mobile Phones,Smartphones,65.36
P0528,Lenovo Ideapad Slim 3 15IAN8 i3-N305 8GB 512GB SSD,"Brand Lenovo. Series IdeaPad. Screen Size 15.6"". Screen Resolution 1920 x 1080. Touchscreen No. Operating System DOS. Generation Info n/a. Processor Type Intel Core i3. Processor Model Info n/a. Processor Speed 1.8 GHz. Processor Turbo 3.8 GHz (Up to). Processor Cache 6 MB. RAM 8GB. HDD Interface SSD. Hard Disk Capacity 512GB SSD. Graphics Intel Integrated Graphics. Graphics Detail Intel UHD Graphics. Video Memory Shared. Optical Drive No Optical Drive. USB Ports 2 ports. Numeric Pad Yes. HDMI Yes. Backlit Keyboard No. Warranty International Warranty. Shipping Same Day From Lahore",https://www.shophive.com/media/catalog/product/cache/3875881abdd255ac261538b8462285e9/l/a/laptop_83_7.jpg,"Lenovo Ideapad Slim 3 15IAN8 i3-N305 8GB 512GB SSD Lenovo Laptops Laptops Brand Lenovo. Series IdeaPad. Screen Size 15.6"". Screen Resolution 1920 x 1080. Touchscreen No. Operating System DOS. Generation Info n/a. Processor Type Intel Core i3. Processor Model Info n/a. Processor Speed 1.8 GHz. Processor Turbo 3.8 GHz (Up to). Processor Cache 6 MB. RAM 8GB. HDD Interface SSD. Hard Disk Capacity 512GB SSD. Graphics Intel Integrated Graphics. Graphics Detail Intel UHD Graphics. Video Memory Shared. Optical Drive No Optical Drive. USB Ports 2 ports. Numeric Pad Yes. HDMI Yes. Backlit Keyboard No. Warranty International Warranty. Shipping Same Day From Lahore",Lenovo,0.0,Laptops,Laptops,416.07
P0529,Vivo Y81,Display 6.22 inches. RAM 3 RAM. Battery 3260 mAh. Back Camera 13 MP,https://images.priceoye.pk/vivo-y81-pakistan-priceoye-4hasy-270x270.webp,Vivo Y81 Vivo Mobile Phones Smartphones Display 6.22 inches. RAM 3 RAM. Battery 3260 mAh. Back Camera 13 MP,Vivo,4.0,Mobile Phones,Smartphones,85.71
P0530,"Apple Macbook Pro M4 Pro 2024 16.2"" 24GB 512GB SSD Space Black MX2X3",Brand Apple. Series Macbook Pro. Screen Size 16.2''. Screen Resolution 3456 x 2234. Touchscreen No. Operating System Mac OS. Generation Apple M4 Generation. Processor Type M4 Pro. Processor Model Info n/a. Processor Speed Info n/a. Processor Turbo Info n/a. Processor Cache Info n/a. RAM 24GB. HDD Interface SSD. Hard Disk Capacity 512GB SSD. Graphics Info na. Graphics Detail Info n/a. Video Memory Shared. Optical Drive No Optical Drive. USB Ports 3 Ports Type-C. Numeric Pad No. HDMI Yes. Backlit Keyboard Yes. Warranty Manufacturer Warranty. Shipping Same Day From Lahore,https://www.shophive.com/media/catalog/product/cache/3875881abdd255ac261538b8462285e9/m/a/mac_1_2_6.png,"Apple Macbook Pro M4 Pro 2024 16.2"" 24GB 512GB SSD Space Black MX2X3 Apple Laptops MacBooks Brand Apple. Series Macbook Pro. Screen Size 16.2''. Screen Resolution 3456 x 2234. Touchscreen No. Operating System Mac OS. Generation Apple M4 Generation. Processor Type M4 Pro. Processor Model Info n/a. Processor Speed Info n/a. Processor Turbo Info n/a. Processor Cache Info n/a. RAM 24GB. HDD Interface SSD. Hard Disk Capacity 512GB SSD. Graphics Info na. Graphics Detail Info n/a. Video Memory Shared. Optical Drive No Optical Drive. USB Ports 3 Ports Type-C. Numeric Pad No. HDMI Yes. Backlit Keyboard Yes. Warranty Manufacturer Warranty. Shipping Same Day From Lahore",Apple,0.0,Laptops,MacBooks,2482.14
P0531,"Apple Macbook Air 2023 M2 15"" 512GB Midnight MQKX3LL",Brand Apple. Series Macbook Air. Screen Size Info N/A. Screen Resolution Info n/a. Touchscreen No. Operating System Mac OS. Generation Apple M2 Generation. Processor Type M2. Processor Model Info n/a. Processor Speed Info n/a. Processor Turbo Info n/a. Processor Cache Info n/a. RAM 8GB. HDD Interface SSD. Hard Disk Capacity 512GB SSD. Graphics Info na. Graphics Detail Info n/a. Video Memory Shared. Optical Drive No Optical Drive. USB Ports 2 Ports Type-C. Numeric Pad No. HDMI No. Backlit Keyboard Yes. Warranty 7 Day Replacement. Shipping Same Day From Lahore,https://www.shophive.com/media/catalog/product/cache/3875881abdd255ac261538b8462285e9/m/b/mba15-midnight-gallery1-202306_1.jpg,"Apple Macbook Air 2023 M2 15"" 512GB Midnight MQKX3LL Apple Laptops MacBooks Brand Apple. Series Macbook Air. Screen Size Info N/A. Screen Resolution Info n/a. Touchscreen No. Operating System Mac OS. Generation Apple M2 Generation. Processor Type M2. Processor Model Info n/a. Processor Speed Info n/a. Processor Turbo Info n/a. Processor Cache Info n/a. RAM 8GB. HDD Interface SSD. Hard Disk Capacity 512GB SSD. Graphics Info na. Graphics Detail Info n/a. Video Memory Shared. Optical Drive No Optical Drive. USB Ports 2 Ports Type-C. Numeric Pad No. HDMI No. Backlit Keyboard Yes. Warranty 7 Day Replacement. Shipping Same Day From Lahore",Apple,0.0,Laptops,MacBooks,1642.85
P0532,vivo Z5,Display 6.38 inches. RAM 6 GB RAM OR 128 GB 6/8 GB RAM OR 64 GB 6 GB RAM. Battery 4500 mAh. Back Camera null,https://images.priceoye.pk/vivo-z5-pakistan-priceoye-7must-270x270.webp,vivo Z5 Vivo Mobile Phones Smartphones Display 6.38 inches. RAM 6 GB RAM OR 128 GB 6/8 GB RAM OR 64 GB 6 GB RAM. Battery 4500 mAh. Back Camera null,Vivo,5.0,Mobile Phones,Smartphones,214.28
P0533,Xiaomi Redmi 7 Pro,Display 6.3 inches. RAM 6 GB. Battery 4000 mAh. Back Camera 48 MP,https://images.priceoye.pk/xiaomi-redmi-7-pro-pakistan-priceoye-5sb43-270x270.webp,Xiaomi Redmi 7 Pro Xiaomi Mobile Phones Smartphones Display 6.3 inches. RAM 6 GB. Battery 4000 mAh. Back Camera 48 MP,Xiaomi,4.0,Mobile Phones,Smartphones,128.57
P0534,Asus Expertbook B1 B1502CVA Raptor Lake i7-1355U 8GB 512GB SSD,"Brand Asus. Series ExpertBook. Screen Size 15.6"". Screen Resolution 1920 x 1080. Touchscreen No. Operating System DOS. Generation Intel 13th Generation. Processor Type Intel Core i7. Processor Model i7-1355U. Processor Speed 1.7 GHz. Processor Turbo 5.0 GHz (Up to). Processor Cache 12 MB. RAM 8GB. HDD Interface SSD. Hard Disk Capacity 512GB SSD. Graphics Intel Integrated Graphics. Graphics Detail Info n/a. Video Memory Shared. Optical Drive No Optical Drive. USB Ports 2 ports. Numeric Pad Yes. HDMI Yes. Backlit Keyboard Yes. Warranty 7 Day Replacement. Shipping Same Day From Lahore",https://www.shophive.com/media/catalog/product/cache/3875881abdd255ac261538b8462285e9/a/s/asus_5_3_2.jpg,"Asus Expertbook B1 B1502CVA Raptor Lake i7-1355U 8GB 512GB SSD Asus Laptops Laptops Brand Asus. Series ExpertBook. Screen Size 15.6"". Screen Resolution 1920 x 1080. Touchscreen No. Operating System DOS. Generation Intel 13th Generation. Processor Type Intel Core i7. Processor Model i7-1355U. Processor Speed 1.7 GHz. Processor Turbo 5.0 GHz (Up to). Processor Cache 12 MB. RAM 8GB. HDD Interface SSD. Hard Disk Capacity 512GB SSD. Graphics Intel Integrated Graphics. Graphics Detail Info n/a. Video Memory Shared. Optical Drive No Optical Drive. USB Ports 2 ports. Numeric Pad Yes. HDMI Yes. Backlit Keyboard Yes. Warranty 7 Day Replacement. Shipping Same Day From Lahore",Asus,0.0,Laptops,Laptops,628.57
P0535,Apple iPhone 12 256GB PTA Approved,"Brand Apple. Operating System Apple iOS. Screen Size 6.1"". Internal Memory 128GB. RAM 4GB. Main Camera Pixel 12.0. Dual Sim Yes. Water Resistant Yes. Expandable Memory No. Warranty 1 Year Manufacturer. Shipping Same Day From Lahore. Color Black",https://www.shophive.com/media/catalog/product/cache/3875881abdd255ac261538b8462285e9/i/p/iphone_1_1_3.jpg,"Apple iPhone 12 256GB PTA Approved Apple Mobile Phones Smartphones Brand Apple. Operating System Apple iOS. Screen Size 6.1"". Internal Memory 128GB. RAM 4GB. Main Camera Pixel 12.0. Dual Sim Yes. Water Resistant Yes. Expandable Memory No. Warranty 1 Year Manufacturer. Shipping Same Day From Lahore. Color Black",Apple,0.0,Mobile Phones,Smartphones,803.57
P0536,Tecno Pova Neo 3,Display 6.8. RAM 4/8 GB. Battery 7000 mAh. Back Camera 16 MP + 2 MP,https://images.priceoye.pk/tecno-pova-neo-3-pakistan-priceoye-tgf3p-270x270.webp,Tecno Pova Neo 3 Tecno Mobile Phones Smartphones Display 6.8. RAM 4/8 GB. Battery 7000 mAh. Back Camera 16 MP + 2 MP,Tecno,5.0,Mobile Phones,Smartphones,196.43
P0537,Infinix Note 50 8GB 256GB,"Brand Infinix. Operating System Android. Screen Size 6.7"". Internal Memory 256GB. RAM 8GB. Main Camera Pixel 108. Dual Sim Yes. Water Resistant No. Expandable Memory No. Warranty 1 Year Manufacturer. Shipping Same Day From Lahore. Color Grey",https://www.shophive.com/media/catalog/product/cache/3875881abdd255ac261538b8462285e9/i/n/infinix_note_50_best_price.jpg,"Infinix Note 50 8GB 256GB Infinix Mobile Phones Smartphones Brand Infinix. Operating System Android. Screen Size 6.7"". Internal Memory 256GB. RAM 8GB. Main Camera Pixel 108. Dual Sim Yes. Water Resistant No. Expandable Memory No. Warranty 1 Year Manufacturer. Shipping Same Day From Lahore. Color Grey",Infinix,0.0,Mobile Phones,Smartphones,239.28
P0538,Vivo S7,"Display 6.4 Inches. RAM 8 GB. Battery 4500 mAh. Back Camera 48 MP, f/1.8",https://images.priceoye.pk/vivo-s7-pakistan-priceoye-2bb9m-270x270.webp,"Vivo S7 Vivo Mobile Phones Smartphones Display 6.4 Inches. RAM 8 GB. Battery 4500 mAh. Back Camera 48 MP, f/1.8",Vivo,5.0,Mobile Phones,Smartphones,232.14
P0539,Vivo V50,Display 6.77 inches. RAM 12GB. Battery 6000 mAh. Back Camera 50 MP + 50 MP,https://images.priceoye.pk/vivo-v50-pakistan-priceoye-tdxh9-270x270.webp,Vivo V50 Vivo Mobile Phones Smartphones Display 6.77 inches. RAM 12GB. Battery 6000 mAh. Back Camera 50 MP + 50 MP,Vivo,5.0,Mobile Phones,Smartphones,500.0
P0540,HP 15s FD0107TU Raptor Lake i5-1335u 8GB 512GB SSD,"Brand HP. Series ProBook. Screen Size 15.6"". Screen Resolution 1920 x 1080. Touchscreen No. Operating System Windows 11 Home. Generation Intel 13th Generation. Processor Type Intel Core i5. Processor Model Info n/a. Processor Speed 1.3 GHz. Processor Turbo 4.6 GHz (Up to). Processor Cache 12 MB. RAM 8GB. HDD Interface SSD. Hard Disk Capacity 512GB SSD. Graphics Intel Integrated Graphics. Graphics Detail Intel Iris XE Graphics. Video Memory Shared. Optical Drive No Optical Drive. USB Ports 2 ports. Numeric Pad Yes. HDMI Yes. Backlit Keyboard Yes. Warranty 1 Year Manufacturer. Shipping Same Day From Lahore",https://www.shophive.com/media/catalog/product/cache/3875881abdd255ac261538b8462285e9/h/p/hp_15_1_2.jpg,"HP 15s FD0107TU Raptor Lake i5-1335u 8GB 512GB SSD HP Laptops Business Laptops Brand HP. Series ProBook. Screen Size 15.6"". Screen Resolution 1920 x 1080. Touchscreen No. Operating System Windows 11 Home. Generation Intel 13th Generation. Processor Type Intel Core i5. Processor Model Info n/a. Processor Speed 1.3 GHz. Processor Turbo 4.6 GHz (Up to). Processor Cache 12 MB. RAM 8GB. HDD Interface SSD. Hard Disk Capacity 512GB SSD. Graphics Intel Integrated Graphics. Graphics Detail Intel Iris XE Graphics. Video Memory Shared. Optical Drive No Optical Drive. USB Ports 2 ports. Numeric Pad Yes. HDMI Yes. Backlit Keyboard Yes. Warranty 1 Year Manufacturer. Shipping Same Day From Lahore",HP,0.0,Laptops,Business Laptops,750.0
P0541,HP ProBook 440 G10 i7-1355U 8GB 512GB SSD 1Y,"Brand HP. Series ProBook. Screen Size 14"". Screen Resolution 1920 x 1080. Touchscreen No. Operating System DOS. Generation Intel 13th Generation. Processor Type Intel Core i7. Processor Model i7-1355U. Processor Speed 1.7 GHz. Processor Turbo 5.0 GHz (Up to). Processor Cache 12 MB. RAM 8GB. HDD Interface SSD. Hard Disk Capacity 512GB SSD. Graphics Intel Integrated Graphics. Graphics Detail Intel Iris XE Graphics. Video Memory Shared. Optical Drive No Optical Drive. USB Ports 2 ports. Numeric Pad No. HDMI Yes. Backlit Keyboard Yes. Warranty 1 Year Manufacturer. Shipping Same Day From Lahore",https://www.shophive.com/media/catalog/product/cache/3875881abdd255ac261538b8462285e9/l/a/laptop_64_2.jpg,"HP ProBook 440 G10 i7-1355U 8GB 512GB SSD 1Y HP Laptops Business Laptops Brand HP. Series ProBook. Screen Size 14"". Screen Resolution 1920 x 1080. Touchscreen No. Operating System DOS. Generation Intel 13th Generation. Processor Type Intel Core i7. Processor Model i7-1355U. Processor Speed 1.7 GHz. Processor Turbo 5.0 GHz (Up to). Processor Cache 12 MB. RAM 8GB. HDD Interface SSD. Hard Disk Capacity 512GB SSD. Graphics Intel Integrated Graphics. Graphics Detail Intel Iris XE Graphics. Video Memory Shared. Optical Drive No Optical Drive. USB Ports 2 ports. Numeric Pad No. HDMI Yes. Backlit Keyboard Yes. Warranty 1 Year Manufacturer. Shipping Same Day From Lahore",HP,0.0,Laptops,Business Laptops,1071.42
P0542,"Apple Macbook Air 2024 M3 15.3"" 16GB 512GB SSD Space Gray MXD13","Brand Apple. Series Macbook Air. Screen Size 15.3"". Screen Resolution Info n/a. Touchscreen No. Operating System Mac OS. Generation Apple M3 Generation. Processor Type M3. Processor Model Info n/a. Processor Speed Info n/a. Processor Turbo Info n/a. Processor Cache Info n/a. RAM 16GB. HDD Interface SSD. Hard Disk Capacity 512GB SSD. Graphics Info na. Graphics Detail Info n/a. Video Memory Shared. Optical Drive No Optical Drive. USB Ports 2 Ports Type-C. Numeric Pad No. HDMI No. Backlit Keyboard Yes. Warranty Manufacturer Warranty. Shipping Same Day From Lahore",https://www.shophive.com/media/catalog/product/cache/3875881abdd255ac261538b8462285e9/a/i/air_1_4.jpg,"Apple Macbook Air 2024 M3 15.3"" 16GB 512GB SSD Space Gray MXD13 Apple Laptops MacBooks Brand Apple. Series Macbook Air. Screen Size 15.3"". Screen Resolution Info n/a. Touchscreen No. Operating System Mac OS. Generation Apple M3 Generation. Processor Type M3. Processor Model Info n/a. Processor Speed Info n/a. Processor Turbo Info n/a. Processor Cache Info n/a. RAM 16GB. HDD Interface SSD. Hard Disk Capacity 512GB SSD. Graphics Info na. Graphics Detail Info n/a. Video Memory Shared. Optical Drive No Optical Drive. USB Ports 2 Ports Type-C. Numeric Pad No. HDMI No. Backlit Keyboard Yes. Warranty Manufacturer Warranty. Shipping Same Day From Lahore",Apple,0.0,Laptops,MacBooks,1642.85
P0543,Vivo X27 Pro,Display 6.7 inches. RAM 8 GB RAM. Battery 3920 mAh. Back Camera 48 MP,https://images.priceoye.pk/vivo-x27-pro-pakistan-priceoye-gbxtr-270x270.webp,Vivo X27 Pro Vivo Mobile Phones Smartphones Display 6.7 inches. RAM 8 GB RAM. Battery 3920 mAh. Back Camera 48 MP,Vivo,4.3,Mobile Phones,Smartphones,232.14
P0544,Samsung Galaxy M10,Display 6.22 inches. RAM 2/3 GB. Battery 3400 mAh. Back Camera 13 MP + 5 MP,https://images.priceoye.pk/samsung-galaxy-m10-pakistan-priceoye-6vkpp-270x270.webp,Samsung Galaxy M10 Samsung Mobile Phones Smartphones Display 6.22 inches. RAM 2/3 GB. Battery 3400 mAh. Back Camera 13 MP + 5 MP,Samsung,3.1,Mobile Phones,Smartphones,89.28
P0545,Tecno Phantom 9,Display 6.4inches. RAM 6 GB RAM. Battery 3500 mAh. Back Camera 16 MP,https://images.priceoye.pk/tecno-phantom-9-pakistan-priceoye-enslw-270x270.webp,Tecno Phantom 9 Tecno Mobile Phones Smartphones Display 6.4inches. RAM 6 GB RAM. Battery 3500 mAh. Back Camera 16 MP,Tecno,5.0,Mobile Phones,Smartphones,142.85
P0546,XP-Pen Artist 15.6 Pro Drawing Graphic Tablet,"Brand Xp Pen. Operating System Windows 10. RAM Info Not Availible. Screen Size 15.6"". Warranty 7 Day Replacement. Internal Memory Not Available. Expandable Memory No. Phone Option No. Shipping 24 - 48 hrs",https://www.shophive.com/media/catalog/product/cache/3875881abdd255ac261538b8462285e9/i/m/image-removebg-preview---2023-02-25t135828.718.jpg,"XP-Pen Artist 15.6 Pro Drawing Graphic Tablet XP Pen Tablets Drawing Tablets Brand Xp Pen. Operating System Windows 10. RAM Info Not Availible. Screen Size 15.6"". Warranty 7 Day Replacement. Internal Memory Not Available. Expandable Memory No. Phone Option No. Shipping 24 - 48 hrs",XP Pen,0.0,Tablets,Drawing Tablets,414.28
P0547,"Amazon Fire HD 10"" with Alexa Hands-Free 64GB (7th Generation 2017) B01NGTRMNR","Brand Amazon. Operating System Proprietary OS. RAM 2GB. Screen Size 10.1"". Warranty 7 Day Replacement. Internal Memory 64GB. Expandable Memory Yes. Phone Option No. Shipping On Order",https://www.shophive.com/media/catalog/product/cache/3875881abdd255ac261538b8462285e9/a/m/amazon_fire_hd_10_inch_with_alexa_hands-free_32gb_7th_generation_2017_-_black_2__1_1.png,"Amazon Fire HD 10"" with Alexa Hands-Free 64GB (7th Generation 2017) B01NGTRMNR Amazon Tablets Android Tablets Brand Amazon. Operating System Proprietary OS. RAM 2GB. Screen Size 10.1"". Warranty 7 Day Replacement. Internal Memory 64GB. Expandable Memory Yes. Phone Option No. Shipping On Order",Amazon,0.0,Tablets,Android Tablets,148.21
P0548,Xiaomi Redmi Y1,Display 5.5 inches. RAM 4 GB RAM OR 32 GB 3 GB RAM. Battery 3080 mAh. Back Camera 13 MP,https://images.priceoye.pk/xiaomi-redmi-y1-pakistan-priceoye.png,Xiaomi Redmi Y1 Xiaomi Mobile Phones Smartphones Display 5.5 inches. RAM 4 GB RAM OR 32 GB 3 GB RAM. Battery 3080 mAh. Back Camera 13 MP,Xiaomi,4.0,Mobile Phones,Smartphones,60.71
P0549,Itel P55,Display 6.6 Inches. RAM 4/8 GB. Battery 5000 mAh. Back Camera 50MP,https://images.priceoye.pk/itel-p55-pakistan-priceoye-zb7kr-270x270.webp,Itel P55 Itel Mobile Phones Smartphones Display 6.6 Inches. RAM 4/8 GB. Battery 5000 mAh. Back Camera 50MP,Itel,4.8,Mobile Phones,Smartphones,77.85
P0550,Samsung Galaxy S11,Display 6.4 Inches. RAM 12 GB RAM 128/512 GB 8 GB RAM. Battery 4100 mAh. Back Camera 13 MP,https://images.priceoye.pk/samsung-galaxy-s11-pakistan-priceoye-mbb9v-270x270.webp,Samsung Galaxy S11 Samsung Mobile Phones Smartphones Display 6.4 Inches. RAM 12 GB RAM 128/512 GB 8 GB RAM. Battery 4100 mAh. Back Camera 13 MP,Samsung,5.0,Mobile Phones,Smartphones,546.42
P0551,DELL OPTIPLEX 7000 Tower i7-12700 8GB 1TB HDD,Brand Dell. Operating System DOS. Hard Disk Capacity 1TB HDD. RAM 8GB. RAM Type DDR4. Processor Type Intel Core i7. Processor Turbo 4.9 GHz (Up to). Processor Speed 2.1 GHz. Processor Cache Info n/a. Processor Model i7-12700H. Graphics Intel Integrated Graphics. Graphics Detail Intel UHD Graphics. Video Memory Shared. Optical Drive No Optical Drive. Warranty 1 Year Manufacturer. Shipping Same Day From Lahore,https://www.shophive.com/static/version1687460468/frontend/MageBig/martfury_layout06/en_US/Magento_Catalog/images/product/placeholder/small_image.jpg,DELL OPTIPLEX 7000 Tower i7-12700 8GB 1TB HDD Dell Laptops Laptops Brand Dell. Operating System DOS. Hard Disk Capacity 1TB HDD. RAM 8GB. RAM Type DDR4. Processor Type Intel Core i7. Processor Turbo 4.9 GHz (Up to). Processor Speed 2.1 GHz. Processor Cache Info n/a. Processor Model i7-12700H. Graphics Intel Integrated Graphics. Graphics Detail Intel UHD Graphics. Video Memory Shared. Optical Drive No Optical Drive. Warranty 1 Year Manufacturer. Shipping Same Day From Lahore,Dell,0.0,Laptops,Laptops,1150.0
P0552,Xiaomi Redmi 12R,Display 6.79 inches. RAM 4/ 6/ 8 GB. Battery 5000 mAh. Back Camera 50 MP + 2 MP + 2 MP,https://images.priceoye.pk/xiaomi-redmi-12r-pakistan-priceoye-camt9-270x270.webp,Xiaomi Redmi 12R Xiaomi Mobile Phones Smartphones Display 6.79 inches. RAM 4/ 6/ 8 GB. Battery 5000 mAh. Back Camera 50 MP + 2 MP + 2 MP,Xiaomi,5.0,Mobile Phones,Smartphones,167.85
P0553,Infinix Hot 11S,Display 6.78 inches. RAM 4/6 GB. Battery 5000 mAh. Back Camera 50 MP + 2 MP + AI Lens,https://images.priceoye.pk/infinix-hot-11s-pakistan-priceoye-gorby-270x270.webp,Infinix Hot 11S Infinix Mobile Phones Smartphones Display 6.78 inches. RAM 4/6 GB. Battery 5000 mAh. Back Camera 50 MP + 2 MP + AI Lens,Infinix,4.9,Mobile Phones,Smartphones,78.21
P0554,"Apple Macbook Pro 2023 M2 Pro 14.2"" 32GB 1TB SSD Space Grey",Brand Apple. Series Macbook Pro. Screen Size 14.2''. Screen Resolution 3024 x 1964. Touchscreen No. Operating System Mac OS. Generation Apple M2 Generation. Processor Type M2 Pro. Processor Model Info n/a. Processor Speed Info n/a. Processor Turbo Info n/a. Processor Cache Info n/a. RAM 32GB. HDD Interface SSD. Hard Disk Capacity 1TB SSD. Graphics Info na. Graphics Detail Info n/a. Video Memory Shared. Optical Drive No Optical Drive. USB Ports 2 ports. Numeric Pad No. HDMI Yes. Backlit Keyboard Yes. Warranty 1 Year Manufacturer. Shipping Same Day From Lahore,https://www.shophive.com/media/catalog/product/cache/3875881abdd255ac261538b8462285e9/j/k/jkj_2_2_2.jpg,"Apple Macbook Pro 2023 M2 Pro 14.2"" 32GB 1TB SSD Space Grey Apple Laptops MacBooks Brand Apple. Series Macbook Pro. Screen Size 14.2''. Screen Resolution 3024 x 1964. Touchscreen No. Operating System Mac OS. Generation Apple M2 Generation. Processor Type M2 Pro. Processor Model Info n/a. Processor Speed Info n/a. Processor Turbo Info n/a. Processor Cache Info n/a. RAM 32GB. HDD Interface SSD. Hard Disk Capacity 1TB SSD. Graphics Info na. Graphics Detail Info n/a. Video Memory Shared. Optical Drive No Optical Drive. USB Ports 2 ports. Numeric Pad No. HDMI Yes. Backlit Keyboard Yes. Warranty 1 Year Manufacturer. Shipping Same Day From Lahore",Apple,0.0,Laptops,MacBooks,3017.85
P0555,HP 15s EQ2174AU 15.6 Inches Ryzen 5 (8GB-512GB),Display 15.6 inches. Generation AMD. Processor AMD Ryzen 5 5500U HexaCore Processor. Internal Memory 512GB,https://images.priceoye.pk/hp-15s-eq2174au-15-6-inches-ryzen-5-8gb-512gb-pakistan-priceoye-6apw9-270x270.webp,HP 15s EQ2174AU 15.6 Inches Ryzen 5 (8GB-512GB) HP Laptops Laptops Display 15.6 inches. Generation AMD. Processor AMD Ryzen 5 5500U HexaCore Processor. Internal Memory 512GB,HP,5.0,Laptops,Laptops,417.85
P0556,HP Spectre FH0013dx 14 OmniBook Ultra Flip Copilot + PC Intel Core Ultra 7 256V 16GB 1TB SSD,"Brand HP. Series Spectre. Screen Size 14"". Screen Resolution 2880 x 1800. Touchscreen Yes. Operating System Windows 11 Home. Generation Info n/a. Processor Type Intel Core Ultra 7. Processor Model Info n/a. Processor Speed 2.2 GHz. Processor Turbo 4.8 GHz (Up to). Processor Cache 12 MB. RAM 16GB. HDD Interface SSD. Hard Disk Capacity 1TB SSD. Graphics Intel Integrated Graphics. Graphics Detail Info n/a. Video Memory Shared. Optical Drive No Optical Drive. USB Ports 2 Ports Type-C. Numeric Pad No. HDMI No. Backlit Keyboard Yes. Warranty International Warranty. Shipping Same Day From Lahore",https://www.shophive.com/media/catalog/product/cache/3875881abdd255ac261538b8462285e9/h/p/hp_30_3.jpg,"HP Spectre FH0013dx 14 OmniBook Ultra Flip Copilot + PC Intel Core Ultra 7 256V 16GB 1TB SSD HP Laptops Laptops Brand HP. Series Spectre. Screen Size 14"". Screen Resolution 2880 x 1800. Touchscreen Yes. Operating System Windows 11 Home. Generation Info n/a. Processor Type Intel Core Ultra 7. Processor Model Info n/a. Processor Speed 2.2 GHz. Processor Turbo 4.8 GHz (Up to). Processor Cache 12 MB. RAM 16GB. HDD Interface SSD. Hard Disk Capacity 1TB SSD. Graphics Intel Integrated Graphics. Graphics Detail Info n/a. Video Memory Shared. Optical Drive No Optical Drive. USB Ports 2 Ports Type-C. Numeric Pad No. HDMI No. Backlit Keyboard Yes. Warranty International Warranty. Shipping Same Day From Lahore",HP,0.0,Laptops,Laptops,1655.35
P0557,Vivo X80 Pro Plus,Display 6.78 Inches. RAM 12 GB. Battery 4500 mAh. Back Camera 50 MP + 49 MP + 50 MP,https://images.priceoye.pk/vivo-x80-pro-plus-pakistan-priceoye-61zgj-270x270.webp,Vivo X80 Pro Plus Vivo Mobile Phones Smartphones Display 6.78 Inches. RAM 12 GB. Battery 4500 mAh. Back Camera 50 MP + 49 MP + 50 MP,Vivo,5.0,Mobile Phones,Smartphones,710.71
P0558,"Apple Macbook Air 2024 M3 13.6"" 16GB 512GB SSD Midnight MXCV3","Brand Apple. Series Macbook Air. Screen Size 13.6"". Screen Resolution 2560 x 1664. Touchscreen No. Operating System Mac OS. Generation Apple M3 Generation. Processor Type M3. Processor Model Info n/a. Processor Speed Info n/a. Processor Turbo Info n/a. Processor Cache Info n/a. RAM 16GB. HDD Interface SSD. Hard Disk Capacity 512GB SSD. Graphics Info na. Graphics Detail Info n/a. Video Memory Shared. Optical Drive No Optical Drive. USB Ports 2 Ports Type-C. Numeric Pad No. HDMI No. Backlit Keyboard Yes. Warranty Manufacturer Warranty. Shipping Same Day From Lahore",https://www.shophive.com/media/catalog/product/cache/3875881abdd255ac261538b8462285e9/m/a/macbook_1_5.jpg,"Apple Macbook Air 2024 M3 13.6"" 16GB 512GB SSD Midnight MXCV3 Apple Laptops MacBooks Brand Apple. Series Macbook Air. Screen Size 13.6"". Screen Resolution 2560 x 1664. Touchscreen No. Operating System Mac OS. Generation Apple M3 Generation. Processor Type M3. Processor Model Info n/a. Processor Speed Info n/a. Processor Turbo Info n/a. Processor Cache Info n/a. RAM 16GB. HDD Interface SSD. Hard Disk Capacity 512GB SSD. Graphics Info na. Graphics Detail Info n/a. Video Memory Shared. Optical Drive No Optical Drive. USB Ports 2 Ports Type-C. Numeric Pad No. HDMI No. Backlit Keyboard Yes. Warranty Manufacturer Warranty. Shipping Same Day From Lahore",Apple,0.0,Laptops,MacBooks,1428.57
P0559,Samsung Galaxy S23,Display 6.1 inches. RAM 8 GB. Battery 3900 mAh. Back Camera 50 MP + 10 MP + 12 MP,https://images.priceoye.pk/samsung-galaxy-s23-pakistan-priceoye-jx18u-270x270.webp,Samsung Galaxy S23 Samsung Mobile Phones Smartphones Display 6.1 inches. RAM 8 GB. Battery 3900 mAh. Back Camera 50 MP + 10 MP + 12 MP,Samsung,5.0,Mobile Phones,Smartphones,1428.57
P0560,Vivo Y66,Display 5.5inches. RAM 3 GB RAM. Battery 2930 mAh. Back Camera 13 MP,https://images.priceoye.pk/vivo-y66-pakistan-priceoye-270x270.webp,Vivo Y66 Vivo Mobile Phones Smartphones Display 5.5inches. RAM 3 GB RAM. Battery 2930 mAh. Back Camera 13 MP,Vivo,3.5,Mobile Phones,Smartphones,75.0
P0561,Oppo Find X3 Pro 5G,Display 6.7 inches. RAM 12 GB. Battery 4500 mAh. Back Camera 50 MP + 50 MP + 13 MP + 3 MP,https://images.priceoye.pk/oppo-find-x3-pro-5g-pakistan-priceoye-up2h6-270x270.webp,Oppo Find X3 Pro 5G Oppo Mobile Phones Smartphones Display 6.7 inches. RAM 12 GB. Battery 4500 mAh. Back Camera 50 MP + 50 MP + 13 MP + 3 MP,Oppo,5.0,Mobile Phones,Smartphones,664.28
P0562,Tecno Spark 5 Air,"Display 7.0 inches. RAM 2GB. Battery 5000 mAh. Back Camera Dual 13 MP, f/1.8, PDAF + QVGA, Dual LED Flash",https://images.priceoye.pk/tecno-spark-5-air-pakistan-priceoye-ubmbp-270x270.webp,"Tecno Spark 5 Air Tecno Mobile Phones Smartphones Display 7.0 inches. RAM 2GB. Battery 5000 mAh. Back Camera Dual 13 MP, f/1.8, PDAF + QVGA, Dual LED Flash",Tecno,5.0,Mobile Phones,Smartphones,51.78
P0563,Apple MacBook Pro Z1AH000VV M3 Max 16 Inch 128GB 1TB Space Black 2023,Brand Apple. Series Macbook Pro. Screen Size 16.2''. Screen Resolution 3456 x 2234. Touchscreen No. Operating System Mac OS. Generation Apple M3 Generation. Processor Type M3 Max. Processor Model Info n/a. Processor Speed Info n/a. Processor Turbo Info n/a. Processor Cache Info n/a. RAM 128GB. HDD Interface SSD. Hard Disk Capacity 1TB SSD. Graphics Info na. Graphics Detail Info n/a. Video Memory Shared. Optical Drive No Optical Drive. USB Ports 3 Ports Type-C. Numeric Pad No. HDMI Yes. Backlit Keyboard Yes. Warranty 1 Year Manufacturer. Shipping Same Day From Lahore,https://www.shophive.com/media/catalog/product/cache/3875881abdd255ac261538b8462285e9/m/a/macbook_5_1_1.jpg,Apple MacBook Pro Z1AH000VV M3 Max 16 Inch 128GB 1TB Space Black 2023 Apple Laptops MacBooks Brand Apple. Series Macbook Pro. Screen Size 16.2''. Screen Resolution 3456 x 2234. Touchscreen No. Operating System Mac OS. Generation Apple M3 Generation. Processor Type M3 Max. Processor Model Info n/a. Processor Speed Info n/a. Processor Turbo Info n/a. Processor Cache Info n/a. RAM 128GB. HDD Interface SSD. Hard Disk Capacity 1TB SSD. Graphics Info na. Graphics Detail Info n/a. Video Memory Shared. Optical Drive No Optical Drive. USB Ports 3 Ports Type-C. Numeric Pad No. HDMI Yes. Backlit Keyboard Yes. Warranty 1 Year Manufacturer. Shipping Same Day From Lahore,Apple,0.0,Laptops,MacBooks,4946.43
P0564,Oppo Find N2,Display 7.1 Inches. RAM 8/12 GB. Battery 4500 mAh. Back Camera 50 MP + 13 MP + 16 MP,https://images.priceoye.pk/oppo-find-n2-pakistan-priceoye-nc0vj-270x270.webp,Oppo Find N2 Oppo Mobile Phones Smartphones Display 7.1 Inches. RAM 8/12 GB. Battery 4500 mAh. Back Camera 50 MP + 13 MP + 16 MP,Oppo,5.0,Mobile Phones,Smartphones,910.71
P0565,itel P55 Plus,Display 6.6 Inches. RAM 8 GB. Battery 5000 mAh. Back Camera 50 MP + 0.08 MP,https://images.priceoye.pk/itel-p55-plus-pakistan-priceoye-opg34-270x270.webp,itel P55 Plus Itel Mobile Phones Smartphones Display 6.6 Inches. RAM 8 GB. Battery 5000 mAh. Back Camera 50 MP + 0.08 MP,Itel,4.9,Mobile Phones,Smartphones,93.92
P0566,Xiaomi Redmi Note 13,"Display 6.67 Inches. RAM 6GB, 8GB (EXPANDABLE STORAGE UP TO 1TB). Battery 5000 mAh. Back Camera 108MP+8MP+2MP",https://images.priceoye.pk/xiaomi-redmi-note-13-pakistan-priceoye-kbzfb-270x270.webp,"Xiaomi Redmi Note 13 Xiaomi Mobile Phones Smartphones Display 6.67 Inches. RAM 6GB, 8GB (EXPANDABLE STORAGE UP TO 1TB). Battery 5000 mAh. Back Camera 108MP+8MP+2MP",Xiaomi,4.9,Mobile Phones,Smartphones,158.93
P0567,Vivo Y69,Display 5.5 inches. RAM 3 GB RAM. Battery 3000 mAh. Back Camera 13 MP,https://images.priceoye.pk/vivo-y69-pakistan-priceoye.png,Vivo Y69 Vivo Mobile Phones Smartphones Display 5.5 inches. RAM 3 GB RAM. Battery 3000 mAh. Back Camera 13 MP,Vivo,3.0,Mobile Phones,Smartphones,108.21
P0568,Infinix Note 50 Pro 12GB 256GB,"Brand Infinix. Operating System Android. Screen Size 6.7"". Internal Memory 256GB. RAM 12GB. Main Camera Pixel 108. Dual Sim Yes. Water Resistant No. Expandable Memory No. Warranty 1 Year Manufacturer. Shipping Same Day From Lahore. Color Grey",https://www.shophive.com/media/catalog/product/cache/3875881abdd255ac261538b8462285e9/i/n/infinix_note_50_pro.png,"Infinix Note 50 Pro 12GB 256GB Infinix Mobile Phones Smartphones Brand Infinix. Operating System Android. Screen Size 6.7"". Internal Memory 256GB. RAM 12GB. Main Camera Pixel 108. Dual Sim Yes. Water Resistant No. Expandable Memory No. Warranty 1 Year Manufacturer. Shipping Same Day From Lahore. Color Grey",Infinix,0.0,Mobile Phones,Smartphones,292.85
P0569,Samsung Galaxy A13,Display 6.6 Inches. RAM 4 GB. Battery 5000 mAh. Back Camera 50 MP + 5 MP + 2 MP + 2 MP,https://images.priceoye.pk/samsung-galaxy-a13-pakistan-priceoye-f5zsh-270x270.webp,Samsung Galaxy A13 Samsung Mobile Phones Smartphones Display 6.6 Inches. RAM 4 GB. Battery 5000 mAh. Back Camera 50 MP + 5 MP + 2 MP + 2 MP,Samsung,4.9,Mobile Phones,Smartphones,117.85
P0570,Samsung Galaxy A30s,Display 6.4 inches. RAM 4GB. Battery 4000 mAh. Back Camera 25 MP + 5 MP + 8 MP,https://images.priceoye.pk/samsung-galaxy-a30s-pakistan-priceoye-a5tgo-270x270.webp,Samsung Galaxy A30s Samsung Mobile Phones Smartphones Display 6.4 inches. RAM 4GB. Battery 4000 mAh. Back Camera 25 MP + 5 MP + 8 MP,Samsung,3.8,Mobile Phones,Smartphones,135.71
P0571,Samsung Galaxy z Flip 5 8GB 512GB,"Brand Samsung. Operating System Android. Screen Size 6.7"". Internal Memory 512GB. RAM 8GB. Main Camera Pixel 12.0. Dual Sim Yes. Water Resistant No. Expandable Memory No. Warranty 1 Year Manufacturer. Shipping Same Day From Lahore. Color Black",https://www.shophive.com/media/catalog/product/cache/3875881abdd255ac261538b8462285e9/u/n/untitled_design_8__1.jpg,"Samsung Galaxy z Flip 5 8GB 512GB Samsung Mobile Phones Smartphones Brand Samsung. Operating System Android. Screen Size 6.7"". Internal Memory 512GB. RAM 8GB. Main Camera Pixel 12.0. Dual Sim Yes. Water Resistant No. Expandable Memory No. Warranty 1 Year Manufacturer. Shipping Same Day From Lahore. Color Black",Samsung,0.0,Mobile Phones,Smartphones,1285.71
P0572,Poco M6 Pro,Display 6.67. RAM 12GB. Battery 5000 mAh. Back Camera 64MP+8MP+2MP triple camera,https://images.priceoye.pk/poco-m6-pakistan-priceoye-hsujk-270x270.webp,Poco M6 Pro Xiaomi Mobile Phones Smartphones Display 6.67. RAM 12GB. Battery 5000 mAh. Back Camera 64MP+8MP+2MP triple camera,Xiaomi,5.0,Mobile Phones,Smartphones,300.0
P0573,Dell Inspiron 5402 14 Inches Core i5 (8GB RAM - 512GB SSD),Display 14 Inches. Generation 11th Generation. Processor Intel Core i5. Internal Memory 512GB SSD,https://images.priceoye.pk/dell-inspiron-5402-14-inches-core-i5-8gb-ram-512gb-ssd-pakistan-priceoye-tja08-270x270.webp,Dell Inspiron 5402 14 Inches Core i5 (8GB RAM - 512GB SSD) Dell Laptops Laptops Display 14 Inches. Generation 11th Generation. Processor Intel Core i5. Internal Memory 512GB SSD,Dell,5.0,Laptops,Laptops,560.71
P0574,Vivo Y27s,Display 6.64 Inches. RAM 8 GB. Battery 5000 mAh. Back Camera 50 MP + 2 MP,https://images.priceoye.pk/vivo-y27s-pakistan-priceoye-t57d7-270x270.webp,Vivo Y27s Vivo Mobile Phones Smartphones Display 6.64 Inches. RAM 8 GB. Battery 5000 mAh. Back Camera 50 MP + 2 MP,Vivo,4.9,Mobile Phones,Smartphones,148.21
P0575,Tecno Camon 20 8GB 256GB,"Brand Tecno. Operating System Android. Screen Size 6.7"". Internal Memory 256GB. RAM 8GB. Main Camera Pixel 64. Dual Sim Yes. Water Resistant No. Expandable Memory Yes. Warranty 1 Year Manufacturer. Shipping 24 - 48 hrs. Color Black",https://www.shophive.com/media/catalog/product/cache/3875881abdd255ac261538b8462285e9/u/n/untitled_design_41_.jpg,"Tecno Camon 20 8GB 256GB Tecno Mobile Phones Smartphones Brand Tecno. Operating System Android. Screen Size 6.7"". Internal Memory 256GB. RAM 8GB. Main Camera Pixel 64. Dual Sim Yes. Water Resistant No. Expandable Memory Yes. Warranty 1 Year Manufacturer. Shipping 24 - 48 hrs. Color Black",Tecno,0.0,Mobile Phones,Smartphones,166.07
P0576,Dell Vostro 3520 i3-1215U 8GB 512GB SSD,"Brand Dell. Series Vostro. Screen Size 15.6"". Screen Resolution 1920 x 1080. Touchscreen No. Operating System DOS. Generation Intel 12Th Generation. Processor Type Intel Core i3. Processor Model I3-1215U. Processor Speed 3.3 GHz. Processor Turbo 4.4 GHz (Up to). Processor Cache 10 MB. RAM 8GB. HDD Interface SSD. Hard Disk Capacity 512GB SSD. Graphics Intel Integrated Graphics. Graphics Detail Intel UHD Graphics. Video Memory Shared. Optical Drive No Optical Drive. USB Ports 3 ports. Numeric Pad Yes. HDMI Yes. Backlit Keyboard No. Warranty International Warranty. Shipping Same Day From Lahore",https://www.shophive.com/media/catalog/product/cache/3875881abdd255ac261538b8462285e9/d/e/dell_4_6.jpg,"Dell Vostro 3520 i3-1215U 8GB 512GB SSD Dell Laptops Laptops Brand Dell. Series Vostro. Screen Size 15.6"". Screen Resolution 1920 x 1080. Touchscreen No. Operating System DOS. Generation Intel 12Th Generation. Processor Type Intel Core i3. Processor Model I3-1215U. Processor Speed 3.3 GHz. Processor Turbo 4.4 GHz (Up to). Processor Cache 10 MB. RAM 8GB. HDD Interface SSD. Hard Disk Capacity 512GB SSD. Graphics Intel Integrated Graphics. Graphics Detail Intel UHD Graphics. Video Memory Shared. Optical Drive No Optical Drive. USB Ports 3 ports. Numeric Pad Yes. HDMI Yes. Backlit Keyboard No. Warranty International Warranty. Shipping Same Day From Lahore",Dell,0.0,Laptops,Laptops,389.28
P0577,Samsung Galaxy S23 FE 8GB 128GB,Brand Samsung. Operating System Android. Screen Size 6.4''. Internal Memory 128GB. RAM 8GB. Main Camera Pixel 50.0. Dual Sim Yes. Water Resistant Yes. Expandable Memory No. Warranty 1 Year Manufacturer. Shipping Same Day From Lahore. Color Graphite,https://www.shophive.com/media/catalog/product/cache/3875881abdd255ac261538b8462285e9/u/n/untitled_design_23__1.jpg,Samsung Galaxy S23 FE 8GB 128GB Samsung Mobile Phones Smartphones Brand Samsung. Operating System Android. Screen Size 6.4''. Internal Memory 128GB. RAM 8GB. Main Camera Pixel 50.0. Dual Sim Yes. Water Resistant Yes. Expandable Memory No. Warranty 1 Year Manufacturer. Shipping Same Day From Lahore. Color Graphite,Samsung,0.0,Mobile Phones,Smartphones,660.71
P0578,Vivo V50 12GB 512GB,"Brand Vivo. Operating System Android. Screen Size 6.7"". Internal Memory 512GB. RAM 12GB. Main Camera Pixel 50.0. Dual Sim Yes. Water Resistant Yes. Expandable Memory No. Warranty 1 Year Manufacturer. Shipping Same Day From Lahore. Color Blue",https://www.shophive.com/media/catalog/product/cache/3875881abdd255ac261538b8462285e9/i/m/image-removebg-preview_-_2025-03-08t114412.609.jpg,"Vivo V50 12GB 512GB Vivo Mobile Phones Smartphones Brand Vivo. Operating System Android. Screen Size 6.7"". Internal Memory 512GB. RAM 12GB. Main Camera Pixel 50.0. Dual Sim Yes. Water Resistant Yes. Expandable Memory No. Warranty 1 Year Manufacturer. Shipping Same Day From Lahore. Color Blue",Vivo,0.0,Mobile Phones,Smartphones,535.71
P0579,Microsoft Surface Pro 9 i7-1255U 32GB 1TB SSD,"Brand Microsoft. Series Surface. Screen Size 13"". Screen Resolution 2880 x 1920. Touchscreen Yes. Operating System Windows 11 Home. Generation Intel 12Th Generation. Processor Type Intel Core i7. Processor Model i7-1255U. Processor Speed 3.5 GHz. Processor Turbo 4.7 GHz (Up to). Processor Cache 12 MB. RAM 32GB. HDD Interface SSD. Hard Disk Capacity 1TB SSD. Graphics Intel Integrated Graphics. Graphics Detail Intel Iris XE Graphics. Video Memory Shared. Optical Drive No Optical Drive. USB Ports No port. Numeric Pad No. HDMI No. Backlit Keyboard No. Warranty 7 Day Replacement. Shipping 24 - 48 hrs",https://www.shophive.com/media/catalog/product/cache/3875881abdd255ac261538b8462285e9/i/m/image-removebg-preview---2023-01-17t143317.028_1.jpg,"Microsoft Surface Pro 9 i7-1255U 32GB 1TB SSD Microsoft Laptops Laptops Brand Microsoft. Series Surface. Screen Size 13"". Screen Resolution 2880 x 1920. Touchscreen Yes. Operating System Windows 11 Home. Generation Intel 12Th Generation. Processor Type Intel Core i7. Processor Model i7-1255U. Processor Speed 3.5 GHz. Processor Turbo 4.7 GHz (Up to). Processor Cache 12 MB. RAM 32GB. HDD Interface SSD. Hard Disk Capacity 1TB SSD. Graphics Intel Integrated Graphics. Graphics Detail Intel Iris XE Graphics. Video Memory Shared. Optical Drive No Optical Drive. USB Ports No port. Numeric Pad No. HDMI No. Backlit Keyboard No. Warranty 7 Day Replacement. Shipping 24 - 48 hrs",Microsoft,0.0,Laptops,Laptops,2428.57
P0580,HP Victus Series Gaming Laptop 16.1 Inches Core i5 (8GB RAM - 256GB SSD),Display 16.1 Inches. Generation 11th Generation. Processor Intel Core i5. Internal Memory 256GB SSD,https://images.priceoye.pk/hp-victus-series-gaming-laptop-16-1-inches-core-i5-8gb-ram-256gb-ssd-pakistan-priceoye-e2aft-270x270.webp,HP Victus Series Gaming Laptop 16.1 Inches Core i5 (8GB RAM - 256GB SSD) HP Laptops Gaming Laptops Display 16.1 Inches. Generation 11th Generation. Processor Intel Core i5. Internal Memory 256GB SSD,HP,5.0,Laptops,Gaming Laptops,700.0
P0581,Samsung Galaxy S6 Duos,Display 5.1 inches. RAM 3 GB RAM. Battery 2550 mAh. Back Camera 16 MP,https://images.priceoye.pk/samsung-galaxy-s6-duos-pakistan-priceoye-270x270.webp,Samsung Galaxy S6 Duos Samsung Mobile Phones Smartphones Display 5.1 inches. RAM 3 GB RAM. Battery 2550 mAh. Back Camera 16 MP,Samsung,2.5,Mobile Phones,Smartphones,188.93
P0582,Samsung Galaxy S20,Display 6.2 inches. RAM 8GB. Battery 4000 mAh. Back Camera 12 MP + 64 MP + 12 MP,https://images.priceoye.pk/samsung-galaxy-s20-pakistan-priceoye-g7e8q-270x270.webp,Samsung Galaxy S20 Samsung Mobile Phones Smartphones Display 6.2 inches. RAM 8GB. Battery 4000 mAh. Back Camera 12 MP + 64 MP + 12 MP,Samsung,5.0,Mobile Phones,Smartphones,557.14
P0583,Fitbit Versa 3 GPS Health And Fitness Smartwatch,Brand Fitbit. Shipping 24 - 48 hrs,https://www.shophive.com/media/catalog/product/cache/3875881abdd255ac261538b8462285e9/v/e/versa3-midnight-soft-gold-gradient-1-381f17e3910dbd79a0b3b661731450ad.png,Fitbit Versa 3 GPS Health And Fitness Smartwatch Fitbit Smart Watches Smart Watches Brand Fitbit. Shipping 24 - 48 hrs,Fitbit,0.0,Smart Watches,Smart Watches,167.85
P0584,Samsung Galaxy A25,Display 6.5 Inches. RAM 8 GB. Battery 5000 mAh. Back Camera 50 MP + 8 MP + 2 MP,https://images.priceoye.pk/samsung-galaxy-a25-pakistan-priceoye-eyans-270x270.webp,Samsung Galaxy A25 Samsung Mobile Phones Smartphones Display 6.5 Inches. RAM 8 GB. Battery 5000 mAh. Back Camera 50 MP + 8 MP + 2 MP,Samsung,4.7,Mobile Phones,Smartphones,239.28
P0585,HP ProBook 440 G10 i7-1355U 8GB 512GB SSD,"Brand HP. Series ProBook. Screen Size 14"". Screen Resolution 1920 x 1080. Touchscreen No. Operating System DOS. Generation Intel 13th Generation. Processor Type Intel Core i7. Processor Model i7-1355U. Processor Speed 3.7 GHz. Processor Turbo 5.0 GHz (Up to). Processor Cache 12 MB. RAM 8GB. HDD Interface SSD. Hard Disk Capacity 512GB SSD. Graphics Intel Integrated Graphics. Graphics Detail Info n/a. Video Memory Shared. Optical Drive No Optical Drive. USB Ports 2 ports. Numeric Pad No. HDMI Yes. Backlit Keyboard Yes. Warranty 7 Day Replacement. Shipping Coming Soon",https://www.shophive.com/media/catalog/product/cache/3875881abdd255ac261538b8462285e9/h/p/hp_17_3_2.jpg,"HP ProBook 440 G10 i7-1355U 8GB 512GB SSD HP Laptops Business Laptops Brand HP. Series ProBook. Screen Size 14"". Screen Resolution 1920 x 1080. Touchscreen No. Operating System DOS. Generation Intel 13th Generation. Processor Type Intel Core i7. Processor Model i7-1355U. Processor Speed 3.7 GHz. Processor Turbo 5.0 GHz (Up to). Processor Cache 12 MB. RAM 8GB. HDD Interface SSD. Hard Disk Capacity 512GB SSD. Graphics Intel Integrated Graphics. Graphics Detail Info n/a. Video Memory Shared. Optical Drive No Optical Drive. USB Ports 2 ports. Numeric Pad No. HDMI Yes. Backlit Keyboard Yes. Warranty 7 Day Replacement. Shipping Coming Soon",HP,0.0,Laptops,Business Laptops,923.21
P0586,Infinix Note 11 Pro,Display 6.95 Inches. RAM 8 GB. Battery 5000 mAh. Back Camera 64 MP + 13 MP + 2 MP,https://images.priceoye.pk/infinix-note-11-pro-pakistan-priceoye-8pkib-270x270.webp,Infinix Note 11 Pro Infinix Mobile Phones Smartphones Display 6.95 Inches. RAM 8 GB. Battery 5000 mAh. Back Camera 64 MP + 13 MP + 2 MP,Infinix,4.9,Mobile Phones,Smartphones,124.28
P0587,Realme Narzo 50 4GB 64GB,"Brand Realme. Operating System Android. Screen Size 6.6"". Internal Memory 64GB. RAM 4GB. Main Camera Pixel 50.0. Dual Sim Yes. Expandable Memory Yes. Warranty 1 Year Manufacturer. Shipping Same Day From Lahore. Color Black",https://www.shophive.com/media/catalog/product/cache/3875881abdd255ac261538b8462285e9/u/n/untitled_design_30_.jpg,"Realme Narzo 50 4GB 64GB Realme Mobile Phones Smartphones Brand Realme. Operating System Android. Screen Size 6.6"". Internal Memory 64GB. RAM 4GB. Main Camera Pixel 50.0. Dual Sim Yes. Expandable Memory Yes. Warranty 1 Year Manufacturer. Shipping Same Day From Lahore. Color Black",Realme,0.0,Mobile Phones,Smartphones,150.0
P0588,Tecno Spark 6 Go,Display 6.52 inches. RAM 2/4 GB. Battery 5000 mAh. Back Camera 13 MP,https://images.priceoye.pk/tecno-spark-6-go-pakistan-priceoye-75m6y-270x270.webp,Tecno Spark 6 Go Tecno Mobile Phones Smartphones Display 6.52 inches. RAM 2/4 GB. Battery 5000 mAh. Back Camera 13 MP,Tecno,4.9,Mobile Phones,Smartphones,51.78
P0589,Xiaomi Mi Note 10 Lite,"Display 6.47 inches. RAM 6GB, 8GB. Battery 5260 mAh. Back Camera 64 MP, 8 MP, 5 MP, 2 MP",https://images.priceoye.pk/xiaomi-mi-note-10-lite-pakistan-priceoye-3cu8p-270x270.webp,"Xiaomi Mi Note 10 Lite Xiaomi Mobile Phones Smartphones Display 6.47 inches. RAM 6GB, 8GB. Battery 5260 mAh. Back Camera 64 MP, 8 MP, 5 MP, 2 MP",Xiaomi,5.0,Mobile Phones,Smartphones,207.14
P0590,Samsung Galaxy M31,Display 6.4 inches. RAM 6/8 GB. Battery 6000 mAh. Back Camera 64 MP + 8 MP + 5 MP + 5 MP,https://images.priceoye.pk/samsung-galaxy-m31-pakistan-priceoye-rb2u5-270x270.webp,Samsung Galaxy M31 Samsung Mobile Phones Smartphones Display 6.4 inches. RAM 6/8 GB. Battery 6000 mAh. Back Camera 64 MP + 8 MP + 5 MP + 5 MP,Samsung,4.6,Mobile Phones,Smartphones,154.64
P0591,Oppo Reno 11 5G,Display 6.7 inches. RAM 12 GB. Battery 5000 mAh. Back Camera 50 MP + 8 MP + 32 MP,https://images.priceoye.pk/oppo-reno-11-5g-pakistan-priceoye-lb2hi-270x270.webp,Oppo Reno 11 5G Oppo Mobile Phones Smartphones Display 6.7 inches. RAM 12 GB. Battery 5000 mAh. Back Camera 50 MP + 8 MP + 32 MP,Oppo,4.9,Mobile Phones,Smartphones,321.43
P0592,Vivo V3,Display 5.0 inches. RAM 3 GB RAM. Battery 2550 mAh. Back Camera 13 MP,https://images.priceoye.pk/vivo-v3-pakistan-priceoye.png,Vivo V3 Vivo Mobile Phones Smartphones Display 5.0 inches. RAM 3 GB RAM. Battery 2550 mAh. Back Camera 13 MP,Vivo,3.5,Mobile Phones,Smartphones,105.36
P0593,Samsung Galaxy A60,Display 6.3 inches. RAM 6 GB RAM. Battery 3500 mAh. Back Camera 32 MP,https://images.priceoye.pk/samsung-galaxy-a60-pakistan-priceoye-hzi8v-270x270.webp,Samsung Galaxy A60 Samsung Mobile Phones Smartphones Display 6.3 inches. RAM 6 GB RAM. Battery 3500 mAh. Back Camera 32 MP,Samsung,4.8,Mobile Phones,Smartphones,214.28
P0594,Apple Mac Mini M2 Chip 2023 8GB 256GB SSD Silver MMFJ3,Brand Apple. Operating System Mac OS. Hard Disk Capacity 256GB SSD. RAM 8GB. RAM Type Info not available. Processor Type M2. Processor Turbo Info n/a. Processor Speed Info n/a. Processor Cache Info n/a. Processor Model Info n/a. Graphics Info na. Graphics Detail Info n/a. Video Memory Shared. Optical Drive No Optical Drive. Warranty Manufacturer Warranty. Shipping 24 - 48 hrs,https://www.shophive.com/media/catalog/product/cache/3875881abdd255ac261538b8462285e9/i/m/image-removebg-preview---2023-02-07t132951.777.jpg,Apple Mac Mini M2 Chip 2023 8GB 256GB SSD Silver MMFJ3 Apple Laptops Laptops Brand Apple. Operating System Mac OS. Hard Disk Capacity 256GB SSD. RAM 8GB. RAM Type Info not available. Processor Type M2. Processor Turbo Info n/a. Processor Speed Info n/a. Processor Cache Info n/a. Processor Model Info n/a. Graphics Info na. Graphics Detail Info n/a. Video Memory Shared. Optical Drive No Optical Drive. Warranty Manufacturer Warranty. Shipping 24 - 48 hrs,Apple,0.0,Laptops,Laptops,589.28
P0595,Sparx Neo X 4GB 64GB,"Brand Sparx. Operating System Android. Screen Size 6.5"". Internal Memory 64GB. RAM 4GB. Main Camera Pixel 50.0. Dual Sim Yes. Water Resistant No. Expandable Memory Yes. Warranty 1 Year Manufacturer. Shipping Same Day From Lahore. Color Elite Chocolate",https://www.shophive.com/media/catalog/product/cache/3875881abdd255ac261538b8462285e9/s/p/sparx_1_1.jpg,"Sparx Neo X 4GB 64GB Sparx Mobile Phones Smartphones Brand Sparx. Operating System Android. Screen Size 6.5"". Internal Memory 64GB. RAM 4GB. Main Camera Pixel 50.0. Dual Sim Yes. Water Resistant No. Expandable Memory Yes. Warranty 1 Year Manufacturer. Shipping Same Day From Lahore. Color Elite Chocolate",Sparx,0.0,Mobile Phones,Smartphones,73.21
P0596,Apple MACBOOK AIR 13” M3 CHIP MRXV3 8-256,Display 13.6 inches. Generation M3. Processor M3 Chip. Internal Memory 256 GB SSD,https://images.priceoye.pk/macbook-air-13-m3-chip-mrxv3-8-256-pakistan-priceoye-kh3it-270x270.webp,Apple MACBOOK AIR 13” M3 CHIP MRXV3 8-256 Apple Laptops MacBooks Display 13.6 inches. Generation M3. Processor M3 Chip. Internal Memory 256 GB SSD,Apple,5.0,Laptops,MacBooks,1067.85
P0597,"Apple Macbook Air 2022 M2 13.6"" 256GB MLXY3LL Silver","Brand Apple. Series Macbook Air. Screen Size 13.6"". Screen Resolution 2560 x 1664. Touchscreen No. Operating System Mac OS. Generation Apple M2 Generation. Processor Type M2. Processor Model Info n/a. Processor Speed Info n/a. Processor Turbo Info n/a. Processor Cache Info n/a. RAM 8GB. HDD Interface SSD. Hard Disk Capacity 256GB SSD. Graphics Info na. Graphics Detail Info n/a. Video Memory Shared. Optical Drive No Optical Drive. USB Ports 2 Ports Type-C. Numeric Pad No. HDMI No. Backlit Keyboard Yes. Warranty 1 Year Manufacturer. Shipping Same Day From Lahore",https://www.shophive.com/media/catalog/product/cache/3875881abdd255ac261538b8462285e9/i/m/image-removebg-preview_32__4_4.png,"Apple Macbook Air 2022 M2 13.6"" 256GB MLXY3LL Silver Apple Laptops MacBooks Brand Apple. Series Macbook Air. Screen Size 13.6"". Screen Resolution 2560 x 1664. Touchscreen No. Operating System Mac OS. Generation Apple M2 Generation. Processor Type M2. Processor Model Info n/a. Processor Speed Info n/a. Processor Turbo Info n/a. Processor Cache Info n/a. RAM 8GB. HDD Interface SSD. Hard Disk Capacity 256GB SSD. Graphics Info na. Graphics Detail Info n/a. Video Memory Shared. Optical Drive No Optical Drive. USB Ports 2 Ports Type-C. Numeric Pad No. HDMI No. Backlit Keyboard Yes. Warranty 1 Year Manufacturer. Shipping Same Day From Lahore",Apple,0.0,Laptops,MacBooks,1182.14
P0598,Infinix Note 6,Display 6.01 inches. RAM 4 GB RAM. Battery 4000 mAh. Back Camera null,https://images.priceoye.pk/infinix-note-6-pakistan-priceoye-ldyou-270x270.webp,Infinix Note 6 Infinix Mobile Phones Smartphones Display 6.01 inches. RAM 4 GB RAM. Battery 4000 mAh. Back Camera null,Infinix,5.0,Mobile Phones,Smartphones,107.14
P0599,vivo V15 Pro,Display 6.39 inches. RAM 6/8 GB RAM. Battery 3700 mAh. Back Camera 48 MP,https://images.priceoye.pk/vivo-v15-pro-pakistan-priceoye-tqkx2-270x270.webp,vivo V15 Pro Vivo Mobile Phones Smartphones Display 6.39 inches. RAM 6/8 GB RAM. Battery 3700 mAh. Back Camera 48 MP,Vivo,4.3,Mobile Phones,Smartphones,201.78
P0600,HP 15 FD0225nia Raptor Lake i5-1335u 8GB 512GB SSD,"Brand HP. Series Notebook. Screen Size 15.6"". Screen Resolution 1920 x 1080. Touchscreen No. Operating System DOS. Generation Intel 13th Generation. Processor Type Intel Core i5. Processor Model Info n/a. Processor Speed 1.3 GHz. Processor Turbo 4.6 GHz (Up to). Processor Cache 12 MB. RAM 8GB. HDD Interface SSD. Hard Disk Capacity 512GB SSD. Graphics Intel Integrated Graphics. Graphics Detail Intel Iris XE Graphics. Video Memory Shared. Optical Drive No Optical Drive. USB Ports 2 ports. Numeric Pad Yes. HDMI Yes. Backlit Keyboard Yes. Warranty 7 Day Replacement. Shipping Same Day From Lahore",https://www.shophive.com/media/catalog/product/cache/3875881abdd255ac261538b8462285e9/h/p/hp_5_1_2.jpg,"HP 15 FD0225nia Raptor Lake i5-1335u 8GB 512GB SSD HP Laptops Laptops Brand HP. Series Notebook. Screen Size 15.6"". Screen Resolution 1920 x 1080. Touchscreen No. Operating System DOS. Generation Intel 13th Generation. Processor Type Intel Core i5. Processor Model Info n/a. Processor Speed 1.3 GHz. Processor Turbo 4.6 GHz (Up to). Processor Cache 12 MB. RAM 8GB. HDD Interface SSD. Hard Disk Capacity 512GB SSD. Graphics Intel Integrated Graphics. Graphics Detail Intel Iris XE Graphics. Video Memory Shared. Optical Drive No Optical Drive. USB Ports 2 ports. Numeric Pad Yes. HDMI Yes. Backlit Keyboard Yes. Warranty 7 Day Replacement. Shipping Same Day From Lahore",HP,0.0,Laptops,Laptops,592.85
P0601,Vivo V23 5G,Display 6.44 Inches. RAM 8/12 GB. Battery 4200 mAh. Back Camera 64 MP + 8 MP + 2 MP,https://images.priceoye.pk/vivo-v23-5g-pakistan-priceoye-xsm72-270x270.webp,Vivo V23 5G Vivo Mobile Phones Smartphones Display 6.44 Inches. RAM 8/12 GB. Battery 4200 mAh. Back Camera 64 MP + 8 MP + 2 MP,Vivo,4.9,Mobile Phones,Smartphones,350.0
P0602,Samsung Galaxy J6,Display 5.6 inches. RAM 4 GB RAM OR 32 GB 3 GB RAM. Battery 3000 mAh. Back Camera 13 MP,https://images.priceoye.pk/samsung-galaxy-j6-pakistan-priceoye-szonn-270x270.webp,Samsung Galaxy J6 Samsung Mobile Phones Smartphones Display 5.6 inches. RAM 4 GB RAM OR 32 GB 3 GB RAM. Battery 3000 mAh. Back Camera 13 MP,Samsung,4.0,Mobile Phones,Smartphones,100.0
P0603,Realme 6 Pro,Display 6.6 Inches. RAM 8GB. Battery 4300 mAh. Back Camera 64MP + 12MP + 8MP + 2MP,https://images.priceoye.pk/realme-6-pro-pakistan-priceoye-eyewb-270x270.webp,Realme 6 Pro Realme Mobile Phones Smartphones Display 6.6 Inches. RAM 8GB. Battery 4300 mAh. Back Camera 64MP + 12MP + 8MP + 2MP,Realme,5.0,Mobile Phones,Smartphones,148.21
P0604,Tecno Camon 20,Display 6.67 inches. RAM 8 GB. Battery 5000 mAh. Back Camera 64 MP + 2 MP + AI Cam,https://images.priceoye.pk/tecno-camon-20-pakistan-priceoye-bqon7-270x270.webp,Tecno Camon 20 Tecno Mobile Phones Smartphones Display 6.67 inches. RAM 8 GB. Battery 5000 mAh. Back Camera 64 MP + 2 MP + AI Cam,Tecno,4.9,Mobile Phones,Smartphones,150.0
P0605,Samsung Galaxy M34 5G,Display null. RAM 6/ 8 GB. Battery 6000 mAh. Back Camera Yes,https://images.priceoye.pk/samsung-galaxy-m34-5g-pakistan-priceoye-3mdu9-270x270.webp,Samsung Galaxy M34 5G Samsung Mobile Phones Smartphones Display null. RAM 6/ 8 GB. Battery 6000 mAh. Back Camera Yes,Samsung,5.0,Mobile Phones,Smartphones,250.0
P0606,Xiaomi Poco C3,Display 6.43 inches. RAM 3/4 GB. Battery 5000 mAh. Back Camera 13 MP + 2 MP + 2 MP,https://images.priceoye.pk/xiaomi-poco-c3-pakistan-priceoye-fbpzb-270x270.webp,Xiaomi Poco C3 Xiaomi Mobile Phones Smartphones Display 6.43 inches. RAM 3/4 GB. Battery 5000 mAh. Back Camera 13 MP + 2 MP + 2 MP,Xiaomi,5.0,Mobile Phones,Smartphones,78.57
P0607,Asus Zenbook S16 OLED UM5606WA-RK233W AMD Ryzen AI 9 HX370 32GB 2TB SSD,Brand Asus. Warranty International Warranty. Shipping 5 - 10 Days,https://www.shophive.com/media/catalog/product/cache/3875881abdd255ac261538b8462285e9/l/a/laptop_52_1_7.jpg,Asus Zenbook S16 OLED UM5606WA-RK233W AMD Ryzen AI 9 HX370 32GB 2TB SSD Asus Laptops Laptops Brand Asus. Warranty International Warranty. Shipping 5 - 10 Days,Asus,0.0,Laptops,Laptops,2041.07
P0608,Lenovo Legion Slim 5 16APH8 Ryzen 7 7840HS 16GB 512GB SSD,"Brand Lenovo. Series Legion. Screen Size 16"". Screen Resolution 2560 x 1600. Touchscreen No. Operating System Windows 11 Home. Generation AMD Ryzen Generation. Processor Type AMD Ryzen 7. Processor Model Info n/a. Processor Speed 4.3 GHz. Processor Turbo 5.0 GHz (Up to). Processor Cache 16 MB. RAM 16GB. HDD Interface SSD. Hard Disk Capacity 512GB SSD. Graphics Nvidia Graphics. Graphics Detail Info n/a. Video Memory 8 GB. Optical Drive No Optical Drive. USB Ports 2 ports. Numeric Pad Yes. HDMI Yes. Backlit Keyboard Yes. Warranty International Warranty. Shipping Same Day From Lahore",https://www.shophive.com/media/catalog/product/cache/3875881abdd255ac261538b8462285e9/i/m/image-removebg-preview_-_2023-10-25t062229.600.jpg,"Lenovo Legion Slim 5 16APH8 Ryzen 7 7840HS 16GB 512GB SSD Lenovo Laptops Gaming Laptops Brand Lenovo. Series Legion. Screen Size 16"". Screen Resolution 2560 x 1600. Touchscreen No. Operating System Windows 11 Home. Generation AMD Ryzen Generation. Processor Type AMD Ryzen 7. Processor Model Info n/a. Processor Speed 4.3 GHz. Processor Turbo 5.0 GHz (Up to). Processor Cache 16 MB. RAM 16GB. HDD Interface SSD. Hard Disk Capacity 512GB SSD. Graphics Nvidia Graphics. Graphics Detail Info n/a. Video Memory 8 GB. Optical Drive No Optical Drive. USB Ports 2 ports. Numeric Pad Yes. HDMI Yes. Backlit Keyboard Yes. Warranty International Warranty. Shipping Same Day From Lahore",Lenovo,0.0,Laptops,Gaming Laptops,2023.21
P0609,OPPO Reno 8,Display 6.4 Inches. RAM 8 GB. Battery 4500 mAh. Back Camera 64 MP + 8 MP + 2 MP,https://images.priceoye.pk/oppo-reno-8-pakistan-priceoye-ztqir-270x270.webp,OPPO Reno 8 Oppo Mobile Phones Smartphones Display 6.4 Inches. RAM 8 GB. Battery 4500 mAh. Back Camera 64 MP + 8 MP + 2 MP,Oppo,5.0,Mobile Phones,Smartphones,314.28
P0610,Xiaomi 11T Pro,Display 6.67 Inches. RAM 8/12 GB. Battery 5000 mAh. Back Camera 108MP+8MP+5MP,https://images.priceoye.pk/xiaomi-11t-pro-pakistan-priceoye-y7f4u-270x270.webp,Xiaomi 11T Pro Xiaomi Mobile Phones Smartphones Display 6.67 Inches. RAM 8/12 GB. Battery 5000 mAh. Back Camera 108MP+8MP+5MP,Xiaomi,5.0,Mobile Phones,Smartphones,375.0
P0611,Asus Creator Q540VJ I9-13900H 16GB 1TB SSD,"Brand Asus. Series Gaming. Screen Size 15.6"". Screen Resolution 2880 x x1620. Touchscreen No. Operating System Windows 11 Home. Generation Intel 13th Generation. Processor Type Intel Core i9. Processor Model Info n/a. Processor Speed 4.1 GHz. Processor Turbo 5.3GHz. Processor Cache 24 MB. RAM 16GB. HDD Interface SSD. Hard Disk Capacity 1TB SSD. Graphics Nvidia Graphics. Graphics Detail RTX3050 (Nvidia GeForce). Video Memory 6 GB. Optical Drive No Optical Drive. USB Ports 2 ports. Numeric Pad Yes. HDMI Yes. Backlit Keyboard Yes. Warranty 7 Day Replacement. Shipping Same Day From Lahore",https://www.shophive.com/media/catalog/product/cache/3875881abdd255ac261538b8462285e9/a/s/asus_6_4.jpg,"Asus Creator Q540VJ I9-13900H 16GB 1TB SSD Asus Laptops Gaming Laptops Brand Asus. Series Gaming. Screen Size 15.6"". Screen Resolution 2880 x x1620. Touchscreen No. Operating System Windows 11 Home. Generation Intel 13th Generation. Processor Type Intel Core i9. Processor Model Info n/a. Processor Speed 4.1 GHz. Processor Turbo 5.3GHz. Processor Cache 24 MB. RAM 16GB. HDD Interface SSD. Hard Disk Capacity 1TB SSD. Graphics Nvidia Graphics. Graphics Detail RTX3050 (Nvidia GeForce). Video Memory 6 GB. Optical Drive No Optical Drive. USB Ports 2 ports. Numeric Pad Yes. HDMI Yes. Backlit Keyboard Yes. Warranty 7 Day Replacement. Shipping Same Day From Lahore",Asus,0.0,Laptops,Gaming Laptops,1714.28
P0612,Samsung Galaxy S7 Dual SIM,Display 5.1 inches. RAM 4 GB RAM. Battery 3000 mAh. Back Camera 12 MP,https://images.priceoye.pk/samsung-galaxy-s7-dual-sim-pakistan-priceoye-270x270.webp,Samsung Galaxy S7 Dual SIM Samsung Mobile Phones Smartphones Display 5.1 inches. RAM 4 GB RAM. Battery 3000 mAh. Back Camera 12 MP,Samsung,3.0,Mobile Phones,Smartphones,173.95
P0613,Dell Inspiron 15 3530 Raptor Lake i5-1335U 8GB 512GB,"Brand Dell. Series Inspiron. Screen Size 15.6"". Screen Resolution 1920 x 1080. Touchscreen No. Operating System DOS. Generation Intel 13th Generation. Processor Type Intel Core i5. Processor Model Info n/a. Processor Speed 3.4 GHz. Processor Turbo 4.6 GHz (Up to). Processor Cache 12 MB. RAM 8GB. HDD Interface SSD. Hard Disk Capacity 512GB SSD. Graphics Intel Integrated Graphics. Graphics Detail Intel Iris XE Graphics. Video Memory Shared. Optical Drive No Optical Drive. USB Ports 2 ports. Numeric Pad Yes. HDMI Yes. Backlit Keyboard Yes. Warranty 1 Year Manufacturer. Shipping Same Day From Lahore",https://www.shophive.com/media/catalog/product/cache/3875881abdd255ac261538b8462285e9/i/m/image-removebg-preview_-_2023-11-08t051618.501.png,"Dell Inspiron 15 3530 Raptor Lake i5-1335U 8GB 512GB Dell Laptops Laptops Brand Dell. Series Inspiron. Screen Size 15.6"". Screen Resolution 1920 x 1080. Touchscreen No. Operating System DOS. Generation Intel 13th Generation. Processor Type Intel Core i5. Processor Model Info n/a. Processor Speed 3.4 GHz. Processor Turbo 4.6 GHz (Up to). Processor Cache 12 MB. RAM 8GB. HDD Interface SSD. Hard Disk Capacity 512GB SSD. Graphics Intel Integrated Graphics. Graphics Detail Intel Iris XE Graphics. Video Memory Shared. Optical Drive No Optical Drive. USB Ports 2 ports. Numeric Pad Yes. HDMI Yes. Backlit Keyboard Yes. Warranty 1 Year Manufacturer. Shipping Same Day From Lahore",Dell,0.0,Laptops,Laptops,566.07
P0614,LENOVO LOQ 16 16IRH8 i7-13620H 16GB 512GB SSD,"Brand Lenovo. Series Gaming. Screen Size 16"". Screen Resolution 1920 x 1200. Touchscreen No. Operating System DOS. Generation Intel 13th Generation. Processor Type Intel Core i7. Processor Model Info n/a. Processor Speed 3.6 GHz. Processor Turbo 4.9 GHz (Up to). Processor Cache 24 MB. RAM 16GB. HDD Interface SSD. Hard Disk Capacity 512GB SSD. Graphics Nvidia Graphics. Graphics Detail Info n/a. Video Memory 6 GB. Optical Drive No Optical Drive. USB Ports 4 ports. Numeric Pad Yes. HDMI Yes. Backlit Keyboard Yes. Warranty 1 Year Manufacturer. Shipping Same Day From Lahore",https://www.shophive.com/media/catalog/product/cache/3875881abdd255ac261538b8462285e9/i/m/image-removebg-preview_-_2023-10-26t045956.183.jpg,"LENOVO LOQ 16 16IRH8 i7-13620H 16GB 512GB SSD Lenovo Laptops Gaming Laptops Brand Lenovo. Series Gaming. Screen Size 16"". Screen Resolution 1920 x 1200. Touchscreen No. Operating System DOS. Generation Intel 13th Generation. Processor Type Intel Core i7. Processor Model Info n/a. Processor Speed 3.6 GHz. Processor Turbo 4.9 GHz (Up to). Processor Cache 24 MB. RAM 16GB. HDD Interface SSD. Hard Disk Capacity 512GB SSD. Graphics Nvidia Graphics. Graphics Detail Info n/a. Video Memory 6 GB. Optical Drive No Optical Drive. USB Ports 4 ports. Numeric Pad Yes. HDMI Yes. Backlit Keyboard Yes. Warranty 1 Year Manufacturer. Shipping Same Day From Lahore",Lenovo,0.0,Laptops,Gaming Laptops,1321.42
P0615,"Apple Macbook Air 2023 M2 15"" 256GB Silver MQKR3LL",Brand Apple. Series Macbook Air. Screen Size Info N/A. Screen Resolution Info n/a. Touchscreen No. Operating System Mac OS. Generation Apple M2 Generation. Processor Type M2. Processor Model Info n/a. Processor Speed Info n/a. Processor Turbo Info n/a. Processor Cache Info n/a. RAM 8GB. HDD Interface SSD. Hard Disk Capacity 256GB SSD. Graphics Intel Integrated Graphics. Graphics Detail Info n/a. Video Memory Shared. Optical Drive No Optical Drive. USB Ports 2 ports. Numeric Pad No. HDMI No. Backlit Keyboard Yes. Warranty 7 Day Replacement. Shipping Same Day From Lahore,https://www.shophive.com/media/catalog/product/cache/3875881abdd255ac261538b8462285e9/i/m/image-removebg-preview---2023-06-06t140657.776.jpg,"Apple Macbook Air 2023 M2 15"" 256GB Silver MQKR3LL Apple Laptops MacBooks Brand Apple. Series Macbook Air. Screen Size Info N/A. Screen Resolution Info n/a. Touchscreen No. Operating System Mac OS. Generation Apple M2 Generation. Processor Type M2. Processor Model Info n/a. Processor Speed Info n/a. Processor Turbo Info n/a. Processor Cache Info n/a. RAM 8GB. HDD Interface SSD. Hard Disk Capacity 256GB SSD. Graphics Intel Integrated Graphics. Graphics Detail Info n/a. Video Memory Shared. Optical Drive No Optical Drive. USB Ports 2 ports. Numeric Pad No. HDMI No. Backlit Keyboard Yes. Warranty 7 Day Replacement. Shipping Same Day From Lahore",Apple,0.0,Laptops,MacBooks,1392.85
P0616,Xiaomi Imilab Imiki TG1 Smart Bluetooth Calling Watch,Brand Mi. Shipping 24 - 48 hrs,https://www.shophive.com/media/catalog/product/cache/3875881abdd255ac261538b8462285e9/i/m/image-removebg-preview_-_2023-10-28t045640.223.jpg,Xiaomi Imilab Imiki TG1 Smart Bluetooth Calling Watch Xiaomi Smart Watches Smart Watches Brand Mi. Shipping 24 - 48 hrs,Xiaomi,0.0,Smart Watches,Smart Watches,33.57
P0617,Asus Tuf Gaming F15 FX507VV-I7161G i7-13620H 16GB 1TB SSD,"Brand Asus. Series TUF. Screen Size 15.6"". Screen Resolution 1920 x 1080. Touchscreen No. Operating System Windows 11 Home. Generation Intel 13th Generation. Processor Type Intel Core i7. Processor Model Info n/a. Processor Speed 3.6 GHz. Processor Turbo 4.9 GHz (Up to). Processor Cache 24 MB. RAM 16GB. HDD Interface SSD. Hard Disk Capacity 1TB SSD. Graphics Nvidia Graphics. Graphics Detail RTX 4060 (Nvidia Geforce). Video Memory 8 GB. Optical Drive No Optical Drive. USB Ports 2 ports. Numeric Pad Yes. HDMI Yes. Backlit Keyboard Yes. Warranty International Warranty. Shipping 5 - 10 Days",https://www.shophive.com/media/catalog/product/cache/3875881abdd255ac261538b8462285e9/l/a/laptop_57_1_2.jpg,"Asus Tuf Gaming F15 FX507VV-I7161G i7-13620H 16GB 1TB SSD Asus Laptops Gaming Laptops Brand Asus. Series TUF. Screen Size 15.6"". Screen Resolution 1920 x 1080. Touchscreen No. Operating System Windows 11 Home. Generation Intel 13th Generation. Processor Type Intel Core i7. Processor Model Info n/a. Processor Speed 3.6 GHz. Processor Turbo 4.9 GHz (Up to). Processor Cache 24 MB. RAM 16GB. HDD Interface SSD. Hard Disk Capacity 1TB SSD. Graphics Nvidia Graphics. Graphics Detail RTX 4060 (Nvidia Geforce). Video Memory 8 GB. Optical Drive No Optical Drive. USB Ports 2 ports. Numeric Pad Yes. HDMI Yes. Backlit Keyboard Yes. Warranty International Warranty. Shipping 5 - 10 Days",Asus,0.0,Laptops,Gaming Laptops,1357.14
P0618,Samsung Galaxy A24 6GB 128GB,"Brand Samsung. Operating System Android. Screen Size 6.5"". Internal Memory 128GB. RAM 6GB. Main Camera Pixel 50.0. Dual Sim Yes. Expandable Memory Yes. Warranty 1 Year Manufacturer. Shipping 24 - 48 hrs. Color Black",https://www.shophive.com/media/catalog/product/cache/3875881abdd255ac261538b8462285e9/u/n/untitled_design_21__1.jpg,"Samsung Galaxy A24 6GB 128GB Samsung Mobile Phones Smartphones Brand Samsung. Operating System Android. Screen Size 6.5"". Internal Memory 128GB. RAM 6GB. Main Camera Pixel 50.0. Dual Sim Yes. Expandable Memory Yes. Warranty 1 Year Manufacturer. Shipping 24 - 48 hrs. Color Black",Samsung,0.0,Mobile Phones,Smartphones,250.0
P0619,Apple MacBook Air 13 M1 MGN63 (8GB-256GB),Display 13.3-inches. Generation M1. Processor Apple M1 Chip. Internal Memory 256 GB SSD,https://images.priceoye.pk/apple-macbook-air-13-m1-mgn63-8gb-256gb-pakistan-priceoye-scr26-270x270.webp,Apple MacBook Air 13 M1 MGN63 (8GB-256GB) Apple Laptops MacBooks Display 13.3-inches. Generation M1. Processor Apple M1 Chip. Internal Memory 256 GB SSD,Apple,5.0,Laptops,MacBooks,745.71
P0620,Infinix Hot 10 Lite,Display 6.6 inches. RAM 2 GB. Battery 5000 mAh. Back Camera 13 MP + 2 MP + 2 MP,https://images.priceoye.pk/infinix-hot-10-lite-pakistan-priceoye-wyple-270x270.webp,Infinix Hot 10 Lite Infinix Mobile Phones Smartphones Display 6.6 inches. RAM 2 GB. Battery 5000 mAh. Back Camera 13 MP + 2 MP + 2 MP,Infinix,5.0,Mobile Phones,Smartphones,53.57
P0621,Vivo V11,Display 6.3 inches. RAM 4 GB. Battery 3315 mAh. Back Camera 16 MP + 5 MP,https://images.priceoye.pk/vivo-v11-pakistan-priceoye-4up99-270x270.webp,Vivo V11 Vivo Mobile Phones Smartphones Display 6.3 inches. RAM 4 GB. Battery 3315 mAh. Back Camera 16 MP + 5 MP,Vivo,4.8,Mobile Phones,Smartphones,157.14
P0622,Lenovo IdeaPad 3 15 Tiger Lake i7-1165G7 8GB 1TB HDD,"Brand Lenovo. Series IdeaPad. Screen Size 15.6"". Screen Resolution 1920 x 1080. Touchscreen No. Operating System DOS. Generation Intel 11th Generation. Processor Type Intel Core i7. Processor Model i7-1165G7. Processor Speed 2.8 GHz. Processor Turbo 4.7 GHz (Up to). Processor Cache 12 MB. RAM 8GB. HDD Interface SATA. Hard Disk Capacity 1TB HDD. Graphics Intel Integrated Graphics. Graphics Detail Intel Iris XE Graphics. Video Memory Shared. Optical Drive No Optical Drive. USB Ports 2 ports. Numeric Pad Yes. HDMI Yes. Backlit Keyboard No. Warranty 1 Year Manufacturer. Shipping Same Day From Lahore",https://www.shophive.com/media/catalog/product/cache/3875881abdd255ac261538b8462285e9/l/e/lenovo_20_1.jpg,"Lenovo IdeaPad 3 15 Tiger Lake i7-1165G7 8GB 1TB HDD Lenovo Laptops Laptops Brand Lenovo. Series IdeaPad. Screen Size 15.6"". Screen Resolution 1920 x 1080. Touchscreen No. Operating System DOS. Generation Intel 11th Generation. Processor Type Intel Core i7. Processor Model i7-1165G7. Processor Speed 2.8 GHz. Processor Turbo 4.7 GHz (Up to). Processor Cache 12 MB. RAM 8GB. HDD Interface SATA. Hard Disk Capacity 1TB HDD. Graphics Intel Integrated Graphics. Graphics Detail Intel Iris XE Graphics. Video Memory Shared. Optical Drive No Optical Drive. USB Ports 2 ports. Numeric Pad Yes. HDMI Yes. Backlit Keyboard No. Warranty 1 Year Manufacturer. Shipping Same Day From Lahore",Lenovo,0.0,Laptops,Laptops,664.28
P0623,Vivo iQOO 9 SE,Display 6.62 inches. RAM 8/12 GB. Battery 4500 mAh. Back Camera 48 MP + 13 MP + 2 MP,https://images.priceoye.pk/vivo-iqoo-9-se-pakistan-priceoye-0uxyo-270x270.webp,Vivo iQOO 9 SE Vivo Mobile Phones Smartphones Display 6.62 inches. RAM 8/12 GB. Battery 4500 mAh. Back Camera 48 MP + 13 MP + 2 MP,Vivo,5.0,Mobile Phones,Smartphones,295.0
P0624,Lenovo Thinkpad E15 G4 i7-1255U 8GB 512GB SSD,"Brand Lenovo. Series ThinkPad. Screen Size 15.6"". Screen Resolution 1920 x 1080. Touchscreen No. Operating System DOS. Generation Intel 12Th Generation. Processor Type Intel Core i7. Processor Model i7-1255U. Processor Speed 3.5 GHz. Processor Turbo 4.7 GHz (Up to). Processor Cache 12 MB. RAM 8GB. HDD Interface SSD. Hard Disk Capacity 512GB SSD. Graphics Intel Integrated Graphics. Graphics Detail Info n/a. Video Memory Shared. Optical Drive No Optical Drive. USB Ports 2 ports. Numeric Pad Yes. HDMI Yes. Backlit Keyboard Yes. Warranty 1 Year Manufacturer. Shipping Same Day From Lahore",https://www.shophive.com/media/catalog/product/cache/3875881abdd255ac261538b8462285e9/l/e/lenovo_4_4_1.jpg,"Lenovo Thinkpad E15 G4 i7-1255U 8GB 512GB SSD Lenovo Laptops Business Laptops Brand Lenovo. Series ThinkPad. Screen Size 15.6"". Screen Resolution 1920 x 1080. Touchscreen No. Operating System DOS. Generation Intel 12Th Generation. Processor Type Intel Core i7. Processor Model i7-1255U. Processor Speed 3.5 GHz. Processor Turbo 4.7 GHz (Up to). Processor Cache 12 MB. RAM 8GB. HDD Interface SSD. Hard Disk Capacity 512GB SSD. Graphics Intel Integrated Graphics. Graphics Detail Info n/a. Video Memory Shared. Optical Drive No Optical Drive. USB Ports 2 ports. Numeric Pad Yes. HDMI Yes. Backlit Keyboard Yes. Warranty 1 Year Manufacturer. Shipping Same Day From Lahore",Lenovo,0.0,Laptops,Business Laptops,1071.42
P0625,itel A47,Display 5.5 Inches. RAM 2 GB. Battery 3000 mAh. Back Camera 8 MP,https://images.priceoye.pk/itel-a47-pakistan-priceoye-uha3s-270x270.webp,itel A47 Itel Mobile Phones Smartphones Display 5.5 Inches. RAM 2 GB. Battery 3000 mAh. Back Camera 8 MP,Itel,5.0,Mobile Phones,Smartphones,53.57
P0626,MSi Sword 16 - HX B14VFKG 14700HX 16GB 1TB Gaming Laptop,"Brand MSI. Series Sword. Screen Size 16"". Screen Resolution 1920 x 1200. Touchscreen No. Operating System Windows 11 Home. Generation Intel 14th Generation. Processor Type Intel Core i7. Processor Model Info n/a. Processor Speed 2.1 GHz. Processor Turbo 3.9 GHz (Up to). Processor Cache 31.25 MB. RAM 16GB. HDD Interface SSD. Hard Disk Capacity 1TB SSD. Graphics Nvidia Graphics. Graphics Detail RTX 4060 (Nvidia Geforce). Video Memory 8 GB. Optical Drive No Optical Drive. USB Ports 2 ports. Numeric Pad Yes. HDMI Yes. Backlit Keyboard Yes. Warranty International Warranty. Shipping 5 - 10 Days",https://www.shophive.com/media/catalog/product/cache/3875881abdd255ac261538b8462285e9/c/o/combo_400.jpg,"MSi Sword 16 - HX B14VFKG 14700HX 16GB 1TB Gaming Laptop MSI Laptops Gaming Laptops Brand MSI. Series Sword. Screen Size 16"". Screen Resolution 1920 x 1200. Touchscreen No. Operating System Windows 11 Home. Generation Intel 14th Generation. Processor Type Intel Core i7. Processor Model Info n/a. Processor Speed 2.1 GHz. Processor Turbo 3.9 GHz (Up to). Processor Cache 31.25 MB. RAM 16GB. HDD Interface SSD. Hard Disk Capacity 1TB SSD. Graphics Nvidia Graphics. Graphics Detail RTX 4060 (Nvidia Geforce). Video Memory 8 GB. Optical Drive No Optical Drive. USB Ports 2 ports. Numeric Pad Yes. HDMI Yes. Backlit Keyboard Yes. Warranty International Warranty. Shipping 5 - 10 Days",MSI,0.0,Laptops,Gaming Laptops,1437.5
P0627,itel Value 100s,Display 1.8 inches. RAM STANDARD. Battery 1000 mAh. Back Camera No,https://images.priceoye.pk/itel-value-100s-pakistan-priceoye-dj1z2-270x270.webp,itel Value 100s Itel Mobile Phones Smartphones Display 1.8 inches. RAM STANDARD. Battery 1000 mAh. Back Camera No,Itel,4.8,Mobile Phones,Smartphones,9.1
P0628,MSi Sword 16 HX B14VFKG i7-14650HX 16GB 1TB SSD Gaming Laptop,"Brand MSI. Series Sword. Screen Size 16"". Screen Resolution 1920 x 1200. Touchscreen No. Operating System Windows 11 Home. Generation Intel 14th Generation. Processor Type Intel Core i7. Processor Model Info n/a. Processor Speed 2.2 GHz. Processor Turbo 5.1GHz. Processor Cache Info n/a. RAM 16GB. HDD Interface SSD. Hard Disk Capacity 1TB SSD. Graphics Nvidia Graphics. Graphics Detail RTX 4050 (Nvidia GeForce). Video Memory 6 GB. Optical Drive No Optical Drive. USB Ports 3 ports. Numeric Pad Yes. HDMI Yes. Backlit Keyboard Yes. Warranty International Warranty. Shipping 5 - 10 Days",https://www.shophive.com/media/catalog/product/cache/3875881abdd255ac261538b8462285e9/c/o/combo_400_1.jpg,"MSi Sword 16 HX B14VFKG i7-14650HX 16GB 1TB SSD Gaming Laptop MSI Laptops Gaming Laptops Brand MSI. Series Sword. Screen Size 16"". Screen Resolution 1920 x 1200. Touchscreen No. Operating System Windows 11 Home. Generation Intel 14th Generation. Processor Type Intel Core i7. Processor Model Info n/a. Processor Speed 2.2 GHz. Processor Turbo 5.1GHz. Processor Cache Info n/a. RAM 16GB. HDD Interface SSD. Hard Disk Capacity 1TB SSD. Graphics Nvidia Graphics. Graphics Detail RTX 4050 (Nvidia GeForce). Video Memory 6 GB. Optical Drive No Optical Drive. USB Ports 3 ports. Numeric Pad Yes. HDMI Yes. Backlit Keyboard Yes. Warranty International Warranty. Shipping 5 - 10 Days",MSI,0.0,Laptops,Gaming Laptops,1258.92
P0629,HP ProBook 460 G11 Intel Core Ultra 5 125U 8GB 512GB SSD 1Y,"Brand HP. Series ProBook. Screen Size 16"". Screen Resolution 1920 x 1200. Touchscreen No. Operating System DOS. Generation Info n/a. Processor Type No info. Processor Model Info n/a. Processor Speed 1.3 GHz. Processor Turbo 4.3 GHz (Up to). Processor Cache 12 MB. RAM 8GB. HDD Interface SSD. Hard Disk Capacity 512GB SSD. Graphics Intel Integrated Graphics. Graphics Detail Info n/a. Video Memory Shared. Optical Drive No Optical Drive. USB Ports 2 ports. Numeric Pad Yes. HDMI Yes. Backlit Keyboard Yes. Warranty 1 Year Manufacturer. Shipping Same Day From Lahore",https://www.shophive.com/media/catalog/product/cache/3875881abdd255ac261538b8462285e9/l/a/laptop_118_3_2.jpg,"HP ProBook 460 G11 Intel Core Ultra 5 125U 8GB 512GB SSD 1Y HP Laptops Business Laptops Brand HP. Series ProBook. Screen Size 16"". Screen Resolution 1920 x 1200. Touchscreen No. Operating System DOS. Generation Info n/a. Processor Type No info. Processor Model Info n/a. Processor Speed 1.3 GHz. Processor Turbo 4.3 GHz (Up to). Processor Cache 12 MB. RAM 8GB. HDD Interface SSD. Hard Disk Capacity 512GB SSD. Graphics Intel Integrated Graphics. Graphics Detail Info n/a. Video Memory Shared. Optical Drive No Optical Drive. USB Ports 2 ports. Numeric Pad Yes. HDMI Yes. Backlit Keyboard Yes. Warranty 1 Year Manufacturer. Shipping Same Day From Lahore",HP,0.0,Laptops,Business Laptops,810.71
P0630,Apple Watch Ultra Titanium 49mm Case with Blue/Gray Trail Loop,Brand Apple. Shipping On Order,https://www.shophive.com/media/catalog/product/cache/3875881abdd255ac261538b8462285e9/i/m/image-removebg-preview_-_2022-09-09t174653.340.png,Apple Watch Ultra Titanium 49mm Case with Blue/Gray Trail Loop Apple Smart Watches Premium Smart Watches Brand Apple. Shipping On Order,Apple,0.0,Smart Watches,Premium Smart Watches,964.28
P0631,Samsung Galaxy J2 Prime,Display 5.0 inches. RAM 1.5 GB RAM. Battery 2600 mAh. Back Camera 8 MP,https://images.priceoye.pk/samsung-galaxy-j2-prime-pakistan-priceoye-i4kok-270x270.webp,Samsung Galaxy J2 Prime Samsung Mobile Phones Smartphones Display 5.0 inches. RAM 1.5 GB RAM. Battery 2600 mAh. Back Camera 8 MP,Samsung,5.0,Mobile Phones,Smartphones,48.21
P0632,Dell Latitude 5550 Intel Core Ultra 5 125U 8GB 512GB SSD 1Y,"Brand Dell. Series Latitude. Screen Size 15.6"". Screen Resolution 1920 x 1080. Touchscreen No. Operating System DOS. Generation Info n/a. Processor Type No info. Processor Model Info n/a. Processor Speed 1.3 GHz. Processor Turbo 4.3 GHz (Up to). Processor Cache 12 MB. RAM 8GB. HDD Interface SSD. Hard Disk Capacity 512GB SSD. Graphics Intel Integrated Graphics. Graphics Detail Info n/a. Video Memory Shared. Optical Drive No Optical Drive. USB Ports 2 ports. Numeric Pad Yes. HDMI Yes. Backlit Keyboard Yes. Warranty 1 Year Manufacturer. Shipping Same Day From Lahore",https://www.shophive.com/media/catalog/product/cache/3875881abdd255ac261538b8462285e9/l/a/laptop_105_6.jpg,"Dell Latitude 5550 Intel Core Ultra 5 125U 8GB 512GB SSD 1Y Dell Laptops Business Laptops Brand Dell. Series Latitude. Screen Size 15.6"". Screen Resolution 1920 x 1080. Touchscreen No. Operating System DOS. Generation Info n/a. Processor Type No info. Processor Model Info n/a. Processor Speed 1.3 GHz. Processor Turbo 4.3 GHz (Up to). Processor Cache 12 MB. RAM 8GB. HDD Interface SSD. Hard Disk Capacity 512GB SSD. Graphics Intel Integrated Graphics. Graphics Detail Info n/a. Video Memory Shared. Optical Drive No Optical Drive. USB Ports 2 ports. Numeric Pad Yes. HDMI Yes. Backlit Keyboard Yes. Warranty 1 Year Manufacturer. Shipping Same Day From Lahore",Dell,0.0,Laptops,Business Laptops,1139.28
P0633,Xiaomi Redmi 14C,Display 6.88. RAM 4/6 GB. Battery 5160 mAh. Back Camera 50 MP + 2 MP + 0.08 MP,https://images.priceoye.pk/xiaomi-redmi-14c-pakistan-priceoye-d7soa-270x270.webp,Xiaomi Redmi 14C Xiaomi Mobile Phones Smartphones Display 6.88. RAM 4/6 GB. Battery 5160 mAh. Back Camera 50 MP + 2 MP + 0.08 MP,Xiaomi,4.8,Mobile Phones,Smartphones,88.21
P0634,vivo V9 pro,Display 6.3 inches. RAM 4GB RAM. Battery 3260 mAh. Back Camera 13 MP,https://images.priceoye.pk/vivo-v9-pro-pakistan-priceoye-fsawf-270x270.webp,vivo V9 pro Vivo Mobile Phones Smartphones Display 6.3 inches. RAM 4GB RAM. Battery 3260 mAh. Back Camera 13 MP,Vivo,5.0,Mobile Phones,Smartphones,107.14
P0635,Xiaomi Redmi A3x 3GB 64GB,"Brand Mi. Operating System Android. Screen Size 6.7"". Internal Memory 64GB. RAM 3GB. Main Camera Pixel 8.0. Dual Sim Yes. Water Resistant No. Expandable Memory Yes. Warranty 1 Year Manufacturer. Shipping 3 - 5 Days. Color Black",https://www.shophive.com/media/catalog/product/cache/3875881abdd255ac261538b8462285e9/m/o/mobile_3_1.jpg,"Xiaomi Redmi A3x 3GB 64GB Xiaomi Mobile Phones Smartphones Brand Mi. Operating System Android. Screen Size 6.7"". Internal Memory 64GB. RAM 3GB. Main Camera Pixel 8.0. Dual Sim Yes. Water Resistant No. Expandable Memory Yes. Warranty 1 Year Manufacturer. Shipping 3 - 5 Days. Color Black",Xiaomi,0.0,Mobile Phones,Smartphones,63.92
P0636,Asus Rog Strix Scar 17 G733PZ-LL048W Ryzen 9 7945HX 32GB 1TB SSD,"Brand Asus. Series ROG. Screen Size 17.3"". Screen Resolution 2560 x 1440. Touchscreen No. Operating System Windows 11 Home. Generation AMD Ryzen Generation. Processor Type AMD Ryzen 9. Processor Model Info n/a. Processor Speed 2.5 GHz. Processor Turbo 5.3GHz. Processor Cache 64MB. RAM 32GB. HDD Interface SSD. Hard Disk Capacity 1TB SSD. Graphics Nvidia Graphics. Graphics Detail Info n/a. Video Memory 12 GB. Optical Drive No Optical Drive. USB Ports 2 ports. Numeric Pad Yes. HDMI Yes. Backlit Keyboard Yes. Warranty 7 Day Replacement. Shipping 5 - 10 Days",https://www.shophive.com/media/catalog/product/cache/3875881abdd255ac261538b8462285e9/i/m/image-removebg-preview---2023-07-10t153206.476_1.jpg,"Asus Rog Strix Scar 17 G733PZ-LL048W Ryzen 9 7945HX 32GB 1TB SSD Asus Laptops Gaming Laptops Brand Asus. Series ROG. Screen Size 17.3"". Screen Resolution 2560 x 1440. Touchscreen No. Operating System Windows 11 Home. Generation AMD Ryzen Generation. Processor Type AMD Ryzen 9. Processor Model Info n/a. Processor Speed 2.5 GHz. Processor Turbo 5.3GHz. Processor Cache 64MB. RAM 32GB. HDD Interface SSD. Hard Disk Capacity 1TB SSD. Graphics Nvidia Graphics. Graphics Detail Info n/a. Video Memory 12 GB. Optical Drive No Optical Drive. USB Ports 2 ports. Numeric Pad Yes. HDMI Yes. Backlit Keyboard Yes. Warranty 7 Day Replacement. Shipping 5 - 10 Days",Asus,0.0,Laptops,Gaming Laptops,4487.14
P0637,Vivo Y18,Display 6.56 inches. RAM 4 GB. Battery 5000 mAh. Back Camera 50 MP + 0.08 MP,https://images.priceoye.pk/vivo-y18-pakistan-priceoye-3w1pt-270x270.webp,Vivo Y18 Vivo Mobile Phones Smartphones Display 6.56 inches. RAM 4 GB. Battery 5000 mAh. Back Camera 50 MP + 0.08 MP,Vivo,4.9,Mobile Phones,Smartphones,120.0
P0638,itel Muzik 410,Display 2.4 inches. RAM 4 MB. Battery 1500 mAh. Back Camera VGA,https://images.priceoye.pk/itel-muzik-410-pakistan-priceoye-7c6rb-270x270.webp,itel Muzik 410 Itel Mobile Phones Smartphones Display 2.4 inches. RAM 4 MB. Battery 1500 mAh. Back Camera VGA,Itel,5.0,Mobile Phones,Smartphones,14.64
P0639,Itel S24,Display 6.6 inches. RAM 16GB (8GB + 8GB EXPANDABLE). Battery 5000 mAh. Back Camera 108MP,https://images.priceoye.pk/itel-s24-pakistan-priceoye-sabyj-270x270.webp,Itel S24 Itel Mobile Phones Smartphones Display 6.6 inches. RAM 16GB (8GB + 8GB EXPANDABLE). Battery 5000 mAh. Back Camera 108MP,Itel,4.8,Mobile Phones,Smartphones,85.71
P0640,Samsung Galaxy Z Fold 4,Display 7.6 inches. RAM 12 GB. Battery 4400 mAh. Back Camera 50 MP + 10 MP + 12 MP,https://images.priceoye.pk/samsung-galaxy-z-fold-4-pakistan-priceoye-lt5w4-270x270.webp,Samsung Galaxy Z Fold 4 Samsung Mobile Phones Smartphones Display 7.6 inches. RAM 12 GB. Battery 4400 mAh. Back Camera 50 MP + 10 MP + 12 MP,Samsung,4.9,Mobile Phones,Smartphones,1214.29
P0641,Amazon Kindle Scribe 64 GB The First Kindle For Reading and Writing With a 10.2” 300 PPi Paperwhite Display (2022),"Brand Amazon. Operating System No. RAM Under 1GB. Screen Size 10.2"". Warranty 7 Day Replacement. Internal Memory 64GB. Expandable Memory No. Phone Option No. Shipping Same Day From Lahore",https://www.shophive.com/media/catalog/product/cache/3875881abdd255ac261538b8462285e9/i/m/image-removebg-preview_-_2023-03-06t124308.878.png,"Amazon Kindle Scribe 64 GB The First Kindle For Reading and Writing With a 10.2” 300 PPi Paperwhite Display (2022) Amazon Tablets Android Tablets Brand Amazon. Operating System No. RAM Under 1GB. Screen Size 10.2"". Warranty 7 Day Replacement. Internal Memory 64GB. Expandable Memory No. Phone Option No. Shipping Same Day From Lahore",Amazon,0.0,Tablets,Android Tablets,571.42
P0642,Xiaomi Redmi Note 13 Pro 8GB 256GB,"Brand Mi. Operating System Android. Screen Size 6.6"". Internal Memory 256GB. RAM 8GB. Main Camera Pixel 200. Dual Sim Yes. Water Resistant Yes. Expandable Memory Yes. Warranty 1 Year Manufacturer. Shipping 3 - 5 Days. Color Black",https://www.shophive.com/media/catalog/product/cache/3875881abdd255ac261538b8462285e9/n/o/note_13_4.jpg,"Xiaomi Redmi Note 13 Pro 8GB 256GB Xiaomi Mobile Phones Smartphones Brand Mi. Operating System Android. Screen Size 6.6"". Internal Memory 256GB. RAM 8GB. Main Camera Pixel 200. Dual Sim Yes. Water Resistant Yes. Expandable Memory Yes. Warranty 1 Year Manufacturer. Shipping 3 - 5 Days. Color Black",Xiaomi,0.0,Mobile Phones,Smartphones,214.28
P0643,Samsung Galaxy F13,Display 6.6 inches. RAM 4GB RAM. Battery 6000 mAh. Back Camera 50 MP + 5 MP + 2MP,https://images.priceoye.pk/samsung-galaxy-f13-pakistan-priceoye-1jdks-270x270.webp,Samsung Galaxy F13 Samsung Mobile Phones Smartphones Display 6.6 inches. RAM 4GB RAM. Battery 6000 mAh. Back Camera 50 MP + 5 MP + 2MP,Samsung,5.0,Mobile Phones,Smartphones,125.0
P0644,Hp Notebook 15 FD0110tu i7-1355U 16GB 512GB SSD,"Brand HP. Series Notebook. Screen Size 15.6"". Screen Resolution 1920 x 1080. Touchscreen No. Operating System Windows 11 Home. Generation Intel 13th Generation. Processor Type Intel Core i7. Processor Model i7-1355U. Processor Speed 3.7 GHz. Processor Turbo 5.0 GHz (Up to). Processor Cache 12 MB. RAM 16GB. HDD Interface SSD. Hard Disk Capacity 512GB SSD. Graphics Intel Integrated Graphics. Graphics Detail Intel Iris XE Graphics. Video Memory Shared. Optical Drive No Optical Drive. USB Ports 2 ports. Numeric Pad Yes. HDMI Yes. Backlit Keyboard Yes. Warranty 1 Year Manufacturer. Shipping Same Day From Lahore",https://www.shophive.com/media/catalog/product/cache/3875881abdd255ac261538b8462285e9/i/m/image-removebg-preview---2023-08-22t152256.050.jpg,"Hp Notebook 15 FD0110tu i7-1355U 16GB 512GB SSD HP Laptops Laptops Brand HP. Series Notebook. Screen Size 15.6"". Screen Resolution 1920 x 1080. Touchscreen No. Operating System Windows 11 Home. Generation Intel 13th Generation. Processor Type Intel Core i7. Processor Model i7-1355U. Processor Speed 3.7 GHz. Processor Turbo 5.0 GHz (Up to). Processor Cache 12 MB. RAM 16GB. HDD Interface SSD. Hard Disk Capacity 512GB SSD. Graphics Intel Integrated Graphics. Graphics Detail Intel Iris XE Graphics. Video Memory Shared. Optical Drive No Optical Drive. USB Ports 2 ports. Numeric Pad Yes. HDMI Yes. Backlit Keyboard Yes. Warranty 1 Year Manufacturer. Shipping Same Day From Lahore",HP,0.0,Laptops,Laptops,1012.5
P0645,"Apple Macbook Air 2024 M3 15.3"" 16GB 256GB SSD Midnight MC9G4","Brand Apple. Series Macbook Air. Screen Size 15.3"". Screen Resolution Info n/a. Touchscreen No. Operating System Mac OS. Generation Apple M3 Generation. Processor Type M3. Processor Model Info n/a. Processor Speed Info n/a. Processor Turbo Info n/a. Processor Cache Info n/a. RAM 16GB. HDD Interface SSD. Hard Disk Capacity 256GB. Graphics Info na. Graphics Detail Info n/a. Video Memory Shared. Optical Drive No Optical Drive. USB Ports 2 Ports Type-C. Numeric Pad No. HDMI No. Backlit Keyboard Yes. Warranty Manufacturer Warranty. Shipping Same Day From Lahore",https://www.shophive.com/media/catalog/product/cache/3875881abdd255ac261538b8462285e9/m/a/macbook_1_3_1_1.jpg,"Apple Macbook Air 2024 M3 15.3"" 16GB 256GB SSD Midnight MC9G4 Apple Laptops MacBooks Brand Apple. Series Macbook Air. Screen Size 15.3"". Screen Resolution Info n/a. Touchscreen No. Operating System Mac OS. Generation Apple M3 Generation. Processor Type M3. Processor Model Info n/a. Processor Speed Info n/a. Processor Turbo Info n/a. Processor Cache Info n/a. RAM 16GB. HDD Interface SSD. Hard Disk Capacity 256GB. Graphics Info na. Graphics Detail Info n/a. Video Memory Shared. Optical Drive No Optical Drive. USB Ports 2 Ports Type-C. Numeric Pad No. HDMI No. Backlit Keyboard Yes. Warranty Manufacturer Warranty. Shipping Same Day From Lahore",Apple,0.0,Laptops,MacBooks,1375.0
P0646,Oppo Reno 5,Display 6.4 inches. RAM 8 GB. Battery 4300 mAh. Back Camera 64 MP + 8 MP + 2 MP + 2 MP,https://images.priceoye.pk/oppo-reno-5-5g-pakistan-priceoye-2fol2-270x270.webp,Oppo Reno 5 Oppo Mobile Phones Smartphones Display 6.4 inches. RAM 8 GB. Battery 4300 mAh. Back Camera 64 MP + 8 MP + 2 MP + 2 MP,Oppo,5.0,Mobile Phones,Smartphones,199.64
P0647,Tecno Phantom V Fold 2 5G,Display Main Screen : 7.85 Sub Screen: 6.42''. RAM 12 GB. Battery 5750 mAh. Back Camera 50MP + 50MP + 50MP,https://images.priceoye.pk/tecno-phantom-v-fold-2-5g-pakistan-priceoye-sxoy6-270x270.webp,Tecno Phantom V Fold 2 5G Tecno Mobile Phones Smartphones Display Main Screen : 7.85 Sub Screen: 6.42''. RAM 12 GB. Battery 5750 mAh. Back Camera 50MP + 50MP + 50MP,Tecno,5.0,Mobile Phones,Smartphones,1321.42
P0648,Oppo A57e,Display 6.56 Inches. RAM 4 GB. Battery 5000 mAh. Back Camera 13 MP + 2 MP,https://images.priceoye.pk/oppo-a57e-pakistan-priceoye-epvsi-270x270.webp,Oppo A57e Oppo Mobile Phones Smartphones Display 6.56 Inches. RAM 4 GB. Battery 5000 mAh. Back Camera 13 MP + 2 MP,Oppo,5.0,Mobile Phones,Smartphones,107.14
P0649,"Apple Macbook Pro MTL83 M3 14.2"" 1TB SSD Space Gray 2023",Brand Apple. Series Macbook Pro. Screen Size 14.2''. Screen Resolution 3024 x 1964. Touchscreen No. Operating System Mac OS. Generation Apple M3 Generation. Processor Type M3. Processor Model Info n/a. Processor Speed Info n/a. Processor Turbo Info n/a. Processor Cache Info n/a. RAM 8GB. HDD Interface SSD. Hard Disk Capacity 1TB SSD. Graphics Intel Integrated Graphics. Graphics Detail Info n/a. Video Memory Shared. Optical Drive No Optical Drive. USB Ports 2 Ports Type-C. Numeric Pad No. HDMI Yes. Backlit Keyboard Yes. Warranty 1 Year Manufacturer. Shipping 24 - 48 hrs,https://www.shophive.com/media/catalog/product/cache/3875881abdd255ac261538b8462285e9/l/a/laptop_3_3.jpg,"Apple Macbook Pro MTL83 M3 14.2"" 1TB SSD Space Gray 2023 Apple Laptops MacBooks Brand Apple. Series Macbook Pro. Screen Size 14.2''. Screen Resolution 3024 x 1964. Touchscreen No. Operating System Mac OS. Generation Apple M3 Generation. Processor Type M3. Processor Model Info n/a. Processor Speed Info n/a. Processor Turbo Info n/a. Processor Cache Info n/a. RAM 8GB. HDD Interface SSD. Hard Disk Capacity 1TB SSD. Graphics Intel Integrated Graphics. Graphics Detail Info n/a. Video Memory Shared. Optical Drive No Optical Drive. USB Ports 2 Ports Type-C. Numeric Pad No. HDMI Yes. Backlit Keyboard Yes. Warranty 1 Year Manufacturer. Shipping 24 - 48 hrs",Apple,0.0,Laptops,MacBooks,2375.0
P0650,Samsung Galaxy A20,Display 6.4 inches. RAM 3GB. Battery 4000 mAh. Back Camera 13 MP,https://images.priceoye.pk/samsung-galaxy-a20-pakistan-priceoye-udsf3-270x270.webp,Samsung Galaxy A20 Samsung Mobile Phones Smartphones Display 6.4 inches. RAM 3GB. Battery 4000 mAh. Back Camera 13 MP,Samsung,3.5,Mobile Phones,Smartphones,101.78
P0651,Vivo NEX Dual Display,Display 6.39 inches. RAM 10 GB RAM. Battery 3500 mAh. Back Camera 12 MP,https://images.priceoye.pk/vivo-nex-dual-display-pakistan-priceoye-sdql2-270x270.webp,Vivo NEX Dual Display Vivo Mobile Phones Smartphones Display 6.39 inches. RAM 10 GB RAM. Battery 3500 mAh. Back Camera 12 MP,Vivo,2.9,Mobile Phones,Smartphones,378.57
P0652,Infinix S4,Display 6.2 inches. RAM 1GB OR 4GB OR 6GB. Battery 4000 mAh. Back Camera 13 MP,https://images.priceoye.pk/infinix-s4-pakistan-priceoye-zeeg8-270x270.webp,Infinix S4 Infinix Mobile Phones Smartphones Display 6.2 inches. RAM 1GB OR 4GB OR 6GB. Battery 4000 mAh. Back Camera 13 MP,Infinix,5.0,Mobile Phones,Smartphones,83.92
P0653,Oppo R17,Display 6.4 inches. RAM 8 GB RAM. Battery 3500 mAh. Back Camera 16 MP,https://images.priceoye.pk/oppo-r17-pakistan-priceoye-4j9m5-270x270.webp,Oppo R17 Oppo Mobile Phones Smartphones Display 6.4 inches. RAM 8 GB RAM. Battery 3500 mAh. Back Camera 16 MP,Oppo,3.5,Mobile Phones,Smartphones,285.71
P0654,Xiaomi Redmi 9,"Display 6.53 inches. RAM 3GB, 4GB. Battery 5020 mAh. Back Camera 13 MP + 8 MP + 5 MP + 2 MP",https://images.priceoye.pk/redmi-9-pakistan-priceoye-4ua6n-270x270.webp,"Xiaomi Redmi 9 Xiaomi Mobile Phones Smartphones Display 6.53 inches. RAM 3GB, 4GB. Battery 5020 mAh. Back Camera 13 MP + 8 MP + 5 MP + 2 MP",Xiaomi,4.5,Mobile Phones,Smartphones,78.92
P0655,Xiaomi Mi Note 11 Pro,Display 6.5 inches. RAM 8 GB. Battery 6000 mAh. Back Camera 60 MP + 32 MP + 13 MP + 8 MP + 5 MP,https://images.priceoye.pk/xiaomi-mi-note-11-pro-pakistan-priceoye-hgzze-270x270.webp,Xiaomi Mi Note 11 Pro Xiaomi Mobile Phones Smartphones Display 6.5 inches. RAM 8 GB. Battery 6000 mAh. Back Camera 60 MP + 32 MP + 13 MP + 8 MP + 5 MP,Xiaomi,5.0,Mobile Phones,Smartphones,357.14
P0656,Realme Note 60 4GB 64GB,"Brand Realme. Operating System Android. Screen Size 6.7"". Internal Memory 64GB. RAM 4GB. Main Camera Pixel 32. Dual Sim Yes. Water Resistant Yes. Expandable Memory Yes. Warranty 1 Year Manufacturer. Shipping Same Day From Lahore. Color Lavender",https://www.shophive.com/media/catalog/product/cache/3875881abdd255ac261538b8462285e9/i/m/image-removebg-preview_-_2024-10-25t181945.714_1.jpg,"Realme Note 60 4GB 64GB Realme Mobile Phones Smartphones Brand Realme. Operating System Android. Screen Size 6.7"". Internal Memory 64GB. RAM 4GB. Main Camera Pixel 32. Dual Sim Yes. Water Resistant Yes. Expandable Memory Yes. Warranty 1 Year Manufacturer. Shipping Same Day From Lahore. Color Lavender",Realme,0.0,Mobile Phones,Smartphones,87.5
P0657,Oppo R9s,Display 5.5 inches. RAM 4 GB RAM. Battery 3010 mAh. Back Camera 16 MP,https://images.priceoye.pk/oppo-r9s-pakistan-priceoye-270x270.webp,Oppo R9s Oppo Mobile Phones Smartphones Display 5.5 inches. RAM 4 GB RAM. Battery 3010 mAh. Back Camera 16 MP,Oppo,5.0,Mobile Phones,Smartphones,214.29
P0658,Amazfit GTS 2 Smart Watch,Brand Amazfit. Shipping 24 - 48 hrs,https://www.shophive.com/media/catalog/product/cache/3875881abdd255ac261538b8462285e9/n/e/newton-01-front-black_2048x2048.png,Amazfit GTS 2 Smart Watch Amazfit Smart Watches Smart Watches Brand Amazfit. Shipping 24 - 48 hrs,Amazfit,0.0,Smart Watches,Smart Watches,96.42
P0659,Oppo Reno 7 5G,Display 6.43 inches. RAM 8 GB. Battery 4500 mAh. Back Camera 64 MP + 8 MP + 2 MP,https://images.priceoye.pk/oppo-reno-7-5g-pakistan-priceoye-63l0a-270x270.webp,Oppo Reno 7 5G Oppo Mobile Phones Smartphones Display 6.43 inches. RAM 8 GB. Battery 4500 mAh. Back Camera 64 MP + 8 MP + 2 MP,Oppo,5.0,Mobile Phones,Smartphones,267.85
P0660,HP 15s FD0107TU Raptor Lake i7-1255U 8GB 512GB SSD,"Brand HP. Series Notebook. Screen Size 15.6"". Screen Resolution 1920 x 1080. Touchscreen No. Operating System Windows 11 Home. Generation Intel 13th Generation. Processor Type Intel Core i5. Processor Model Info n/a. Processor Speed 1.3 GHz. Processor Turbo 4.6 GHz (Up to). Processor Cache 12 MB. RAM 8GB. HDD Interface SSD. Hard Disk Capacity 512GB SSD. Graphics Intel Integrated Graphics. Graphics Detail Intel Iris XE Graphics. Video Memory Shared. Optical Drive No Optical Drive. USB Ports 2 ports. Numeric Pad Yes. HDMI Yes. Backlit Keyboard Yes. Warranty 1 Year Manufacturer. Shipping Same Day From Lahore",https://www.shophive.com/media/catalog/product/cache/3875881abdd255ac261538b8462285e9/i/m/image-removebg-preview---2023-08-23t135627.166.jpg,"HP 15s FD0107TU Raptor Lake i7-1255U 8GB 512GB SSD HP Laptops Laptops Brand HP. Series Notebook. Screen Size 15.6"". Screen Resolution 1920 x 1080. Touchscreen No. Operating System Windows 11 Home. Generation Intel 13th Generation. Processor Type Intel Core i5. Processor Model Info n/a. Processor Speed 1.3 GHz. Processor Turbo 4.6 GHz (Up to). Processor Cache 12 MB. RAM 8GB. HDD Interface SSD. Hard Disk Capacity 512GB SSD. Graphics Intel Integrated Graphics. Graphics Detail Intel Iris XE Graphics. Video Memory Shared. Optical Drive No Optical Drive. USB Ports 2 ports. Numeric Pad Yes. HDMI Yes. Backlit Keyboard Yes. Warranty 1 Year Manufacturer. Shipping Same Day From Lahore",HP,0.0,Laptops,Laptops,726.78
P0661,Xiaomi Redmi Note 14 Pro 12GB 512GB,"Brand Mi. Operating System Android. Screen Size 6.6"". Internal Memory 512GB. RAM 12GB. Main Camera Pixel 200. Dual Sim Yes. Water Resistant Yes. Expandable Memory Yes. Warranty 1 Year Manufacturer. Shipping 3 - 5 Days. Color Black",https://www.shophive.com/media/catalog/product/cache/3875881abdd255ac261538b8462285e9/r/e/redmi_1_3.jpg,"Xiaomi Redmi Note 14 Pro 12GB 512GB Xiaomi Mobile Phones Smartphones Brand Mi. Operating System Android. Screen Size 6.6"". Internal Memory 512GB. RAM 12GB. Main Camera Pixel 200. Dual Sim Yes. Water Resistant Yes. Expandable Memory Yes. Warranty 1 Year Manufacturer. Shipping 3 - 5 Days. Color Black",Xiaomi,0.0,Mobile Phones,Smartphones,321.43
P0662,Hp Victus 15 FA1033ne i7-13700H 16GB 1TB SSD,"Brand HP. Series victus. Screen Size 15.6"". Screen Resolution 1920 x 1080. Touchscreen No. Operating System DOS. Generation Intel 13th Generation. Processor Type Intel Core i7. Processor Model Info n/a. Processor Speed 2.4 GHz. Processor Turbo 5.0 GHz (Up to). Processor Cache 24 MB. RAM 16GB. HDD Interface SSD. Hard Disk Capacity 1TB SSD. Graphics Nvidia Graphics. Graphics Detail RTX3050 (Nvidia GeForce). Video Memory 6 GB. Optical Drive No Optical Drive. USB Ports 2 ports. Numeric Pad Yes. HDMI Yes. Backlit Keyboard Yes. Warranty 7 Day Replacement. Shipping 5 - 10 Days",https://www.shophive.com/media/catalog/product/cache/3875881abdd255ac261538b8462285e9/i/m/image-removebg-preview-_48__2_2.jpg,"Hp Victus 15 FA1033ne i7-13700H 16GB 1TB SSD HP Laptops Laptops Brand HP. Series victus. Screen Size 15.6"". Screen Resolution 1920 x 1080. Touchscreen No. Operating System DOS. Generation Intel 13th Generation. Processor Type Intel Core i7. Processor Model Info n/a. Processor Speed 2.4 GHz. Processor Turbo 5.0 GHz (Up to). Processor Cache 24 MB. RAM 16GB. HDD Interface SSD. Hard Disk Capacity 1TB SSD. Graphics Nvidia Graphics. Graphics Detail RTX3050 (Nvidia GeForce). Video Memory 6 GB. Optical Drive No Optical Drive. USB Ports 2 ports. Numeric Pad Yes. HDMI Yes. Backlit Keyboard Yes. Warranty 7 Day Replacement. Shipping 5 - 10 Days",HP,0.0,Laptops,Laptops,1387.5
P0663,Infinix Smart 9 HD 4GB 64GB,"Brand Infinix. Operating System Android. Screen Size 6.7"". Internal Memory 64GB. RAM 4GB. Main Camera Pixel 13.0. Dual Sim Yes. Water Resistant No. Expandable Memory Yes. Warranty 1 Year Manufacturer. Shipping 3 - 5 Days. Color Black",https://www.shophive.com/media/catalog/product/cache/3875881abdd255ac261538b8462285e9/i/m/image-removebg-preview_-_2025-02-06t132733.133.jpg,"Infinix Smart 9 HD 4GB 64GB Infinix Mobile Phones Smartphones Brand Infinix. Operating System Android. Screen Size 6.7"". Internal Memory 64GB. RAM 4GB. Main Camera Pixel 13.0. Dual Sim Yes. Water Resistant No. Expandable Memory Yes. Warranty 1 Year Manufacturer. Shipping 3 - 5 Days. Color Black",Infinix,0.0,Mobile Phones,Smartphones,80.71
P0664,Dell Alienware X17 R2 i7-12700H 32GB 1TB SSD Gaming Laptop,"Brand Dell. Series Alienware. Screen Size 17.3"". Screen Resolution 1920 x 1080. Touchscreen No. Operating System Windows 11 Home. Generation Intel 12Th Generation. Processor Type Intel Core i7. Processor Model i7-12700H. Processor Speed 3.5 GHz. Processor Turbo 4.7 GHz (Up to). Processor Cache 24 MB. RAM 32GB. HDD Interface SSD. Hard Disk Capacity 1TB SSD. Graphics Nvidia Graphics. Graphics Detail RTX3070Ti (Nvidia Geforce). Video Memory 8 GB. Optical Drive No Optical Drive. USB Ports 1 port. Numeric Pad No. HDMI Yes. Backlit Keyboard Yes. Warranty 7 Day Replacement. Shipping 5 - 10 Days",https://www.shophive.com/media/catalog/product/cache/3875881abdd255ac261538b8462285e9/i/m/image-removebg-preview---2023-07-11t175647.376.jpg,"Dell Alienware X17 R2 i7-12700H 32GB 1TB SSD Gaming Laptop Dell Laptops Gaming Laptops Brand Dell. Series Alienware. Screen Size 17.3"". Screen Resolution 1920 x 1080. Touchscreen No. Operating System Windows 11 Home. Generation Intel 12Th Generation. Processor Type Intel Core i7. Processor Model i7-12700H. Processor Speed 3.5 GHz. Processor Turbo 4.7 GHz (Up to). Processor Cache 24 MB. RAM 32GB. HDD Interface SSD. Hard Disk Capacity 1TB SSD. Graphics Nvidia Graphics. Graphics Detail RTX3070Ti (Nvidia Geforce). Video Memory 8 GB. Optical Drive No Optical Drive. USB Ports 1 port. Numeric Pad No. HDMI Yes. Backlit Keyboard Yes. Warranty 7 Day Replacement. Shipping 5 - 10 Days",Dell,0.0,Laptops,Gaming Laptops,3298.21
P0665,HP Pavilion 15 EH2033au 15.6 Inches AMD Ryzen 7 5825U Win 11 (16GB - 1TB),Display 15.6 Inches. Generation AMD. Processor AMD Ryzen™ 7 5825U. Internal Memory 1 TB,https://images.priceoye.pk/hp-pavilion-15-eh2033au-15-6-inches-amd-ryzen-7-5825u-win-11-16gb-1tb-pakistan-priceoye-v6uf7-270x270.webp,HP Pavilion 15 EH2033au 15.6 Inches AMD Ryzen 7 5825U Win 11 (16GB - 1TB) HP Laptops Laptops Display 15.6 Inches. Generation AMD. Processor AMD Ryzen™ 7 5825U. Internal Memory 1 TB,HP,5.0,Laptops,Laptops,721.42
P0666,Xiaomi Pad 7,"Display 11.2 inches. RAM 8GB. Type Wh. Back Camera 13 MP, f/2.2, (wide), 1/3.06",https://images.priceoye.pk/xiaomi-pad-7-with-pad-cover-pakistan-priceoye-ced9f-270x270.webp,"Xiaomi Pad 7 Xiaomi Tablets Android Tablets Display 11.2 inches. RAM 8GB. Type Wh. Back Camera 13 MP, f/2.2, (wide), 1/3.06",Xiaomi,5.0,Tablets,Android Tablets,428.57
P0667,Vivo Y91i,Display 6.22inches. RAM 2 GB RAM. Battery 4030 mAh. Back Camera 13 MP,https://images.priceoye.pk/vivo-y91i-pakistan-priceoye-uh3rf-270x270.webp,Vivo Y91i Vivo Mobile Phones Smartphones Display 6.22inches. RAM 2 GB RAM. Battery 4030 mAh. Back Camera 13 MP,Vivo,5.0,Mobile Phones,Smartphones,63.21
P0668,Infinix Hot S3,Display 5.7 inches. RAM 32GB 3GB RAM. Battery 4000 mAh. Back Camera 13 MP,https://images.priceoye.pk/infinix-hot-s3-pakistan-priceoye-270x270.webp,Infinix Hot S3 Infinix Mobile Phones Smartphones Display 5.7 inches. RAM 32GB 3GB RAM. Battery 4000 mAh. Back Camera 13 MP,Infinix,3.8,Mobile Phones,Smartphones,67.85
P0669,Oppo N1 mini,Display 5.0 inches. RAM 2 GB RAM. Battery 2140 mAh. Back Camera 13 MP,https://images.priceoye.pk/oppo-n1-mini-pakistan-priceoye-270x270.webp,Oppo N1 mini Oppo Mobile Phones Smartphones Display 5.0 inches. RAM 2 GB RAM. Battery 2140 mAh. Back Camera 13 MP,Oppo,4.7,Mobile Phones,Smartphones,140.35
P0670,Dell XPS 9300 13.4 Inches Core i7 (16GB RAM - 512GB SSD),Display 13.4 Inches. Generation 10th Generation. Processor Intel Core i7. Internal Memory 512GB SSD,https://images.priceoye.pk/dell-xps-9300-13-4-inches-core-i7-16gb-ram-512gb-ssd-pakistan-priceoye-3nmi0-270x270.webp,Dell XPS 9300 13.4 Inches Core i7 (16GB RAM - 512GB SSD) Dell Laptops Laptops Display 13.4 Inches. Generation 10th Generation. Processor Intel Core i7. Internal Memory 512GB SSD,Dell,5.0,Laptops,Laptops,1007.14
P0671,Samsung Ativ S,Display 4.8 inches. RAM 1 GB RAM. Battery 2300 mAh. Back Camera 8 MP,https://images.priceoye.pk/samsung-ativ-s-pakistan-priceoye-270x270.webp,Samsung Ativ S Samsung Mobile Phones Smartphones Display 4.8 inches. RAM 1 GB RAM. Battery 2300 mAh. Back Camera 8 MP,Samsung,5.0,Mobile Phones,Smartphones,71.43
P0672,Oppo Find N Flip,Display 7.1 Inches. RAM 8/12 GB. Battery 4500 mAh. Back Camera 50 MP,https://images.priceoye.pk/oppo-find-n-flip-pakistan-priceoye-no81h-270x270.webp,Oppo Find N Flip Oppo Mobile Phones Smartphones Display 7.1 Inches. RAM 8/12 GB. Battery 4500 mAh. Back Camera 50 MP,Oppo,5.0,Mobile Phones,Smartphones,696.42
P0673,Vivo iQOO U3x 5G,Display 6.4 inches. RAM 4/6/8 GB. Battery 5000 mAh. Back Camera 13MP + 2MP,https://images.priceoye.pk/vivo-iqoo-u3x-5g-pakistan-priceoye-rtfew-270x270.webp,Vivo iQOO U3x 5G Vivo Mobile Phones Smartphones Display 6.4 inches. RAM 4/6/8 GB. Battery 5000 mAh. Back Camera 13MP + 2MP,Vivo,5.0,Mobile Phones,Smartphones,114.28
P0674,Samsung Galaxy M30,Display 6.4 inches. RAM 3/4/6 GB. Battery 5000 mAh. Back Camera 13 MP + 5 MP + 5 MP,https://images.priceoye.pk/samsung-galaxy-m30-pakistan-priceoye-o26j3-270x270.webp,Samsung Galaxy M30 Samsung Mobile Phones Smartphones Display 6.4 inches. RAM 3/4/6 GB. Battery 5000 mAh. Back Camera 13 MP + 5 MP + 5 MP,Samsung,3.1,Mobile Phones,Smartphones,142.85
P0675,Vivo V11 Pro,Display 6.41 inches. RAM 6 GB. Battery 3400 mAh. Back Camera 12 MP,https://images.priceoye.pk/vivo-v11-v11-pro-pakistan-priceoye-kkhq6-270x270.webp,Vivo V11 Pro Vivo Mobile Phones Smartphones Display 6.41 inches. RAM 6 GB. Battery 3400 mAh. Back Camera 12 MP,Vivo,3.5,Mobile Phones,Smartphones,192.85
P0676,Asus Rog Strix G16 G614JV-N4071W i7-13650HX 8GB 1TB SSD,"Brand Asus. Series ROG. Screen Size 16"". Screen Resolution 2560 x 1600. Touchscreen No. Operating System Windows 11 Home. Generation Intel 13th Generation. Processor Type Intel Core i7. Processor Model Info n/a. Processor Speed 3.6 GHz. Processor Turbo 4.9 GHz (Up to). Processor Cache 24 MB. RAM 8GB. HDD Interface SSD. Hard Disk Capacity 1TB SSD. Graphics Nvidia Graphics. Graphics Detail RTX 4060 (Nvidia Geforce). Video Memory 8 GB. Optical Drive No Optical Drive. USB Ports 2 ports. Numeric Pad No. HDMI Yes. Backlit Keyboard Yes. Warranty 7 Day Replacement. Shipping 5 - 10 Days",https://www.shophive.com/media/catalog/product/cache/3875881abdd255ac261538b8462285e9/i/m/image-removebg-preview---2023-07-10t132824.553_1.jpg,"Asus Rog Strix G16 G614JV-N4071W i7-13650HX 8GB 1TB SSD Asus Laptops Gaming Laptops Brand Asus. Series ROG. Screen Size 16"". Screen Resolution 2560 x 1600. Touchscreen No. Operating System Windows 11 Home. Generation Intel 13th Generation. Processor Type Intel Core i7. Processor Model Info n/a. Processor Speed 3.6 GHz. Processor Turbo 4.9 GHz (Up to). Processor Cache 24 MB. RAM 8GB. HDD Interface SSD. Hard Disk Capacity 1TB SSD. Graphics Nvidia Graphics. Graphics Detail RTX 4060 (Nvidia Geforce). Video Memory 8 GB. Optical Drive No Optical Drive. USB Ports 2 ports. Numeric Pad No. HDMI Yes. Backlit Keyboard Yes. Warranty 7 Day Replacement. Shipping 5 - 10 Days",Asus,0.0,Laptops,Gaming Laptops,2247.85
P0677,vivo iQOO 8 Pro,Display 6.78 inches. RAM 8/12 GB. Battery 4500 mAh. Back Camera 50MP + 16MP + 48MP,https://images.priceoye.pk/vivo-iqoo-8-pro-pakistan-priceoye-alj6b-270x270.webp,vivo iQOO 8 Pro Vivo Mobile Phones Smartphones Display 6.78 inches. RAM 8/12 GB. Battery 4500 mAh. Back Camera 50MP + 16MP + 48MP,Vivo,5.0,Mobile Phones,Smartphones,504.84
P0678,Oppo A83 Pro,Display 5.7inches. RAM 4 GB RAM. Battery 3180 mAh. Back Camera 13 MP,https://images.priceoye.pk/oppo-a83-pro-pakistan-priceoye-az5gs-270x270.webp,Oppo A83 Pro Oppo Mobile Phones Smartphones Display 5.7inches. RAM 4 GB RAM. Battery 3180 mAh. Back Camera 13 MP,Oppo,5.0,Mobile Phones,Smartphones,92.85
P0679,Realme C61,Display 6.74 Inches. RAM 6GB RAM + 12GB DYNAMIC RAM. Battery 5000 mAh. Back Camera 50 MP,https://images.priceoye.pk/realme-c61-pakistan-priceoye-v5h3g-270x270.webp,Realme C61 Realme Mobile Phones Smartphones Display 6.74 Inches. RAM 6GB RAM + 12GB DYNAMIC RAM. Battery 5000 mAh. Back Camera 50 MP,Realme,4.9,Mobile Phones,Smartphones,104.64
P0680,Samsung Galaxy Note 2,Display 5.5 inches. RAM 2 GB RAM. Battery 3100 mAh. Back Camera 8 MP,https://images.priceoye.pk/samsung-galaxy-note-2-pakistan-priceoye-270x270.webp,Samsung Galaxy Note 2 Samsung Mobile Phones Smartphones Display 5.5 inches. RAM 2 GB RAM. Battery 3100 mAh. Back Camera 8 MP,Samsung,4.7,Mobile Phones,Smartphones,100.0
P0681,Oppo R9s Plus,Display 6.0 inches. RAM 6 GB RAM. Battery 4000 mAh. Back Camera 16 MP,https://images.priceoye.pk/oppo-r9s-plus-pakistan-priceoye-270x270.webp,Oppo R9s Plus Oppo Mobile Phones Smartphones Display 6.0 inches. RAM 6 GB RAM. Battery 4000 mAh. Back Camera 16 MP,Oppo,4.5,Mobile Phones,Smartphones,309.43
P0682,Apple iMac 2024 M4 chip 24 Inch 16GB 512GB SSD,Brand Apple. Operating System Mac OS. Hard Disk Capacity 512GB SSD. RAM 16GB. RAM Type Info not available. Processor Type M4. Processor Turbo Info n/a. Processor Speed Info n/a. Processor Cache Info n/a. Processor Model Info n/a. Graphics Info na. Graphics Detail Info n/a. Video Memory Shared. Optical Drive No Optical Drive. Warranty Manufacturer Warranty. Shipping Same Day From Lahore,https://www.shophive.com/media/catalog/product/cache/3875881abdd255ac261538b8462285e9/i/m/imac_10_2.jpg,Apple iMac 2024 M4 chip 24 Inch 16GB 512GB SSD Apple Laptops Laptops Brand Apple. Operating System Mac OS. Hard Disk Capacity 512GB SSD. RAM 16GB. RAM Type Info not available. Processor Type M4. Processor Turbo Info n/a. Processor Speed Info n/a. Processor Cache Info n/a. Processor Model Info n/a. Graphics Info na. Graphics Detail Info n/a. Video Memory Shared. Optical Drive No Optical Drive. Warranty Manufacturer Warranty. Shipping Same Day From Lahore,Apple,0.0,Laptops,Laptops,2482.14
P0683,Tecno F2,Display 5.0 inches. RAM 1 GB. Battery 2000 mAh. Back Camera 5 MP,https://images.priceoye.pk/tecno-f2-pakistan-priceoye-0g7t8-270x270.webp,Tecno F2 Tecno Mobile Phones Smartphones Display 5.0 inches. RAM 1 GB. Battery 2000 mAh. Back Camera 5 MP,Tecno,5.0,Mobile Phones,Smartphones,36.79
P0684,Apple AirPods 3rd generation (MME73AM),Brand Apple. Wireless Yes. Noise Cancelling Yes. Mic Yes. In-Ear Yes. Warranty Check at Delivery. Shipping Same Day From Lahore,https://www.shophive.com/media/catalog/product/cache/3875881abdd255ac261538b8462285e9/m/m/mme73.jpg,Apple AirPods 3rd generation (MME73AM) Apple Earbuds AirPods Brand Apple. Wireless Yes. Noise Cancelling Yes. Mic Yes. In-Ear Yes. Warranty Check at Delivery. Shipping Same Day From Lahore,Apple,0.0,Earbuds,AirPods,219.64
P0685,Samsung Galaxy M32,Display 6.4 inches. RAM 4/6 GB. Battery 6000 mAh. Back Camera 64 MP + 8 MP + 2 MP + 2 MP,https://images.priceoye.pk/samsung-galaxy-m32-pakistan-priceoye-h8uiy-270x270.webp,Samsung Galaxy M32 Samsung Mobile Phones Smartphones Display 6.4 inches. RAM 4/6 GB. Battery 6000 mAh. Back Camera 64 MP + 8 MP + 2 MP + 2 MP,Samsung,5.0,Mobile Phones,Smartphones,117.85
P0686,Dell Inspiron 15 3520 i3-1215U 8GB 256GB SSD,"Brand Dell. Series Inspiron. Screen Size 15.6"". Screen Resolution 1920 x 1080. Touchscreen No. Operating System Windows 11 Home. Generation Intel 12Th Generation. Processor Type Intel Core i3. Processor Model I3-1215U. Processor Speed 3.3 GHz. Processor Turbo 4.4 GHz (Up to). Processor Cache 10 MB. RAM 8GB. HDD Interface SSD. Hard Disk Capacity 256GB SSD. Graphics Intel Integrated Graphics. Graphics Detail Intel UHD Graphics. Video Memory Shared. Optical Drive No Optical Drive. USB Ports 3 ports. Numeric Pad Yes. HDMI Yes. Backlit Keyboard No. Warranty 7 Day Replacement. Shipping Same Day From Lahore",https://www.shophive.com/media/catalog/product/cache/3875881abdd255ac261538b8462285e9/d/e/dell_5_1.jpg,"Dell Inspiron 15 3520 i3-1215U 8GB 256GB SSD Dell Laptops Laptops Brand Dell. Series Inspiron. Screen Size 15.6"". Screen Resolution 1920 x 1080. Touchscreen No. Operating System Windows 11 Home. Generation Intel 12Th Generation. Processor Type Intel Core i3. Processor Model I3-1215U. Processor Speed 3.3 GHz. Processor Turbo 4.4 GHz (Up to). Processor Cache 10 MB. RAM 8GB. HDD Interface SSD. Hard Disk Capacity 256GB SSD. Graphics Intel Integrated Graphics. Graphics Detail Intel UHD Graphics. Video Memory Shared. Optical Drive No Optical Drive. USB Ports 3 ports. Numeric Pad Yes. HDMI Yes. Backlit Keyboard No. Warranty 7 Day Replacement. Shipping Same Day From Lahore",Dell,0.0,Laptops,Laptops,441.07
P0687,HP Pavilion EH1070WM 15.6 Inches AMD Ryzen 7(8GB RAM - 512GB SSD),Display 15.6 Inches. Generation AMD. Processor AMD Ryzen 7 5700U. Internal Memory 512GB SSD,https://images.priceoye.pk/hp-pavilion-eh1070wm-15-6-inches-amd-ryzen-7-8gb-ram-512gb-ssd-pakistan-priceoye-k800x-270x270.webp,HP Pavilion EH1070WM 15.6 Inches AMD Ryzen 7(8GB RAM - 512GB SSD) HP Laptops Laptops Display 15.6 Inches. Generation AMD. Processor AMD Ryzen 7 5700U. Internal Memory 512GB SSD,HP,5.0,Laptops,Laptops,500.0
P0688,Tecno Spark 30C 6GB 128GB,"Brand Tecno. Operating System Android. Screen Size 6.6"". Internal Memory 128GB. RAM 6GB. Main Camera Pixel 50.0. Dual Sim Yes. Water Resistant Yes. Expandable Memory Yes. Warranty 1 Year Manufacturer. Shipping Same Day From Lahore. Color Black",https://www.shophive.com/media/catalog/product/cache/3875881abdd255ac261538b8462285e9/i/m/image-removebg-preview_-_2025-04-04t151306.081.jpg,"Tecno Spark 30C 6GB 128GB Tecno Mobile Phones Smartphones Brand Tecno. Operating System Android. Screen Size 6.6"". Internal Memory 128GB. RAM 6GB. Main Camera Pixel 50.0. Dual Sim Yes. Water Resistant Yes. Expandable Memory Yes. Warranty 1 Year Manufacturer. Shipping Same Day From Lahore. Color Black",Tecno,0.0,Mobile Phones,Smartphones,117.85
P0689,Xiaomi Poco C65,Display 6.74 Inches. RAM 8GB. Battery 5000 mAh. Back Camera 50 MP,https://images.priceoye.pk/xiaomi-poco-c65-pakistan-priceoye-wajnr-270x270.webp,Xiaomi Poco C65 Xiaomi Mobile Phones Smartphones Display 6.74 Inches. RAM 8GB. Battery 5000 mAh. Back Camera 50 MP,Xiaomi,4.8,Mobile Phones,Smartphones,128.57
P0690,Dell Vostro 3520 i5-1235U 4GB 256GB SSD,"Brand Dell. Series Vostro. Screen Size 15.6"". Screen Resolution 1920 x 1080. Touchscreen No. Operating System DOS. Generation Intel 12Th Generation. Processor Type Intel Core i5. Processor Model i5-1235U. Processor Speed 3.3 GHz. Processor Turbo 4.4 GHz (Up to). Processor Cache 12 MB. RAM 4GB. HDD Interface SSD. Hard Disk Capacity 256GB SSD. Graphics Intel Integrated Graphics. Graphics Detail Intel HD Graphics. Video Memory Shared. Optical Drive No Optical Drive. USB Ports 3 ports. Numeric Pad Yes. HDMI Yes. Backlit Keyboard No. Warranty International Warranty. Shipping Same Day From Lahore",https://www.shophive.com/media/catalog/product/cache/3875881abdd255ac261538b8462285e9/d/e/dell_6_1.jpg,"Dell Vostro 3520 i5-1235U 4GB 256GB SSD Dell Laptops Laptops Brand Dell. Series Vostro. Screen Size 15.6"". Screen Resolution 1920 x 1080. Touchscreen No. Operating System DOS. Generation Intel 12Th Generation. Processor Type Intel Core i5. Processor Model i5-1235U. Processor Speed 3.3 GHz. Processor Turbo 4.4 GHz (Up to). Processor Cache 12 MB. RAM 4GB. HDD Interface SSD. Hard Disk Capacity 256GB SSD. Graphics Intel Integrated Graphics. Graphics Detail Intel HD Graphics. Video Memory Shared. Optical Drive No Optical Drive. USB Ports 3 ports. Numeric Pad Yes. HDMI Yes. Backlit Keyboard No. Warranty International Warranty. Shipping Same Day From Lahore",Dell,0.0,Laptops,Laptops,494.64
P0691,XP-Pen Deco Fun L Graphic Tablet – Classic Black,Brand Xp Pen. Warranty 7 Day Replacement. Shipping 24 - 48 hrs,https://www.shophive.com/media/catalog/product/cache/3875881abdd255ac261538b8462285e9/x/p/xp-pen-deco-fun-l-10-x-6.27-graphic-tablet-space-blue-529x400.jpg,XP-Pen Deco Fun L Graphic Tablet – Classic Black XP Pen Tablets Drawing Tablets Brand Xp Pen. Warranty 7 Day Replacement. Shipping 24 - 48 hrs,XP Pen,0.0,Tablets,Drawing Tablets,71.42
P0692,Realme Narzo 30A,Display 6.5 inches. RAM 3/4 GB. Battery 6000 mAh. Back Camera 13 MP + 2 MP + 2 MP,https://images.priceoye.pk/realme-narzo-30a-pakistan-priceoye-ld6qg-270x270.webp,Realme Narzo 30A Realme Mobile Phones Smartphones Display 6.5 inches. RAM 3/4 GB. Battery 6000 mAh. Back Camera 13 MP + 2 MP + 2 MP,Realme,5.0,Mobile Phones,Smartphones,78.57
P0693,Dell Latitude 5550 Intel Core Ultra 7 155U 8GB 512GB SSD 1y,"Brand Dell. Series Latitude. Screen Size 15.6"". Screen Resolution 1920 x 1080. Touchscreen No. Operating System DOS. Generation Info n/a. Processor Type Intel Core Ultra 7. Processor Model Info n/a. Processor Speed 1.7 GHz. Processor Turbo 4.8 GHz (Up to). Processor Cache 12 MB. RAM 8GB. HDD Interface SSD. Hard Disk Capacity 512GB SSD. Graphics Intel Integrated Graphics. Graphics Detail Info n/a. Video Memory Shared. Optical Drive No Optical Drive. USB Ports 2 ports. Numeric Pad No. HDMI Yes. Backlit Keyboard Yes. Warranty 1 Year Manufacturer. Shipping Same Day From Lahore",https://www.shophive.com/media/catalog/product/cache/3875881abdd255ac261538b8462285e9/l/a/laptop_103_1_1.jpg,"Dell Latitude 5550 Intel Core Ultra 7 155U 8GB 512GB SSD 1y Dell Laptops Business Laptops Brand Dell. Series Latitude. Screen Size 15.6"". Screen Resolution 1920 x 1080. Touchscreen No. Operating System DOS. Generation Info n/a. Processor Type Intel Core Ultra 7. Processor Model Info n/a. Processor Speed 1.7 GHz. Processor Turbo 4.8 GHz (Up to). Processor Cache 12 MB. RAM 8GB. HDD Interface SSD. Hard Disk Capacity 512GB SSD. Graphics Intel Integrated Graphics. Graphics Detail Info n/a. Video Memory Shared. Optical Drive No Optical Drive. USB Ports 2 ports. Numeric Pad No. HDMI Yes. Backlit Keyboard Yes. Warranty 1 Year Manufacturer. Shipping Same Day From Lahore",Dell,0.0,Laptops,Business Laptops,1300.0
P0694,Samsung Galaxy A8 (2018),Display 5.6 inches. RAM 4 GB RAM. Battery 3000 mAh. Back Camera 16 MP,https://images.priceoye.pk/samsung-galaxy-a8-2018-pakistan-priceoye.png,Samsung Galaxy A8 (2018) Samsung Mobile Phones Smartphones Display 5.6 inches. RAM 4 GB RAM. Battery 3000 mAh. Back Camera 16 MP,Samsung,4.3,Mobile Phones,Smartphones,139.28
P0695,Asus Zenbook S13 UX5304V-OLED17G i7-1355U 16GB 512GB SSD,"Brand Asus. Series ZenBook. Screen Size 13.3"". Screen Resolution 2880 x 1800. Touchscreen No. Operating System Windows 11 Home. Generation Intel 13th Generation. Processor Type Intel Core i7. Processor Model i7-1355U. Processor Speed 3.7 GHz. Processor Turbo 5.0 GHz (Up to). Processor Cache 12 MB. RAM 16GB. HDD Interface SSD. Hard Disk Capacity 512GB SSD. Graphics Intel Integrated Graphics. Graphics Detail Intel Iris XE Graphics. Video Memory Shared. Optical Drive No Optical Drive. USB Ports 1 port. Numeric Pad No. HDMI Yes. Backlit Keyboard Yes. Warranty 7 Day Replacement. Shipping 5 - 10 Days",https://www.shophive.com/media/catalog/product/cache/3875881abdd255ac261538b8462285e9/a/s/asus_53.jpg,"Asus Zenbook S13 UX5304V-OLED17G i7-1355U 16GB 512GB SSD Asus Laptops Laptops Brand Asus. Series ZenBook. Screen Size 13.3"". Screen Resolution 2880 x 1800. Touchscreen No. Operating System Windows 11 Home. Generation Intel 13th Generation. Processor Type Intel Core i7. Processor Model i7-1355U. Processor Speed 3.7 GHz. Processor Turbo 5.0 GHz (Up to). Processor Cache 12 MB. RAM 16GB. HDD Interface SSD. Hard Disk Capacity 512GB SSD. Graphics Intel Integrated Graphics. Graphics Detail Intel Iris XE Graphics. Video Memory Shared. Optical Drive No Optical Drive. USB Ports 1 port. Numeric Pad No. HDMI Yes. Backlit Keyboard Yes. Warranty 7 Day Replacement. Shipping 5 - 10 Days",Asus,0.0,Laptops,Laptops,1582.14
P0696,vivo Y30 Standard,Display 6.51 inches. RAM 8GB. Battery 5000 mAh. Back Camera 13 MP + 2 MP,https://images.priceoye.pk/vivo-y30-standard-pakistan-priceoye-0ztv9-270x270.webp,vivo Y30 Standard Vivo Mobile Phones Smartphones Display 6.51 inches. RAM 8GB. Battery 5000 mAh. Back Camera 13 MP + 2 MP,Vivo,5.0,Mobile Phones,Smartphones,107.14
P0697,Realme XT,"Display 6.4 inches. RAM 6GB, 8GB. Battery 4000 mAh. Back Camera 64 MP + 8 MP + 2 MP + 2 MP",https://images.priceoye.pk/realme-xt-pakistan-priceoye-o9ho8-270x270.webp,"Realme XT Realme Mobile Phones Smartphones Display 6.4 inches. RAM 6GB, 8GB. Battery 4000 mAh. Back Camera 64 MP + 8 MP + 2 MP + 2 MP",Realme,4.4,Mobile Phones,Smartphones,178.57
P0698,Xiaomi Mi 11 Ultra,Display 6.81 inches. RAM 8/12 GB. Battery 5000 mAh. Back Camera 50 MP + 48 MP + 48 MP,https://images.priceoye.pk/xiaomi-mi-11-ultra-pakistan-priceoye-723yu-270x270.webp,Xiaomi Mi 11 Ultra Xiaomi Mobile Phones Smartphones Display 6.81 inches. RAM 8/12 GB. Battery 5000 mAh. Back Camera 50 MP + 48 MP + 48 MP,Xiaomi,5.0,Mobile Phones,Smartphones,607.14
P0699,Xiaomi POCO X5 Pro 5G 8GB 256GB,"Brand Mi. Operating System Android. Screen Size 6.7"". Internal Memory 256GB. RAM 8GB. Main Camera Pixel 108. Dual Sim Yes. Water Resistant No. Expandable Memory No. Warranty 1 Year Manufacturer. Shipping On Order. Color Black",https://www.shophive.com/media/catalog/product/cache/3875881abdd255ac261538b8462285e9/u/n/untitled_design_25__1.jpg,"Xiaomi POCO X5 Pro 5G 8GB 256GB Xiaomi Mobile Phones Smartphones Brand Mi. Operating System Android. Screen Size 6.7"". Internal Memory 256GB. RAM 8GB. Main Camera Pixel 108. Dual Sim Yes. Water Resistant No. Expandable Memory No. Warranty 1 Year Manufacturer. Shipping On Order. Color Black",Xiaomi,0.0,Mobile Phones,Smartphones,392.85
P0700,HP ZBook 9750H 15.6 Inches Core i7 (16GB RAM - 512GB SSD),Display 15.6 Inches. Generation 9th Generation. Processor Intel Core i7. Internal Memory 512GB SSD,https://images.priceoye.pk/hp-zbook-9750h-15-6-inches-core-i7-16gb-ram-512gb-ssd-pakistan-priceoye-t389c-270x270.webp,HP ZBook 9750H 15.6 Inches Core i7 (16GB RAM - 512GB SSD) HP Laptops Laptops Display 15.6 Inches. Generation 9th Generation. Processor Intel Core i7. Internal Memory 512GB SSD,HP,5.0,Laptops,Laptops,785.71
P0701,"Apple Macbook Air 2024 M3 15.3"" 16GB 512GB SSD Starlight MXD33","Brand Apple. Series Macbook Air. Screen Size 15.3"". Screen Resolution Info n/a. Touchscreen No. Operating System Mac OS. Generation Apple M3 Generation. Processor Type M3. Processor Model Info n/a. Processor Speed Info n/a. Processor Turbo Info n/a. Processor Cache Info n/a. RAM 16GB. HDD Interface SSD. Hard Disk Capacity 512GB SSD. Graphics Info na. Graphics Detail Info n/a. Video Memory Shared. Optical Drive No Optical Drive. USB Ports 2 Ports Type-C. Numeric Pad No. HDMI No. Backlit Keyboard Yes. Warranty Manufacturer Warranty. Shipping Same Day From Lahore",https://www.shophive.com/media/catalog/product/cache/3875881abdd255ac261538b8462285e9/m/a/macbook_6_7.jpg,"Apple Macbook Air 2024 M3 15.3"" 16GB 512GB SSD Starlight MXD33 Apple Laptops MacBooks Brand Apple. Series Macbook Air. Screen Size 15.3"". Screen Resolution Info n/a. Touchscreen No. Operating System Mac OS. Generation Apple M3 Generation. Processor Type M3. Processor Model Info n/a. Processor Speed Info n/a. Processor Turbo Info n/a. Processor Cache Info n/a. RAM 16GB. HDD Interface SSD. Hard Disk Capacity 512GB SSD. Graphics Info na. Graphics Detail Info n/a. Video Memory Shared. Optical Drive No Optical Drive. USB Ports 2 Ports Type-C. Numeric Pad No. HDMI No. Backlit Keyboard Yes. Warranty Manufacturer Warranty. Shipping Same Day From Lahore",Apple,0.0,Laptops,MacBooks,1642.85
P0702,Oppo Find X3 Lite,Display 6.43 inches. RAM 8 GB. Battery 4300 mAh. Back Camera 64 MP + 8 MP + 2 MP + 2 MP,https://images.priceoye.pk/oppo-find-x3-lite-pakistan-priceoye-j9qyp-270x270.webp,Oppo Find X3 Lite Oppo Mobile Phones Smartphones Display 6.43 inches. RAM 8 GB. Battery 4300 mAh. Back Camera 64 MP + 8 MP + 2 MP + 2 MP,Oppo,5.0,Mobile Phones,Smartphones,250.0
P0703,Samsung Galaxy M42,Display 6.6 inches. RAM 6/8 GB. Battery 5000 mAh. Back Camera 48 MP + 8 MP + 5 MP + 5 MP,https://images.priceoye.pk/samsung-galaxy-m42-5g-pakistan-priceoye-3tar3-270x270.webp,Samsung Galaxy M42 Samsung Mobile Phones Smartphones Display 6.6 inches. RAM 6/8 GB. Battery 5000 mAh. Back Camera 48 MP + 8 MP + 5 MP + 5 MP,Samsung,5.0,Mobile Phones,Smartphones,137.5
P0704,Samsung Galaxy A15,Display 6.5 Inches. RAM 6/ 8 GB. Battery 5000 mAh. Back Camera 50 MP + 5 MP + 2 MP,https://images.priceoye.pk/samsung-galaxy-a15-pakistan-priceoye-eaiki-270x270.webp,Samsung Galaxy A15 Samsung Mobile Phones Smartphones Display 6.5 Inches. RAM 6/ 8 GB. Battery 5000 mAh. Back Camera 50 MP + 5 MP + 2 MP,Samsung,4.9,Mobile Phones,Smartphones,139.28
P0705,Xiaomi Black Shark,Display 5.99 inches. RAM 8 GB RAM OR 64 GB 6 GB RAM. Battery 4000 mAh. Back Camera 12 MP,https://images.priceoye.pk/xiaomi-black-shark-pakistan-priceoye-f0w1m-270x270.webp,Xiaomi Black Shark Xiaomi Mobile Phones Smartphones Display 5.99 inches. RAM 8 GB RAM OR 64 GB 6 GB RAM. Battery 4000 mAh. Back Camera 12 MP,Xiaomi,4.3,Mobile Phones,Smartphones,253.57
P0706,Vivo X15 pro,Display 6.39 inches. RAM 128GB 8GB RAM. Battery 3700 mAh. Back Camera 16 MP,https://images.priceoye.pk/vivo-x15-pro-pakistan-priceoye-tr3yk-270x270.webp,Vivo X15 pro Vivo Mobile Phones Smartphones Display 6.39 inches. RAM 128GB 8GB RAM. Battery 3700 mAh. Back Camera 16 MP,Vivo,5.0,Mobile Phones,Smartphones,99.29
P0707,Oppo Reno Z,Display 6.4 inches. RAM 6 GB RAM. Battery 3950 mAh. Back Camera 48 MP,https://images.priceoye.pk/oppo-reno-z-pakistan-priceoye-mbw7z-270x270.webp,Oppo Reno Z Oppo Mobile Phones Smartphones Display 6.4 inches. RAM 6 GB RAM. Battery 3950 mAh. Back Camera 48 MP,Oppo,5.0,Mobile Phones,Smartphones,214.28
P0708,Realme 8s 5G,Display 6.5 inches. RAM 6/8 GB. Battery 5000 mAh. Back Camera 64 MP + 8 MP + 2 MP,https://images.priceoye.pk/realme-8s-pakistan-priceoye-s45a7-270x270.webp,Realme 8s 5G Realme Mobile Phones Smartphones Display 6.5 inches. RAM 6/8 GB. Battery 5000 mAh. Back Camera 64 MP + 8 MP + 2 MP,Realme,5.0,Mobile Phones,Smartphones,125.0
P0709,Tecno Camon i Sky 2,Display 5.5 inches. RAM 2 GB RAM. Battery 3050 mAh. Back Camera 13 MP,https://images.priceoye.pk/tecno-camon-i-sky-2-pakistan-priceoye-ep94o-270x270.webp,Tecno Camon i Sky 2 Tecno Mobile Phones Smartphones Display 5.5 inches. RAM 2 GB RAM. Battery 3050 mAh. Back Camera 13 MP,Tecno,4.3,Mobile Phones,Smartphones,57.14
P0710,Realme Q3i,Display 6.5 inches. RAM 4/6 GB. Battery 5000 mAh. Back Camera 48 MP + 2 MP + 2 MP,https://images.priceoye.pk/realme-q3i-pakistan-priceoye-gmn9k-270x270.webp,Realme Q3i Realme Mobile Phones Smartphones Display 6.5 inches. RAM 4/6 GB. Battery 5000 mAh. Back Camera 48 MP + 2 MP + 2 MP,Realme,5.0,Mobile Phones,Smartphones,85.71
P0711,vivo iQOO 10 Pro,Display 6.78 inches. RAM 8/12GB. Battery 4700 mAh. Back Camera 50 MP + 14.6 MP + 50 MP,https://images.priceoye.pk/vivo-iqoo-10-pro-pakistan-priceoye-xdn7m-270x270.webp,vivo iQOO 10 Pro Vivo Mobile Phones Smartphones Display 6.78 inches. RAM 8/12GB. Battery 4700 mAh. Back Camera 50 MP + 14.6 MP + 50 MP,Vivo,5.0,Mobile Phones,Smartphones,607.14
P0712,Infinix Note 11S,Display 6.95 Inch. RAM 4/6/8 GB. Battery 5000 mAh. Back Camera 50 MP + 2 MP + 2 MP,https://images.priceoye.pk/infinix-note-11s-pakistan-priceoye-hgyrm-270x270.webp,Infinix Note 11S Infinix Mobile Phones Smartphones Display 6.95 Inch. RAM 4/6/8 GB. Battery 5000 mAh. Back Camera 50 MP + 2 MP + 2 MP,Infinix,5.0,Mobile Phones,Smartphones,142.86
P0713,Oppo Reno 5K,Display 6.43 inches. RAM 8/12 GB. Battery 4300 mAh. Back Camera 64 MP + 8 MP + 2 MP + 2 MP,https://images.priceoye.pk/oppo-reno-5k-pakistan-priceoye-rdu7n-270x270.webp,Oppo Reno 5K Oppo Mobile Phones Smartphones Display 6.43 inches. RAM 8/12 GB. Battery 4300 mAh. Back Camera 64 MP + 8 MP + 2 MP + 2 MP,Oppo,5.0,Mobile Phones,Smartphones,257.14
P0714,HP ProBook 450 G10 i7-1355U 8GB 512GB SSD,"Brand HP. Series ProBook. Screen Size 15.6"". Screen Resolution 1920 x 1080. Touchscreen No. Operating System DOS. Generation Intel 13th Generation. Processor Type Intel Core i7. Processor Model i7-1355U. Processor Speed 3.7 GHz. Processor Turbo 5.0 GHz (Up to). Processor Cache 12 MB. RAM 8GB. HDD Interface SSD. Hard Disk Capacity 512GB. Graphics Intel Integrated Graphics. Graphics Detail Intel UHD Graphics. Video Memory Shared. Optical Drive No Optical Drive. USB Ports 4 ports. Numeric Pad Yes. HDMI Yes. Backlit Keyboard Yes. Warranty 7 Day Replacement. Shipping Coming Soon",https://www.shophive.com/media/catalog/product/cache/3875881abdd255ac261538b8462285e9/p/r/pro3_2.jpg,"HP ProBook 450 G10 i7-1355U 8GB 512GB SSD HP Laptops Business Laptops Brand HP. Series ProBook. Screen Size 15.6"". Screen Resolution 1920 x 1080. Touchscreen No. Operating System DOS. Generation Intel 13th Generation. Processor Type Intel Core i7. Processor Model i7-1355U. Processor Speed 3.7 GHz. Processor Turbo 5.0 GHz (Up to). Processor Cache 12 MB. RAM 8GB. HDD Interface SSD. Hard Disk Capacity 512GB. Graphics Intel Integrated Graphics. Graphics Detail Intel UHD Graphics. Video Memory Shared. Optical Drive No Optical Drive. USB Ports 4 ports. Numeric Pad Yes. HDMI Yes. Backlit Keyboard Yes. Warranty 7 Day Replacement. Shipping Coming Soon",HP,0.0,Laptops,Business Laptops,905.35
P0715,Xiaomi 11i HyperCharge,Display 6.67 inches. RAM 8 GB. Battery 4500 mAh. Back Camera null,https://images.priceoye.pk/xiaomi-11i-hypercharge-pakistan-priceoye-yq7rh-270x270.webp,Xiaomi 11i HyperCharge Xiaomi Mobile Phones Smartphones Display 6.67 inches. RAM 8 GB. Battery 4500 mAh. Back Camera null,Xiaomi,5.0,Mobile Phones,Smartphones,500.0
P0716,Samsung Galaxy Grand Prime Pro,Display 5.0 inches. RAM 1.5 GB RAM OR 2 GB RAM (INDIA ONLY). Battery 2600 mAh. Back Camera 8 MP,https://images.priceoye.pk/samsung-galaxy-grand-prime-pro-pakistan-priceoye-k67yj-270x270.webp,Samsung Galaxy Grand Prime Pro Samsung Mobile Phones Smartphones Display 5.0 inches. RAM 1.5 GB RAM OR 2 GB RAM (INDIA ONLY). Battery 2600 mAh. Back Camera 8 MP,Samsung,4.3,Mobile Phones,Smartphones,60.71
P0717,MSi Titan GT77HX 13VH i9-13980HX 64GB 2TB SSD Gaming Laptop,"Brand MSI. Series Titan. Screen Size 17.3"". Screen Resolution 3840 x 2160. Touchscreen No. Operating System Windows 11 Home. Generation Intel 13th Generation. Processor Type Intel Core i9. Processor Model Info n/a. Processor Speed 4.0 GHz. Processor Turbo 5.0 GHz (Up to). Processor Cache 38 MB. RAM 64GB. HDD Interface SSD. Hard Disk Capacity 2TB SSD. Graphics Nvidia Graphics. Graphics Detail Info n/a. Video Memory 12 GB. Optical Drive No Optical Drive. USB Ports 3 ports. Numeric Pad Yes. HDMI Yes. Backlit Keyboard Yes. Warranty 7 Day Replacement. Shipping 5 - 10 Days",https://www.shophive.com/media/catalog/product/cache/3875881abdd255ac261538b8462285e9/i/m/image-removebg-preview---2023-05-10t183617.302.jpg,"MSi Titan GT77HX 13VH i9-13980HX 64GB 2TB SSD Gaming Laptop MSI Laptops Gaming Laptops Brand MSI. Series Titan. Screen Size 17.3"". Screen Resolution 3840 x 2160. Touchscreen No. Operating System Windows 11 Home. Generation Intel 13th Generation. Processor Type Intel Core i9. Processor Model Info n/a. Processor Speed 4.0 GHz. Processor Turbo 5.0 GHz (Up to). Processor Cache 38 MB. RAM 64GB. HDD Interface SSD. Hard Disk Capacity 2TB SSD. Graphics Nvidia Graphics. Graphics Detail Info n/a. Video Memory 12 GB. Optical Drive No Optical Drive. USB Ports 3 ports. Numeric Pad Yes. HDMI Yes. Backlit Keyboard Yes. Warranty 7 Day Replacement. Shipping 5 - 10 Days",MSI,0.0,Laptops,Gaming Laptops,5076.43
P0718,Vivo V17 Pro,Display 6.44 inches. RAM 8GB. Battery 4100 mAh. Back Camera 48 MP + 8 MP + 13 MP + 2 MP,https://images.priceoye.pk/vivo-v17-pro-pakistan-priceoye-2gs3q-270x270.webp,Vivo V17 Pro Vivo Mobile Phones Smartphones Display 6.44 inches. RAM 8GB. Battery 4100 mAh. Back Camera 48 MP + 8 MP + 13 MP + 2 MP,Vivo,5.0,Mobile Phones,Smartphones,226.43
P0719,Samsung Tab A8 X200 4GB 64GB (Wi-Fi),"Brand Samsung. Operating System Android. RAM 4GB. Screen Size 10.5"". Warranty Check at Delivery. Internal Memory 64GB. Expandable Memory Yes. Phone Option No. Shipping 24 - 48 hrs",https://www.shophive.com/media/catalog/product/cache/3875881abdd255ac261538b8462285e9/i/m/image-removebg-preview_-_2022-03-05t114806.965_1.png,"Samsung Tab A8 X200 4GB 64GB (Wi-Fi) Samsung Tablets Android Tablets Brand Samsung. Operating System Android. RAM 4GB. Screen Size 10.5"". Warranty Check at Delivery. Internal Memory 64GB. Expandable Memory Yes. Phone Option No. Shipping 24 - 48 hrs",Samsung,0.0,Tablets,Android Tablets,250.0
P0720,Dell XPS 15 9510 15.6 inches 11 gen Core i9-11900H NVIDIA GEFORCE RTX3050 Ti 4GB GDDR6 (32gb-1tb),Display 15.6-inch. Generation 11 gen. Processor Intel Core i9-11900H. Internal Memory 1TB,https://images.priceoye.pk/dell-xps-15-9510-15-6-inches-11-gen-core-i7-11900h-nvidia-geforce-rtx3050-ti-4gb-gddr6-32gb-1tb-pakistan-priceoye-ke6v8-270x270.webp,Dell XPS 15 9510 15.6 inches 11 gen Core i9-11900H NVIDIA GEFORCE RTX3050 Ti 4GB GDDR6 (32gb-1tb) Dell Laptops Laptops Display 15.6-inch. Generation 11 gen. Processor Intel Core i9-11900H. Internal Memory 1TB,Dell,5.0,Laptops,Laptops,2257.14
P0721,"Apple Macbook Air 2022 M2 13.6"" 16GB 256GB Space Gray","Brand Apple. Series Macbook Air. Screen Size 13.6"". Screen Resolution 2560 x 1664. Touchscreen No. Operating System Mac OS. Generation Apple M2 Generation. Processor Type M2. Processor Model Info n/a. Processor Speed Info n/a. Processor Turbo Info n/a. Processor Cache Info n/a. RAM 16GB. HDD Interface SSD. Hard Disk Capacity 256GB. Graphics Info na. Graphics Detail Info n/a. Video Memory Shared. Optical Drive No Optical Drive. USB Ports 2 Ports Type-C. Numeric Pad No. HDMI No. Backlit Keyboard Yes. Warranty 1 Year Manufacturer. Shipping Same Day From Lahore",https://www.shophive.com/media/catalog/product/cache/3875881abdd255ac261538b8462285e9/i/m/image-removebg-preview-_13__2_2.jpg,"Apple Macbook Air 2022 M2 13.6"" 16GB 256GB Space Gray Apple Laptops MacBooks Brand Apple. Series Macbook Air. Screen Size 13.6"". Screen Resolution 2560 x 1664. Touchscreen No. Operating System Mac OS. Generation Apple M2 Generation. Processor Type M2. Processor Model Info n/a. Processor Speed Info n/a. Processor Turbo Info n/a. Processor Cache Info n/a. RAM 16GB. HDD Interface SSD. Hard Disk Capacity 256GB. Graphics Info na. Graphics Detail Info n/a. Video Memory Shared. Optical Drive No Optical Drive. USB Ports 2 Ports Type-C. Numeric Pad No. HDMI No. Backlit Keyboard Yes. Warranty 1 Year Manufacturer. Shipping Same Day From Lahore",Apple,0.0,Laptops,MacBooks,1017.85
P0722,Infinix Smart 8 Plus,Display 6.6 Inches. RAM 4GB RAM. Battery 6000 mAh. Back Camera 50 MP Dual Camera,https://images.priceoye.pk/infinix-smart-8-plus-pakistan-priceoye-cvlpj-270x270.webp,Infinix Smart 8 Plus Infinix Mobile Phones Smartphones Display 6.6 Inches. RAM 4GB RAM. Battery 6000 mAh. Back Camera 50 MP Dual Camera,Infinix,4.9,Mobile Phones,Smartphones,83.21
P0723,Apple MacBook Pro 2022 M2 13.3 512GB MNEJ3 Space Gray,"Brand Apple. Series Macbook Pro. Screen Size 13.3"". Screen Resolution 2560 x 1600. Touchscreen No. Operating System Mac OS. Generation Apple M2 Generation. Processor Type M2. Processor Model Info n/a. Processor Speed Info n/a. Processor Turbo Info n/a. Processor Cache Info n/a. RAM 8GB. HDD Interface SSD. Hard Disk Capacity 512GB SSD. Graphics Info na. Graphics Detail Info n/a. Video Memory Shared. Optical Drive No Optical Drive. USB Ports 2 ports. Numeric Pad No. HDMI No. Backlit Keyboard Yes. Warranty 1 Year Manufacturer. Shipping On Order",https://www.shophive.com/media/catalog/product/cache/3875881abdd255ac261538b8462285e9/i/m/image-removebg-preview---2022-08-18t181609.373_1_1.jpg,"Apple MacBook Pro 2022 M2 13.3 512GB MNEJ3 Space Gray Apple Laptops MacBooks Brand Apple. Series Macbook Pro. Screen Size 13.3"". Screen Resolution 2560 x 1600. Touchscreen No. Operating System Mac OS. Generation Apple M2 Generation. Processor Type M2. Processor Model Info n/a. Processor Speed Info n/a. Processor Turbo Info n/a. Processor Cache Info n/a. RAM 8GB. HDD Interface SSD. Hard Disk Capacity 512GB SSD. Graphics Info na. Graphics Detail Info n/a. Video Memory Shared. Optical Drive No Optical Drive. USB Ports 2 ports. Numeric Pad No. HDMI No. Backlit Keyboard Yes. Warranty 1 Year Manufacturer. Shipping On Order",Apple,0.0,Laptops,MacBooks,1571.42
P0724,Itel Power 450,Display 6.1cm(2.4). RAM STANDARD. Battery 2500 mAh. Back Camera Digital Camera,https://images.priceoye.pk/itel-power-450-pakistan-priceoye-59ka7-270x270.webp,Itel Power 450 Itel Mobile Phones Smartphones Display 6.1cm(2.4). RAM STANDARD. Battery 2500 mAh. Back Camera Digital Camera,Itel,5.0,Mobile Phones,Smartphones,13.93
P0725,Samsung Galaxy A31,Display 6.4 inches. RAM 4 GB RAM. Battery 5000 mAh. Back Camera 48 MP + 8 MP + 5 MP + 5 MP,https://images.priceoye.pk/samsung-galaxy-a31-pakistan-priceoye-9ejev-270x270.webp,Samsung Galaxy A31 Samsung Mobile Phones Smartphones Display 6.4 inches. RAM 4 GB RAM. Battery 5000 mAh. Back Camera 48 MP + 8 MP + 5 MP + 5 MP,Samsung,4.3,Mobile Phones,Smartphones,122.5
P0726,Samsung Galaxy Z Fold 3 5G,Display 7.6 inches. RAM 12 GB. Battery 4400 mAh. Back Camera 12 MP + 12 MP + 12 MP,https://images.priceoye.pk/samsung-galaxy-z-fold-3-pakistan-priceoye-zmnjq-270x270.webp,Samsung Galaxy Z Fold 3 5G Samsung Mobile Phones Smartphones Display 7.6 inches. RAM 12 GB. Battery 4400 mAh. Back Camera 12 MP + 12 MP + 12 MP,Samsung,4.5,Mobile Phones,Smartphones,1092.85
P0727,Vivo Y70t,Display 6.53 inches. RAM 8/6 GB. Battery 4500 mAh. Back Camera Yes,https://images.priceoye.pk/vivo-y70t-pakistan-priceoye-166m8-270x270.webp,Vivo Y70t Vivo Mobile Phones Smartphones Display 6.53 inches. RAM 8/6 GB. Battery 4500 mAh. Back Camera Yes,Vivo,5.0,Mobile Phones,Smartphones,128.57
P0728,Infinix Zero 5,Display 5.98 inches. RAM 6GB. Battery 4350 mAh. Back Camera 12 MP,https://images.priceoye.pk/infinix-zero-5-pakistan-priceoye-wfgsy-270x270.webp,Infinix Zero 5 Infinix Mobile Phones Smartphones Display 5.98 inches. RAM 6GB. Battery 4350 mAh. Back Camera 12 MP,Infinix,3.0,Mobile Phones,Smartphones,89.28
P0729,Lenovo LOQ 15IRH8 i7-13620H 8GB 512GB SSD Gaming Laptop,"Brand Lenovo. Series Gaming. Screen Size 15.6"". Screen Resolution 1920 x 1080. Touchscreen No. Operating System Windows 11 Home. Generation Intel 13th Generation. Processor Type Intel Core i7. Processor Model Info n/a. Processor Speed 3.6 GHz. Processor Turbo 4.9 GHz (Up to). Processor Cache 24 MB. RAM 8GB. HDD Interface SSD. Hard Disk Capacity 512GB SSD. Graphics Nvidia Graphics. Graphics Detail Info n/a. Video Memory 6 GB. Optical Drive No Optical Drive. USB Ports 3 ports. Numeric Pad Yes. HDMI Yes. Backlit Keyboard Yes. Warranty 7 Day Replacement. Shipping Same Day From Lahore",https://www.shophive.com/media/catalog/product/cache/3875881abdd255ac261538b8462285e9/l/e/lenovo_13_1_3.jpg,"Lenovo LOQ 15IRH8 i7-13620H 8GB 512GB SSD Gaming Laptop Lenovo Laptops Gaming Laptops Brand Lenovo. Series Gaming. Screen Size 15.6"". Screen Resolution 1920 x 1080. Touchscreen No. Operating System Windows 11 Home. Generation Intel 13th Generation. Processor Type Intel Core i7. Processor Model Info n/a. Processor Speed 3.6 GHz. Processor Turbo 4.9 GHz (Up to). Processor Cache 24 MB. RAM 8GB. HDD Interface SSD. Hard Disk Capacity 512GB SSD. Graphics Nvidia Graphics. Graphics Detail Info n/a. Video Memory 6 GB. Optical Drive No Optical Drive. USB Ports 3 ports. Numeric Pad Yes. HDMI Yes. Backlit Keyboard Yes. Warranty 7 Day Replacement. Shipping Same Day From Lahore",Lenovo,0.0,Laptops,Gaming Laptops,1298.21
P0730,MSi Thin GF63 12VE i7-12650H 16GB 512GB SSD Gaming Laptop,"Brand MSI. Series Gaming. Screen Size 15.6"". Screen Resolution 1920 x 1080. Touchscreen No. Operating System Windows 11 Home. Generation Intel 12Th Generation. Processor Type Intel Core i7. Processor Model i7-12650H. Processor Speed 3.5 GHz. Processor Turbo 4.7 GHz (Up to). Processor Cache 24 MB. RAM 16GB. HDD Interface SSD. Hard Disk Capacity 512GB SSD. Graphics Nvidia Graphics. Graphics Detail Info n/a. Video Memory 6GB Nvidia Graphics. Optical Drive No Optical Drive. USB Ports 2 ports. Numeric Pad No. HDMI Yes. Backlit Keyboard Yes. Warranty 7 Day Replacement. Shipping 5 - 10 Days",https://www.shophive.com/media/catalog/product/cache/3875881abdd255ac261538b8462285e9/i/m/image-removebg-preview---2023-04-17t153441.301.jpg,"MSi Thin GF63 12VE i7-12650H 16GB 512GB SSD Gaming Laptop MSI Laptops Gaming Laptops Brand MSI. Series Gaming. Screen Size 15.6"". Screen Resolution 1920 x 1080. Touchscreen No. Operating System Windows 11 Home. Generation Intel 12Th Generation. Processor Type Intel Core i7. Processor Model i7-12650H. Processor Speed 3.5 GHz. Processor Turbo 4.7 GHz (Up to). Processor Cache 24 MB. RAM 16GB. HDD Interface SSD. Hard Disk Capacity 512GB SSD. Graphics Nvidia Graphics. Graphics Detail Info n/a. Video Memory 6GB Nvidia Graphics. Optical Drive No Optical Drive. USB Ports 2 ports. Numeric Pad No. HDMI Yes. Backlit Keyboard Yes. Warranty 7 Day Replacement. Shipping 5 - 10 Days",MSI,0.0,Laptops,Gaming Laptops,1440.71
P0731,Apple MacBook Pro 14.2” MTL83 (8GB-1TB),Display 14.2”. Generation M3. Processor M3 Chip. Internal Memory 1TB SSD,https://images.priceoye.pk/apple-macbook-pro-14-2-mtl83-pakistan-priceoye-yf53y-270x270.webp,Apple MacBook Pro 14.2” MTL83 (8GB-1TB) Apple Laptops MacBooks Display 14.2”. Generation M3. Processor M3 Chip. Internal Memory 1TB SSD,Apple,5.0,Laptops,MacBooks,1767.85
P0732,Apple MacBook Pro MRW33 M3 Max 16 Inch 1TB Space Black 2023,Brand Apple. Series Macbook Pro. Screen Size 16.2''. Screen Resolution 3456 x 2234. Touchscreen No. Operating System Mac OS. Generation Apple M3 Generation. Processor Type M3 Max. Processor Model Info n/a. Processor Speed Info n/a. Processor Turbo Info n/a. Processor Cache Info n/a. RAM 36GB. HDD Interface SSD. Hard Disk Capacity 1TB SSD. Graphics Info na. Graphics Detail Info n/a. Video Memory Shared. Optical Drive No Optical Drive. USB Ports 3 Ports Type-C. Numeric Pad No. HDMI Yes. Backlit Keyboard Yes. Warranty 1 Year Manufacturer. Shipping 24 - 48 hrs,https://www.shophive.com/media/catalog/product/cache/3875881abdd255ac261538b8462285e9/l/a/laptop_6_1_3.jpg,Apple MacBook Pro MRW33 M3 Max 16 Inch 1TB Space Black 2023 Apple Laptops MacBooks Brand Apple. Series Macbook Pro. Screen Size 16.2''. Screen Resolution 3456 x 2234. Touchscreen No. Operating System Mac OS. Generation Apple M3 Generation. Processor Type M3 Max. Processor Model Info n/a. Processor Speed Info n/a. Processor Turbo Info n/a. Processor Cache Info n/a. RAM 36GB. HDD Interface SSD. Hard Disk Capacity 1TB SSD. Graphics Info na. Graphics Detail Info n/a. Video Memory Shared. Optical Drive No Optical Drive. USB Ports 3 Ports Type-C. Numeric Pad No. HDMI Yes. Backlit Keyboard Yes. Warranty 1 Year Manufacturer. Shipping 24 - 48 hrs,Apple,0.0,Laptops,MacBooks,4196.43
P0733,Nokia 105 Plus,"Brand Nokia. Operating System No. Screen Size Under 2 inch. Internal Memory Up to 1,000 Books. RAM Info Not Availible. Main Camera Pixel 2.0. Dual Sim Yes. Water Resistant No. Expandable Memory Yes. Warranty 1 Year Manufacturer. Shipping Same Day From Lahore. Color Grey",https://www.shophive.com/media/catalog/product/cache/3875881abdd255ac261538b8462285e9/i/m/image-removebg-preview_-_2022-12-29t150058.703.png,"Nokia 105 Plus Nokia Mobile Phones Smartphones Brand Nokia. Operating System No. Screen Size Under 2 inch. Internal Memory Up to 1,000 Books. RAM Info Not Availible. Main Camera Pixel 2.0. Dual Sim Yes. Water Resistant No. Expandable Memory Yes. Warranty 1 Year Manufacturer. Shipping Same Day From Lahore. Color Grey",Nokia,0.0,Mobile Phones,Smartphones,25.71
P0734,Samsung Galaxy Note FE,Display 5.7 inches. RAM 4 GB RAM. Battery 3200 mAh. Back Camera 12 MP,https://images.priceoye.pk/samsung-galaxy-note-fe-pakistan-priceoye-270x270.webp,Samsung Galaxy Note FE Samsung Mobile Phones Smartphones Display 5.7 inches. RAM 4 GB RAM. Battery 3200 mAh. Back Camera 12 MP,Samsung,4.5,Mobile Phones,Smartphones,276.79
P0735,Xiaomi 12 Ultra,Display 6.8 Inches. RAM 16 GB. Battery 5000 mAh. Back Camera 100 MP + 48 MP + 8 MP + 48 MP,https://images.priceoye.pk/xiaomi-12-ultra-pakistan-priceoye-0mq4d-270x270.webp,Xiaomi 12 Ultra Xiaomi Mobile Phones Smartphones Display 6.8 Inches. RAM 16 GB. Battery 5000 mAh. Back Camera 100 MP + 48 MP + 8 MP + 48 MP,Xiaomi,5.0,Mobile Phones,Smartphones,714.28
P0736,Apple Watch Series 8 GPS 41mm Midnight Aluminum Case with Midnight Sport Band MNP53AE,Brand Apple. Shipping 24 - 48 hrs,https://www.shophive.com/media/catalog/product/cache/3875881abdd255ac261538b8462285e9/i/m/image-removebg-preview---2022-09-13t120047.409.jpg,Apple Watch Series 8 GPS 41mm Midnight Aluminum Case with Midnight Sport Band MNP53AE Apple Smart Watches Premium Smart Watches Brand Apple. Shipping 24 - 48 hrs,Apple,0.0,Smart Watches,Premium Smart Watches,428.57
P0737,HP 15s FD0107TU 15.6 Inches 13th Gen Core i5 1335u Win 11 (8GB - 512GB),Display 15.6 Inches. Generation 13th Generation. Processor 1335u PROCESSOR. Internal Memory 512 GB SSD,https://images.priceoye.pk/hp-15s-fd0107tu-15-6-inches-13th-gen-core-i5-1335u-win-11-8gb-512gb-pakistan-priceoye-cnyub-270x270.webp,HP 15s FD0107TU 15.6 Inches 13th Gen Core i5 1335u Win 11 (8GB - 512GB) HP Laptops Laptops Display 15.6 Inches. Generation 13th Generation. Processor 1335u PROCESSOR. Internal Memory 512 GB SSD,HP,3.0,Laptops,Laptops,571.42
P0738,Dany Signature S8,Display 8.0 Inches. RAM 4GB. Type 3500 mAh. Back Camera 8.0 MP,https://images.priceoye.pk/dany-signature-s8-pakistan-priceoye-5nlr4-270x270.webp,Dany Signature S8 Dany Tablets Android Tablets Display 8.0 Inches. RAM 4GB. Type 3500 mAh. Back Camera 8.0 MP,Dany,4.8,Tablets,Android Tablets,102.85
P0739,Infinix Zero 2,Display 5inches. RAM 2 GB RAM. Battery 2300 mAh. Back Camera 13 MP,https://images.priceoye.pk/infinix-zero-2-pakistan-priceoye.png,Infinix Zero 2 Infinix Mobile Phones Smartphones Display 5inches. RAM 2 GB RAM. Battery 2300 mAh. Back Camera 13 MP,Infinix,3.7,Mobile Phones,Smartphones,63.57
P0740,Vivo Y18 6GB 128GB,"Brand Vivo. Operating System Android. Screen Size 6.5"". Internal Memory 128GB. RAM 6GB. Main Camera Pixel 50.0. Dual Sim Yes. Water Resistant No. Expandable Memory Yes. Warranty 1 Year Manufacturer. Shipping 3 - 5 Days. Color Brown",https://www.shophive.com/media/catalog/product/cache/3875881abdd255ac261538b8462285e9/m/o/mobile_1_3_1.jpg,"Vivo Y18 6GB 128GB Vivo Mobile Phones Smartphones Brand Vivo. Operating System Android. Screen Size 6.5"". Internal Memory 128GB. RAM 6GB. Main Camera Pixel 50.0. Dual Sim Yes. Water Resistant No. Expandable Memory Yes. Warranty 1 Year Manufacturer. Shipping 3 - 5 Days. Color Brown",Vivo,0.0,Mobile Phones,Smartphones,140.0
P0741,Samsung Galaxy A9 Pro (2016),Display 6.0 inches. RAM 4 GB RAM. Battery 5000 mAh. Back Camera 16 MP,https://images.priceoye.pk/samsung-galaxy-a9-pro-2016-pakistan-priceoye-270x270.webp,Samsung Galaxy A9 Pro (2016) Samsung Mobile Phones Smartphones Display 6.0 inches. RAM 4 GB RAM. Battery 5000 mAh. Back Camera 16 MP,Samsung,3.5,Mobile Phones,Smartphones,114.28
P0742,"Apple Macbook Air 2025 M4 13.6"" 16GB 512GB SSD","Brand Apple. Series Macbook Air. Screen Size 13.6"". Screen Resolution 2560 x 1664. Touchscreen No. Operating System Mac OS. Generation Apple M4 Generation. Processor Type M4. Processor Model Info n/a. Processor Speed Info n/a. Processor Turbo Info n/a. Processor Cache Info n/a. RAM 16GB. HDD Interface SSD. Hard Disk Capacity 512GB SSD. Graphics Info na. Graphics Detail Info n/a. Video Memory Shared. Optical Drive No Optical Drive. USB Ports 2 Ports Type-C. Numeric Pad No. HDMI No. Backlit Keyboard Yes. Warranty 1 Year Manufacturer. Shipping Same Day From Lahore",https://www.shophive.com/media/catalog/product/cache/3875881abdd255ac261538b8462285e9/m/a/macbook_air_1.jpg,"Apple Macbook Air 2025 M4 13.6"" 16GB 512GB SSD Apple Laptops MacBooks Brand Apple. Series Macbook Air. Screen Size 13.6"". Screen Resolution 2560 x 1664. Touchscreen No. Operating System Mac OS. Generation Apple M4 Generation. Processor Type M4. Processor Model Info n/a. Processor Speed Info n/a. Processor Turbo Info n/a. Processor Cache Info n/a. RAM 16GB. HDD Interface SSD. Hard Disk Capacity 512GB SSD. Graphics Info na. Graphics Detail Info n/a. Video Memory Shared. Optical Drive No Optical Drive. USB Ports 2 Ports Type-C. Numeric Pad No. HDMI No. Backlit Keyboard Yes. Warranty 1 Year Manufacturer. Shipping Same Day From Lahore",Apple,0.0,Laptops,MacBooks,1464.28
P0743,Asus Zenbook 14 OLED UM3402YA AMD Ryzen 7 7730U 16GB 1TB SSD,"Brand Asus. Series ZenBook. Screen Size 14"". Screen Resolution 2880 x 1800. Touchscreen No. Operating System Windows 11 Home. Generation AMD Ryzen Generation. Processor Type AMD Ryzen 7. Processor Model Info n/a. Processor Speed 2.0 GHz. Processor Turbo 4.5 GHz (Up to). Processor Cache 16 MB. RAM 16GB. HDD Interface SSD. Hard Disk Capacity 1TB SSD. Graphics Intel Integrated Graphics. Graphics Detail Info n/a. Video Memory Shared. Optical Drive No Optical Drive. USB Ports 2 Ports Type-C. Numeric Pad No. HDMI Yes. Backlit Keyboard Yes. Warranty International Warranty. Shipping 5 - 10 Days",https://www.shophive.com/media/catalog/product/cache/3875881abdd255ac261538b8462285e9/h/p/hp_15_1_6.jpg,"Asus Zenbook 14 OLED UM3402YA AMD Ryzen 7 7730U 16GB 1TB SSD Asus Laptops Laptops Brand Asus. Series ZenBook. Screen Size 14"". Screen Resolution 2880 x 1800. Touchscreen No. Operating System Windows 11 Home. Generation AMD Ryzen Generation. Processor Type AMD Ryzen 7. Processor Model Info n/a. Processor Speed 2.0 GHz. Processor Turbo 4.5 GHz (Up to). Processor Cache 16 MB. RAM 16GB. HDD Interface SSD. Hard Disk Capacity 1TB SSD. Graphics Intel Integrated Graphics. Graphics Detail Info n/a. Video Memory Shared. Optical Drive No Optical Drive. USB Ports 2 Ports Type-C. Numeric Pad No. HDMI Yes. Backlit Keyboard Yes. Warranty International Warranty. Shipping 5 - 10 Days",Asus,0.0,Laptops,Laptops,1217.85
P0744,Apple iPad mini 6,Display 8.3 inches. RAM 4 GB. Type 19.3 Wh. Back Camera 12 MP,https://images.priceoye.pk/apple-ipad-mini-2021-pakistan-priceoye-6ib60-270x270.webp,Apple iPad mini 6 Apple Tablets iPads Display 8.3 inches. RAM 4 GB. Type 19.3 Wh. Back Camera 12 MP,Apple,4.9,Tablets,iPads,428.57
P0745,Tecno Spark 8T,"Display 6.5 Inches. RAM 4 GB. Battery 6000 mAh. Back Camera 16 MP + 2 MP, LED Flash",https://images.priceoye.pk/tecno-spark-8t-pakistan-priceoye-h2mcv-270x270.webp,"Tecno Spark 8T Tecno Mobile Phones Smartphones Display 6.5 Inches. RAM 4 GB. Battery 6000 mAh. Back Camera 16 MP + 2 MP, LED Flash",Tecno,5.0,Mobile Phones,Smartphones,85.71
P0746,Vivo V40e,Display 6.77 Inches. RAM 8GB LPDDR4X RAM + 8 GB EXPANDABLE. Battery 5500 mAh. Back Camera 50 MP Sony IMX882 OIS Main Camera + 8 MP Ultra Wide-Angle Camera,https://images.priceoye.pk/vivo-v40e-pakistan-priceoye-gylye-270x270.webp,Vivo V40e Vivo Mobile Phones Smartphones Display 6.77 Inches. RAM 8GB LPDDR4X RAM + 8 GB EXPANDABLE. Battery 5500 mAh. Back Camera 50 MP Sony IMX882 OIS Main Camera + 8 MP Ultra Wide-Angle Camera,Vivo,5.0,Mobile Phones,Smartphones,321.43
P0747,HP Envy 16 H1010TX Gen 13th Core i7,Display 16 inch. Generation 13th Generation. Processor Raptor Lake Processor. Internal Memory 512gb,https://images.priceoye.pk/hp-envy-16-h1010tx-gen-13th-core-i7-pakistan-priceoye-gs6km-270x270.webp,HP Envy 16 H1010TX Gen 13th Core i7 HP Laptops Laptops Display 16 inch. Generation 13th Generation. Processor Raptor Lake Processor. Internal Memory 512gb,HP,5.0,Laptops,Laptops,1471.42
P0748,HP ProBook 450 G9 Alder Lake i5-1235U 8GB 256GB,"Brand HP. Series ProBook. Screen Size 15.6"". Screen Resolution 1920 x 1080. Touchscreen No. Operating System DOS. Generation Intel 12Th Generation. Processor Type Intel Core i5. Processor Model i5-1235U. Processor Speed 1.3 GHz. Processor Turbo 4.4 GHz (Up to). Processor Cache 12 MB. RAM 8GB. HDD Interface SSD. Hard Disk Capacity 256GB. Graphics Intel Integrated Graphics. Graphics Detail Intel Iris XE Graphics. Video Memory Shared. Optical Drive No Optical Drive. USB Ports 3 ports. Numeric Pad Yes. HDMI Yes. Backlit Keyboard Yes. Warranty 7 Day Replacement. Shipping Same Day From Lahore",https://www.shophive.com/media/catalog/product/cache/3875881abdd255ac261538b8462285e9/l/a/laptop_44_1.jpg,"HP ProBook 450 G9 Alder Lake i5-1235U 8GB 256GB HP Laptops Business Laptops Brand HP. Series ProBook. Screen Size 15.6"". Screen Resolution 1920 x 1080. Touchscreen No. Operating System DOS. Generation Intel 12Th Generation. Processor Type Intel Core i5. Processor Model i5-1235U. Processor Speed 1.3 GHz. Processor Turbo 4.4 GHz (Up to). Processor Cache 12 MB. RAM 8GB. HDD Interface SSD. Hard Disk Capacity 256GB. Graphics Intel Integrated Graphics. Graphics Detail Intel Iris XE Graphics. Video Memory Shared. Optical Drive No Optical Drive. USB Ports 3 ports. Numeric Pad Yes. HDMI Yes. Backlit Keyboard Yes. Warranty 7 Day Replacement. Shipping Same Day From Lahore",HP,0.0,Laptops,Business Laptops,673.21
P0749,Tecno Spark 7T,Display 6.52 inches. RAM 4GB. Battery 6000 mAh. Back Camera 48 MP,https://images.priceoye.pk/tecno-spark-7t-pakistan-priceoye-g2wz9-270x270.webp,Tecno Spark 7T Tecno Mobile Phones Smartphones Display 6.52 inches. RAM 4GB. Battery 6000 mAh. Back Camera 48 MP,Tecno,4.7,Mobile Phones,Smartphones,76.07
P0750,"Apple Macbook Air 2022 M2 13.6"" 256GB MLY33LL Midnight","Brand Apple. Series Macbook Air. Screen Size 13.6"". Screen Resolution 2560 x 1664. Touchscreen No. Operating System Mac OS. Generation Apple M2 Generation. Processor Type M2. Processor Model Info n/a. Processor Speed Info n/a. Processor Turbo Info n/a. Processor Cache Info n/a. RAM 8GB. HDD Interface SSD. Hard Disk Capacity 256GB SSD. Graphics Info na. Graphics Detail Info n/a. Video Memory Shared. Optical Drive No Optical Drive. USB Ports 2 Ports Type-C. Numeric Pad No. HDMI No. Backlit Keyboard Yes. Warranty 1 Year Manufacturer. Shipping Same Day From Lahore",https://www.shophive.com/media/catalog/product/cache/3875881abdd255ac261538b8462285e9/i/m/image-removebg-preview_11__22_5_2.png,"Apple Macbook Air 2022 M2 13.6"" 256GB MLY33LL Midnight Apple Laptops MacBooks Brand Apple. Series Macbook Air. Screen Size 13.6"". Screen Resolution 2560 x 1664. Touchscreen No. Operating System Mac OS. Generation Apple M2 Generation. Processor Type M2. Processor Model Info n/a. Processor Speed Info n/a. Processor Turbo Info n/a. Processor Cache Info n/a. RAM 8GB. HDD Interface SSD. Hard Disk Capacity 256GB SSD. Graphics Info na. Graphics Detail Info n/a. Video Memory Shared. Optical Drive No Optical Drive. USB Ports 2 Ports Type-C. Numeric Pad No. HDMI No. Backlit Keyboard Yes. Warranty 1 Year Manufacturer. Shipping Same Day From Lahore",Apple,0.0,Laptops,MacBooks,1182.14
P0751,Samsung Galaxy A7 (2016),Display 5.5 inches. RAM 3 GB RAM. Battery 3300 mAh. Back Camera 13 MP,https://images.priceoye.pk/samsung-galaxy-a7-2016-pakistan-priceoye-270x270.webp,Samsung Galaxy A7 (2016) Samsung Mobile Phones Smartphones Display 5.5 inches. RAM 3 GB RAM. Battery 3300 mAh. Back Camera 13 MP,Samsung,3.5,Mobile Phones,Smartphones,116.42
P0752,Samsung Galaxy A01 Core,Display 5.3 inch. RAM 1/2 GB. Battery 3000 mAh. Back Camera 8 MP,https://images.priceoye.pk/samsung-a013-pakistan-priceoye-3hqpw-270x270.webp,Samsung Galaxy A01 Core Samsung Mobile Phones Smartphones Display 5.3 inch. RAM 1/2 GB. Battery 3000 mAh. Back Camera 8 MP,Samsung,5.0,Mobile Phones,Smartphones,50.0
P0753,"Apple Macbook Air 2024 M3 13.6"" 16GB 512GB SSD Silver MXCT3","Brand Apple. Series Macbook Air. Screen Size 13.6"". Screen Resolution 2560 x 1664. Touchscreen No. Operating System Mac OS. Generation Apple M3 Generation. Processor Type M3. Processor Model Info n/a. Processor Speed Info n/a. Processor Turbo Info n/a. Processor Cache Info n/a. RAM 16GB. HDD Interface SSD. Hard Disk Capacity 512GB SSD. Graphics Info na. Graphics Detail Info n/a. Video Memory Shared. Optical Drive No Optical Drive. USB Ports 2 Ports Type-C. Numeric Pad No. HDMI No. Backlit Keyboard Yes. Warranty Manufacturer Warranty. Shipping Same Day From Lahore",https://www.shophive.com/media/catalog/product/cache/3875881abdd255ac261538b8462285e9/m/3/m3_1_2.jpg,"Apple Macbook Air 2024 M3 13.6"" 16GB 512GB SSD Silver MXCT3 Apple Laptops MacBooks Brand Apple. Series Macbook Air. Screen Size 13.6"". Screen Resolution 2560 x 1664. Touchscreen No. Operating System Mac OS. Generation Apple M3 Generation. Processor Type M3. Processor Model Info n/a. Processor Speed Info n/a. Processor Turbo Info n/a. Processor Cache Info n/a. RAM 16GB. HDD Interface SSD. Hard Disk Capacity 512GB SSD. Graphics Info na. Graphics Detail Info n/a. Video Memory Shared. Optical Drive No Optical Drive. USB Ports 2 Ports Type-C. Numeric Pad No. HDMI No. Backlit Keyboard Yes. Warranty Manufacturer Warranty. Shipping Same Day From Lahore",Apple,0.0,Laptops,MacBooks,1428.57
P0754,Oppo R19,Display 6.4 inches. RAM 8GB RAM. Battery 3500 mAh. Back Camera 16 MP,https://images.priceoye.pk/oppo-r19-pakistan-priceoye-gm8kq-270x270.webp,Oppo R19 Oppo Mobile Phones Smartphones Display 6.4 inches. RAM 8GB RAM. Battery 3500 mAh. Back Camera 16 MP,Oppo,5.0,Mobile Phones,Smartphones,185.71
P0755,"Apple Macbook Air 2024 M3 15.3"" 8GB 256GB SSD Midnight MRYU3","Brand Apple. Series Macbook Air. Screen Size 15.3"". Screen Resolution Info n/a. Touchscreen No. Operating System Mac OS. Generation Apple M3 Generation. Processor Type M3. Processor Model Info n/a. Processor Speed Info n/a. Processor Turbo Info n/a. Processor Cache Info n/a. RAM 8GB. HDD Interface SSD. Hard Disk Capacity 256GB SSD. Graphics Info na. Graphics Detail Info n/a. Video Memory Shared. Optical Drive No Optical Drive. USB Ports 2 Ports Type-C. Numeric Pad No. HDMI No. Backlit Keyboard Yes. Warranty Manufacturer Warranty. Shipping Same Day From Lahore",https://www.shophive.com/media/catalog/product/cache/3875881abdd255ac261538b8462285e9/m/a/macbook_1_6.jpg,"Apple Macbook Air 2024 M3 15.3"" 8GB 256GB SSD Midnight MRYU3 Apple Laptops MacBooks Brand Apple. Series Macbook Air. Screen Size 15.3"". Screen Resolution Info n/a. Touchscreen No. Operating System Mac OS. Generation Apple M3 Generation. Processor Type M3. Processor Model Info n/a. Processor Speed Info n/a. Processor Turbo Info n/a. Processor Cache Info n/a. RAM 8GB. HDD Interface SSD. Hard Disk Capacity 256GB SSD. Graphics Info na. Graphics Detail Info n/a. Video Memory Shared. Optical Drive No Optical Drive. USB Ports 2 Ports Type-C. Numeric Pad No. HDMI No. Backlit Keyboard Yes. Warranty Manufacturer Warranty. Shipping Same Day From Lahore",Apple,0.0,Laptops,MacBooks,1282.14
P0756,HP ZBook Firefly 16 G9 i7-1265U 32GB 1TB SSD Mobile Workstation,"Brand HP. Series Zbook. Screen Size 16"". Screen Resolution 1920 x 1200. Touchscreen No. Operating System DOS. Generation Intel 12Th Generation. Processor Type Intel Core i7. Processor Model i7-1265U. Processor Speed 3.6 GHz. Processor Turbo 4.8 GHz (Up to). Processor Cache 12 MB. RAM 32GB. HDD Interface SSD. Hard Disk Capacity 1TB SSD. Graphics Intel Integrated Graphics. Graphics Detail Intel Iris XE Graphics. Video Memory Shared. Optical Drive No Optical Drive. USB Ports 2 ports. Numeric Pad Yes. HDMI Yes. Backlit Keyboard No. Warranty 7 Day Replacement. Shipping Same Day From Lahore",https://www.shophive.com/media/catalog/product/cache/3875881abdd255ac261538b8462285e9/i/m/image-removebg-preview---2023-04-27t184753.678.jpg,"HP ZBook Firefly 16 G9 i7-1265U 32GB 1TB SSD Mobile Workstation HP Laptops Laptops Brand HP. Series Zbook. Screen Size 16"". Screen Resolution 1920 x 1200. Touchscreen No. Operating System DOS. Generation Intel 12Th Generation. Processor Type Intel Core i7. Processor Model i7-1265U. Processor Speed 3.6 GHz. Processor Turbo 4.8 GHz (Up to). Processor Cache 12 MB. RAM 32GB. HDD Interface SSD. Hard Disk Capacity 1TB SSD. Graphics Intel Integrated Graphics. Graphics Detail Intel Iris XE Graphics. Video Memory Shared. Optical Drive No Optical Drive. USB Ports 2 ports. Numeric Pad Yes. HDMI Yes. Backlit Keyboard No. Warranty 7 Day Replacement. Shipping Same Day From Lahore",HP,0.0,Laptops,Laptops,2071.43
P0757,Oppo A3s,Display 6.2 inches. RAM 2 GB RAM. Battery 4230 mAh. Back Camera 13 MP,https://images.priceoye.pk/oppo-a3s-pakistan-priceoye-vdye4-270x270.webp,Oppo A3s Oppo Mobile Phones Smartphones Display 6.2 inches. RAM 2 GB RAM. Battery 4230 mAh. Back Camera 13 MP,Oppo,3.5,Mobile Phones,Smartphones,67.85
P0758,Dell Latitude 3440 i5-1335U 8GB 512GB SSD 1Y,"Brand Dell. Series Latitude. Screen Size 14"". Screen Resolution 1920 x 1080. Touchscreen No. Operating System DOS. Generation Intel 13th Generation. Processor Type Intel Core i5. Processor Model Info n/a. Processor Speed 3.4 GHz. Processor Turbo 4.6 GHz (Up to). Processor Cache 12 MB. RAM 8GB. HDD Interface SSD. Hard Disk Capacity 512GB SSD. Graphics Intel Integrated Graphics. Graphics Detail Info n/a. Video Memory Shared. Optical Drive No Optical Drive. USB Ports 3 ports. Numeric Pad No. HDMI Yes. Backlit Keyboard Yes. Warranty 1 Year Manufacturer. Shipping Same Day From Lahore",https://www.shophive.com/media/catalog/product/cache/3875881abdd255ac261538b8462285e9/l/a/laptop_34_6_1.jpg,"Dell Latitude 3440 i5-1335U 8GB 512GB SSD 1Y Dell Laptops Business Laptops Brand Dell. Series Latitude. Screen Size 14"". Screen Resolution 1920 x 1080. Touchscreen No. Operating System DOS. Generation Intel 13th Generation. Processor Type Intel Core i5. Processor Model Info n/a. Processor Speed 3.4 GHz. Processor Turbo 4.6 GHz (Up to). Processor Cache 12 MB. RAM 8GB. HDD Interface SSD. Hard Disk Capacity 512GB SSD. Graphics Intel Integrated Graphics. Graphics Detail Info n/a. Video Memory Shared. Optical Drive No Optical Drive. USB Ports 3 ports. Numeric Pad No. HDMI Yes. Backlit Keyboard Yes. Warranty 1 Year Manufacturer. Shipping Same Day From Lahore",Dell,0.0,Laptops,Business Laptops,889.28
P0759,Realme C75 8GB 128GB,"Brand Realme. Operating System Android. Screen Size 6.7"". Internal Memory 128GB. RAM 8GB. Main Camera Pixel 50.0. Dual Sim Yes. Water Resistant Yes. Expandable Memory Yes. Warranty 1 Year Manufacturer. Shipping Same Day From Lahore. Color Black",https://www.shophive.com/media/catalog/product/cache/3875881abdd255ac261538b8462285e9/r/e/realme-c75-pakistan-priceoye-laaii-removebg-preview.jpg,"Realme C75 8GB 128GB Realme Mobile Phones Smartphones Brand Realme. Operating System Android. Screen Size 6.7"". Internal Memory 128GB. RAM 8GB. Main Camera Pixel 50.0. Dual Sim Yes. Water Resistant Yes. Expandable Memory Yes. Warranty 1 Year Manufacturer. Shipping Same Day From Lahore. Color Black",Realme,0.0,Mobile Phones,Smartphones,169.64
P0760,MSI Thin 15 B13VE-1451US i5-13420H 16GB 512GB SSD Gaming Laptop,"Brand MSI. Series Gaming. Screen Size 15.6"". Screen Resolution 1920 x 1080. Touchscreen No. Operating System Windows 11 Home. Generation Intel 13th Generation. Processor Type Intel Core i5. Processor Model Info n/a. Processor Speed 3.4 GHz. Processor Turbo 4.6 GHz (Up to). Processor Cache 12 MB. RAM 16GB. HDD Interface SSD. Hard Disk Capacity 512GB SSD. Graphics Nvidia Graphics. Graphics Detail RTX 4050 (Nvidia GeForce). Video Memory 6 GB. Optical Drive No Optical Drive. USB Ports 2 ports. Numeric Pad No. HDMI Yes. Backlit Keyboard Yes. Warranty 7 Day Replacement. Shipping Same Day From Lahore",https://www.shophive.com/media/catalog/product/cache/3875881abdd255ac261538b8462285e9/l/a/laptop_4_5.jpg,"MSI Thin 15 B13VE-1451US i5-13420H 16GB 512GB SSD Gaming Laptop MSI Laptops Gaming Laptops Brand MSI. Series Gaming. Screen Size 15.6"". Screen Resolution 1920 x 1080. Touchscreen No. Operating System Windows 11 Home. Generation Intel 13th Generation. Processor Type Intel Core i5. Processor Model Info n/a. Processor Speed 3.4 GHz. Processor Turbo 4.6 GHz (Up to). Processor Cache 12 MB. RAM 16GB. HDD Interface SSD. Hard Disk Capacity 512GB SSD. Graphics Nvidia Graphics. Graphics Detail RTX 4050 (Nvidia GeForce). Video Memory 6 GB. Optical Drive No Optical Drive. USB Ports 2 ports. Numeric Pad No. HDMI Yes. Backlit Keyboard Yes. Warranty 7 Day Replacement. Shipping Same Day From Lahore",MSI,0.0,Laptops,Gaming Laptops,853.57
P0761,Oppo A78,Display 6.43 inches. RAM 8 GB. Battery 5000 mAh. Back Camera 50 MP,https://images.priceoye.pk/oppo-a78-pakistan-priceoye-f93za-270x270.webp,Oppo A78 Oppo Mobile Phones Smartphones Display 6.43 inches. RAM 8 GB. Battery 5000 mAh. Back Camera 50 MP,Oppo,4.9,Mobile Phones,Smartphones,210.71
P0762,HP EliteBook 640 G10 13th Gen Core i7 14 inches (16GB-512GB),Display 14 inches. Generation 13th Generation. Processor 1335U PROCESSOR. Internal Memory 512 GB PCIe® NVMe™ SSD,https://images.priceoye.pk/hp-elitebook-640-g10-13th-gen-core-i7-14-inches-16gb-512gb-pakistan-priceoye-7zpb8-270x270.webp,HP EliteBook 640 G10 13th Gen Core i7 14 inches (16GB-512GB) HP Laptops Business Laptops Display 14 inches. Generation 13th Generation. Processor 1335U PROCESSOR. Internal Memory 512 GB PCIe® NVMe™ SSD,HP,5.0,Laptops,Business Laptops,903.57
P0763,Samsung Galaxy Amp Prime 3,Display 5.0 inches. RAM 2 GB RAM. Battery 2600 mAh. Back Camera 8 MP,https://images.priceoye.pk/samsung-galaxy-amp-prime-3-pakistan-priceoye-lhk4c-270x270.webp,Samsung Galaxy Amp Prime 3 Samsung Mobile Phones Smartphones Display 5.0 inches. RAM 2 GB RAM. Battery 2600 mAh. Back Camera 8 MP,Samsung,5.0,Mobile Phones,Smartphones,85.89
P0764,Vivo X200 Pro 16GB 512GB,"Brand Vivo. Operating System Android. Screen Size 6.7"". Internal Memory 512GB. RAM 16GB. Main Camera Pixel 200. Dual Sim Yes. Water Resistant Yes. Expandable Memory No. Warranty 1 Year Manufacturer. Shipping Same Day From Lahore. Color Black",https://www.shophive.com/media/catalog/product/cache/3875881abdd255ac261538b8462285e9/9/e/9e4fa6877ae4b32eea20a3a4c6d616a9.png,"Vivo X200 Pro 16GB 512GB Vivo Mobile Phones Smartphones Brand Vivo. Operating System Android. Screen Size 6.7"". Internal Memory 512GB. RAM 16GB. Main Camera Pixel 200. Dual Sim Yes. Water Resistant Yes. Expandable Memory No. Warranty 1 Year Manufacturer. Shipping Same Day From Lahore. Color Black",Vivo,0.0,Mobile Phones,Smartphones,1125.0
P0765,Lenovo IdeaPad Slim 5 16 Intel Core 7 150U Processor 16GB 1TB SSD,"Brand Lenovo. Series IdeaPad. Screen Size 16"". Screen Resolution 1920 x 1200. Touchscreen Yes. Operating System Windows 11 Home. Generation Info n/a. Processor Type No info. Processor Model Info n/a. Processor Speed 1.8 GHz. Processor Turbo 5.3GHz. Processor Cache 12 MB. RAM 16GB. HDD Interface SSD. Hard Disk Capacity 1TB SSD. Graphics Intel Integrated Graphics. Graphics Detail Info n/a. Video Memory Shared. Optical Drive No Optical Drive. USB Ports 1 port. Numeric Pad Yes. HDMI Yes. Backlit Keyboard No. Warranty International Warranty. Shipping Same Day From Lahore",https://www.shophive.com/media/catalog/product/cache/3875881abdd255ac261538b8462285e9/l/e/lenovo_12_1_9.jpg,"Lenovo IdeaPad Slim 5 16 Intel Core 7 150U Processor 16GB 1TB SSD Lenovo Laptops Laptops Brand Lenovo. Series IdeaPad. Screen Size 16"". Screen Resolution 1920 x 1200. Touchscreen Yes. Operating System Windows 11 Home. Generation Info n/a. Processor Type No info. Processor Model Info n/a. Processor Speed 1.8 GHz. Processor Turbo 5.3GHz. Processor Cache 12 MB. RAM 16GB. HDD Interface SSD. Hard Disk Capacity 1TB SSD. Graphics Intel Integrated Graphics. Graphics Detail Info n/a. Video Memory Shared. Optical Drive No Optical Drive. USB Ports 1 port. Numeric Pad Yes. HDMI Yes. Backlit Keyboard No. Warranty International Warranty. Shipping Same Day From Lahore",Lenovo,0.0,Laptops,Laptops,664.28
P0766,Infinix S5 Lite,"Display 6.6 inches. RAM 3GB, 4GB. Battery 4000 mAh. Back Camera 12 MP",https://images.priceoye.pk/infinix-s5-lite-pakistan-priceoye-y0vng-270x270.webp,"Infinix S5 Lite Infinix Mobile Phones Smartphones Display 6.6 inches. RAM 3GB, 4GB. Battery 4000 mAh. Back Camera 12 MP",Infinix,4.4,Mobile Phones,Smartphones,71.42
P0767,HP DW3024NIA 15.6 Inches Core i3 (4GB RAM - 256GB SSD),Display 15.6 Inches. Generation 11th Generation. Processor Intel Core i3. Internal Memory 256GB SSD,https://images.priceoye.pk/hp-dw3024nia-15-7-inches-core-i3-4-gb-ram-256-gb-ssd-pakistan-priceoye-ugqmf-270x270.webp,HP DW3024NIA 15.6 Inches Core i3 (4GB RAM - 256GB SSD) HP Laptops Laptops Display 15.6 Inches. Generation 11th Generation. Processor Intel Core i3. Internal Memory 256GB SSD,HP,5.0,Laptops,Laptops,310.71
P0768,Oppo F17,Display 6.44 inches. RAM 8 GB. Battery 4015 mAh. Back Camera 16 MP + 8 MP + 2 MP + 2 MP,https://images.priceoye.pk/oppo-f17-pakistan-priceoye-murjo-270x270.webp,Oppo F17 Oppo Mobile Phones Smartphones Display 6.44 inches. RAM 8 GB. Battery 4015 mAh. Back Camera 16 MP + 8 MP + 2 MP + 2 MP,Oppo,4.6,Mobile Phones,Smartphones,132.86
P0769,Infinix INBOOK Air (XL442) Core i3 1215U (8GB - 256GB),Display 14 Inches. Generation 11th Generation. Processor Intel Core i3-1215U. Internal Memory 256GB,https://images.priceoye.pk/infinix-inbook-air-xl442-core-i3-1215u-8gb-256gb-pakistan-priceoye-cwze1-270x270.webp,Infinix INBOOK Air (XL442) Core i3 1215U (8GB - 256GB) Infinix Laptops Laptops Display 14 Inches. Generation 11th Generation. Processor Intel Core i3-1215U. Internal Memory 256GB,Infinix,5.0,Laptops,Laptops,428.57
P0770,Tecno Pova 6 Pro,Display 6.78 Inches. RAM 8/12 GB. Battery 6000 mAh. Back Camera 108 MP + 2 MP + 0.08 MP,https://images.priceoye.pk/tecno-pova-6-pro-pakistan-priceoye-89ubh-270x270.webp,Tecno Pova 6 Pro Tecno Mobile Phones Smartphones Display 6.78 Inches. RAM 8/12 GB. Battery 6000 mAh. Back Camera 108 MP + 2 MP + 0.08 MP,Tecno,5.0,Mobile Phones,Smartphones,246.43
P0771,Vivo Y93,Display 6.2 inches. RAM 4GB. Battery 4030 mAh. Back Camera 13 MP,https://images.priceoye.pk/vivo-y93-pakistan-priceoye-dzfxb-270x270.webp,Vivo Y93 Vivo Mobile Phones Smartphones Display 6.2 inches. RAM 4GB. Battery 4030 mAh. Back Camera 13 MP,Vivo,4.2,Mobile Phones,Smartphones,80.35
P0772,Tecno Spark 10c 4GB 128GB,"Brand Tecno. Operating System Android. Screen Size 6.6"". Internal Memory 128GB. RAM 4GB. Main Camera Pixel 16.0. Dual Sim Yes. Expandable Memory Yes. Warranty 1 Year Manufacturer. Shipping 24 - 48 hrs. Color Black",https://www.shophive.com/media/catalog/product/cache/3875881abdd255ac261538b8462285e9/u/n/untitled_design_37_.jpg,"Tecno Spark 10c 4GB 128GB Tecno Mobile Phones Smartphones Brand Tecno. Operating System Android. Screen Size 6.6"". Internal Memory 128GB. RAM 4GB. Main Camera Pixel 16.0. Dual Sim Yes. Expandable Memory Yes. Warranty 1 Year Manufacturer. Shipping 24 - 48 hrs. Color Black",Tecno,0.0,Mobile Phones,Smartphones,101.78
P0773,HP ChromeBook 14 G4 Intel Celeron (02GB RAM - 16GB SSD),Display 14 Inches. Generation Intel Celeron. Processor Intel Celeron N2840. Internal Memory 16GB SSD,https://images.priceoye.pk/hp-chromebook-14-g4-intel-celeron-02gb-ram-16gb-ssd-pakistan-priceoye-yw06q-270x270.webp,HP ChromeBook 14 G4 Intel Celeron (02GB RAM - 16GB SSD) HP Laptops Laptops Display 14 Inches. Generation Intel Celeron. Processor Intel Celeron N2840. Internal Memory 16GB SSD,HP,5.0,Laptops,Laptops,60.71
P0774,Infinix Smart 7,Display 6.6 inches. RAM 4 GB/ 3 GB. Battery 5000 mAh. Back Camera 13 MP + 0.3 MP,https://images.priceoye.pk/infinix-smart-7-pakistan-priceoye-x5xr8-270x270.webp,Infinix Smart 7 Infinix Mobile Phones Smartphones Display 6.6 inches. RAM 4 GB/ 3 GB. Battery 5000 mAh. Back Camera 13 MP + 0.3 MP,Infinix,4.9,Mobile Phones,Smartphones,87.5
P0775,Xiaomi Mi 10 Ultra,"Display 6.67 Inches. RAM 8/12/16 GB. Battery 4500 mAh. Back Camera 48 MP, f/1.9",https://images.priceoye.pk/xiaomi-mi-10-ultra-pakistan-priceoye-b3y2w-270x270.webp,"Xiaomi Mi 10 Ultra Xiaomi Mobile Phones Smartphones Display 6.67 Inches. RAM 8/12/16 GB. Battery 4500 mAh. Back Camera 48 MP, f/1.9",Xiaomi,5.0,Mobile Phones,Smartphones,628.57
P0776,Oppo K3,Display 6.5 inches. RAM 6/8 GB. Battery 3765 mAh. Back Camera 16 MP + 2 MP,https://images.priceoye.pk/oppo-k3-pakistan-priceoye-qc93j-270x270.webp,Oppo K3 Oppo Mobile Phones Smartphones Display 6.5 inches. RAM 6/8 GB. Battery 3765 mAh. Back Camera 16 MP + 2 MP,Oppo,4.5,Mobile Phones,Smartphones,164.28
P0777,Zero Sigma Smartwatch,Display 51mm. Screen Type AMOLED. Calling Yes. Battery Life 5 days,https://images.priceoye.pk/zero-sigma-smartwatch-pakistan-priceoye-bjdsm-270x270.webp,Zero Sigma Smartwatch Zero Smart Watches Smart Watches Display 51mm. Screen Type AMOLED. Calling Yes. Battery Life 5 days,Zero,5.0,Smart Watches,Smart Watches,28.57
P0778,HP 250 G10 Raptor Lake 13th Gen Core i5 (8GB-512GB),Display 15.6. Generation 13th Gen. Processor 1335u PROCESSOR. Internal Memory 512 GB,https://images.priceoye.pk/hp-250-g10-raptor-lake-13th-gen-core-i5-8gb-512gb-pakistan-priceoye-odcun-270x270.webp,HP 250 G10 Raptor Lake 13th Gen Core i5 (8GB-512GB) HP Laptops Laptops Display 15.6. Generation 13th Gen. Processor 1335u PROCESSOR. Internal Memory 512 GB,HP,5.0,Laptops,Laptops,496.07
P0779,Samsung Galaxy M21,Display 6.4 inches. RAM 4/6 GB. Battery 6000 mAh. Back Camera 48 MP + 8 MP + 5 MP,https://images.priceoye.pk/samsung-galaxy-m21-pakistan-priceoye-57sie-270x270.webp,Samsung Galaxy M21 Samsung Mobile Phones Smartphones Display 6.4 inches. RAM 4/6 GB. Battery 6000 mAh. Back Camera 48 MP + 8 MP + 5 MP,Samsung,5.0,Mobile Phones,Smartphones,125.0
P0780,Realme Q2,Display 6.5 inches. RAM 6 GB. Battery 5000 mAh. Back Camera 48 MP + 8 MP + 2 MP + 2 MP,https://images.priceoye.pk/realme-q2-pakistan-priceoye-lm7ro-270x270.webp,Realme Q2 Realme Mobile Phones Smartphones Display 6.5 inches. RAM 6 GB. Battery 5000 mAh. Back Camera 48 MP + 8 MP + 2 MP + 2 MP,Realme,5.0,Mobile Phones,Smartphones,160.71
P0781,TECNO Camon X Pro,Display 6.0 inches. RAM 4 GB RAM. Battery 3750 mAh. Back Camera 16 MP,https://images.priceoye.pk/tecno-camon-x-pro-pakistan-priceoye-v7hb0-270x270.webp,TECNO Camon X Pro Tecno Mobile Phones Smartphones Display 6.0 inches. RAM 4 GB RAM. Battery 3750 mAh. Back Camera 16 MP,Tecno,5.0,Mobile Phones,Smartphones,103.57
P0782,Apple Watch Series SE 40mm GPS Silver Aluminum Case With White Sport Band (2022),Brand Apple. Shipping Same Day From Lahore,https://www.shophive.com/media/catalog/product/cache/3875881abdd255ac261538b8462285e9/i/m/image-removebg-preview---2023-02-15t172204.217_1.jpg,Apple Watch Series SE 40mm GPS Silver Aluminum Case With White Sport Band (2022) Apple Smart Watches Premium Smart Watches Brand Apple. Shipping Same Day From Lahore,Apple,0.0,Smart Watches,Premium Smart Watches,335.71
P0783,Samsung Galaxy J4,Display 5.5 inches. RAM 2 GB RAM. Battery 3000 mAh. Back Camera 13 MP,https://images.priceoye.pk/samsung-galaxy-j4-pakistan-priceoye-bu24l-270x270.webp,Samsung Galaxy J4 Samsung Mobile Phones Smartphones Display 5.5 inches. RAM 2 GB RAM. Battery 3000 mAh. Back Camera 13 MP,Samsung,3.4,Mobile Phones,Smartphones,71.42
P0784,Samsung Galaxy A3 Duos,Display 4.5 inches. RAM 1 GB RAM. Battery 1900 mAh. Back Camera 8 MP,https://images.priceoye.pk/samsung-galaxy-a3-duos-pakistan-priceoye-270x270.webp,Samsung Galaxy A3 Duos Samsung Mobile Phones Smartphones Display 4.5 inches. RAM 1 GB RAM. Battery 1900 mAh. Back Camera 8 MP,Samsung,5.0,Mobile Phones,Smartphones,88.21
P0785,HP EliteBook x360 Convertible 13 830 G10 i7-1355U 16GB 512GB SSD 1y,"Brand HP. Series Elitebook. Screen Size 13.3"". Screen Resolution 1920 x 1200. Touchscreen Yes. Operating System DOS. Generation Intel 13th Generation. Processor Type Intel Core i7. Processor Model i7-1355U. Processor Speed 3.7 GHz. Processor Turbo 5.0 GHz (Up to). Processor Cache 12 MB. RAM 16GB. HDD Interface SSD. Hard Disk Capacity 512GB SSD. Graphics Intel Integrated Graphics. Graphics Detail Info n/a. Video Memory Shared. Optical Drive No Optical Drive. USB Ports 2 ports. Numeric Pad No. HDMI Yes. Backlit Keyboard Yes. Warranty 1 Year Manufacturer. Shipping Same Day From Lahore",https://www.shophive.com/media/catalog/product/cache/3875881abdd255ac261538b8462285e9/l/a/laptop_168.jpg,"HP EliteBook x360 Convertible 13 830 G10 i7-1355U 16GB 512GB SSD 1y HP Laptops Business Laptops Brand HP. Series Elitebook. Screen Size 13.3"". Screen Resolution 1920 x 1200. Touchscreen Yes. Operating System DOS. Generation Intel 13th Generation. Processor Type Intel Core i7. Processor Model i7-1355U. Processor Speed 3.7 GHz. Processor Turbo 5.0 GHz (Up to). Processor Cache 12 MB. RAM 16GB. HDD Interface SSD. Hard Disk Capacity 512GB SSD. Graphics Intel Integrated Graphics. Graphics Detail Info n/a. Video Memory Shared. Optical Drive No Optical Drive. USB Ports 2 ports. Numeric Pad No. HDMI Yes. Backlit Keyboard Yes. Warranty 1 Year Manufacturer. Shipping Same Day From Lahore",HP,0.0,Laptops,Business Laptops,1589.28
P0786,HP Pavilion 15 EG3002TX 15.6 Inches 13th Gen Core i5 Win 11 (8GB - 512GB),Display 15.6 Inches. Generation 13th Generation. Processor 1355u PROCESSOR. Internal Memory 512 GB,https://images.priceoye.pk/hp-pavilion-15-eg3002tx-15-6-inches-13th-gen-core-i5-win-11-8gb-512gb-pakistan-priceoye-p2bqs-270x270.webp,HP Pavilion 15 EG3002TX 15.6 Inches 13th Gen Core i5 Win 11 (8GB - 512GB) HP Laptops Laptops Display 15.6 Inches. Generation 13th Generation. Processor 1355u PROCESSOR. Internal Memory 512 GB,HP,5.0,Laptops,Laptops,925.0
P0787,Xiaomi Redmi Y1 Lite,Display 5.5 inches. RAM 2 GB RAM. Battery 3080 mAh. Back Camera 13 MP,https://images.priceoye.pk/xiaomi-redmi-y1-lite-pakistan-priceoye.png,Xiaomi Redmi Y1 Lite Xiaomi Mobile Phones Smartphones Display 5.5 inches. RAM 2 GB RAM. Battery 3080 mAh. Back Camera 13 MP,Xiaomi,3.7,Mobile Phones,Smartphones,39.29
P0788,Asus ROG Strix G814JVR Raptor Lake i9-14900HX 32GB 1TB SSD 1Y,"Brand Asus. Series ROG. Screen Size 18"". Screen Resolution 2560 x 1600. Touchscreen No. Operating System DOS. Generation Intel 14th Generation. Processor Type Intel Core i9. Processor Model Info n/a. Processor Speed 4.1 GHz. Processor Turbo 5.8GHz. Processor Cache 36MB. RAM 32GB. HDD Interface SSD. Hard Disk Capacity 1TB SSD. Graphics Nvidia Graphics. Graphics Detail RTX 4060 (Nvidia Geforce). Video Memory 8 GB. Optical Drive No Optical Drive. USB Ports 2 ports. Numeric Pad Yes. HDMI Yes. Backlit Keyboard Yes. Warranty 1 Year Manufacturer. Shipping Same Day From Lahore",https://www.shophive.com/media/catalog/product/cache/3875881abdd255ac261538b8462285e9/a/s/asus_25_3.jpg,"Asus ROG Strix G814JVR Raptor Lake i9-14900HX 32GB 1TB SSD 1Y Asus Laptops Gaming Laptops Brand Asus. Series ROG. Screen Size 18"". Screen Resolution 2560 x 1600. Touchscreen No. Operating System DOS. Generation Intel 14th Generation. Processor Type Intel Core i9. Processor Model Info n/a. Processor Speed 4.1 GHz. Processor Turbo 5.8GHz. Processor Cache 36MB. RAM 32GB. HDD Interface SSD. Hard Disk Capacity 1TB SSD. Graphics Nvidia Graphics. Graphics Detail RTX 4060 (Nvidia Geforce). Video Memory 8 GB. Optical Drive No Optical Drive. USB Ports 2 ports. Numeric Pad Yes. HDMI Yes. Backlit Keyboard Yes. Warranty 1 Year Manufacturer. Shipping Same Day From Lahore",Asus,0.0,Laptops,Gaming Laptops,1950.0
P0789,Apple Watch Series 9 45mm Silver Aluminum Case With Strom Blue Sports Band,Brand Apple. Shipping Same Day From Lahore,https://www.shophive.com/media/catalog/product/cache/3875881abdd255ac261538b8462285e9/a/p/apple_watch_17.jpg,Apple Watch Series 9 45mm Silver Aluminum Case With Strom Blue Sports Band Apple Smart Watches Premium Smart Watches Brand Apple. Shipping Same Day From Lahore,Apple,0.0,Smart Watches,Premium Smart Watches,482.14
P0790,Samsung Galaxy Note 22 Ultra,Display 6.8 Inches. RAM 12 GB. Battery 5000 mAh. Back Camera 108 MP + 10 MP + 10 MP,https://images.priceoye.pk/samsung-galaxy-note-22-ultra-pakistan-priceoye-co0ds-270x270.webp,Samsung Galaxy Note 22 Ultra Samsung Mobile Phones Smartphones Display 6.8 Inches. RAM 12 GB. Battery 5000 mAh. Back Camera 108 MP + 10 MP + 10 MP,Samsung,5.0,Mobile Phones,Smartphones,850.0
P0791,Apple Watch Series 9 41mm Starlight Aluminum Case With Starlight Sports Band,Brand Apple. Shipping Same Day From Lahore,https://www.shophive.com/media/catalog/product/cache/3875881abdd255ac261538b8462285e9/a/p/apple_watch_11_1.jpg,Apple Watch Series 9 41mm Starlight Aluminum Case With Starlight Sports Band Apple Smart Watches Premium Smart Watches Brand Apple. Shipping Same Day From Lahore,Apple,0.0,Smart Watches,Premium Smart Watches,467.85
P0792,Dell Alienware M18 R2 i7-14700HX 32GB 1TB SSD ‎Gaming Laptop,"Brand Dell. Series Alienware. Screen Size 18"". Screen Resolution 2560 x 1600. Touchscreen No. Operating System Windows 11 Pro. Generation Intel 14th Generation. Processor Type Intel Core i7. Processor Model Info n/a. Processor Speed 2.1 GHz. Processor Turbo 5.0 GHz (Up to). Processor Cache Info n/a. RAM 32GB. HDD Interface SSD. Hard Disk Capacity 1TB SSD. Graphics Nvidia Graphics. Graphics Detail RTX 4070 (Nvidia GeForce). Video Memory 8 GB. Optical Drive No Optical Drive. USB Ports 3 ports. Numeric Pad Yes. HDMI Yes. Backlit Keyboard Yes. Warranty International Warranty. Shipping 5 - 10 Days",https://www.shophive.com/media/catalog/product/cache/3875881abdd255ac261538b8462285e9/a/s/asus_24_5.jpg,"Dell Alienware M18 R2 i7-14700HX 32GB 1TB SSD ‎Gaming Laptop Dell Laptops Gaming Laptops Brand Dell. Series Alienware. Screen Size 18"". Screen Resolution 2560 x 1600. Touchscreen No. Operating System Windows 11 Pro. Generation Intel 14th Generation. Processor Type Intel Core i7. Processor Model Info n/a. Processor Speed 2.1 GHz. Processor Turbo 5.0 GHz (Up to). Processor Cache Info n/a. RAM 32GB. HDD Interface SSD. Hard Disk Capacity 1TB SSD. Graphics Nvidia Graphics. Graphics Detail RTX 4070 (Nvidia GeForce). Video Memory 8 GB. Optical Drive No Optical Drive. USB Ports 3 ports. Numeric Pad Yes. HDMI Yes. Backlit Keyboard Yes. Warranty International Warranty. Shipping 5 - 10 Days",Dell,0.0,Laptops,Gaming Laptops,2791.07
P0793,Realme Dizo Star 300,Display 1.77. RAM 32 MB. Battery 2550 mAh. Back Camera 2 MP,https://images.priceoye.pk/realme-dizo-star-300-pakistan-priceoye-rcuw3-270x270.webp,Realme Dizo Star 300 Realme Mobile Phones Smartphones Display 1.77. RAM 32 MB. Battery 2550 mAh. Back Camera 2 MP,Realme,5.0,Mobile Phones,Smartphones,12.14
P0794,"Apple Macbook Pro M4 Pro 2024 14.2"" 24GB 1TB SSD Silver MX2F3",Brand Apple. Series Macbook Pro. Screen Size 14.2''. Screen Resolution 3024 x 1964. Touchscreen No. Operating System Mac OS. Generation Apple M4 Generation. Processor Type M4 Pro. Processor Model Info n/a. Processor Speed Info n/a. Processor Turbo Info n/a. Processor Cache Info n/a. RAM 24GB. HDD Interface SSD. Hard Disk Capacity 1TB SSD. Graphics Info na. Graphics Detail Info n/a. Video Memory Shared. Optical Drive No Optical Drive. USB Ports 3 Ports Type-C. Numeric Pad No. HDMI Yes. Backlit Keyboard Yes. Warranty Manufacturer Warranty. Shipping Same Day From Lahore,https://www.shophive.com/media/catalog/product/cache/3875881abdd255ac261538b8462285e9/m/a/mac_7_1_2.png,"Apple Macbook Pro M4 Pro 2024 14.2"" 24GB 1TB SSD Silver MX2F3 Apple Laptops MacBooks Brand Apple. Series Macbook Pro. Screen Size 14.2''. Screen Resolution 3024 x 1964. Touchscreen No. Operating System Mac OS. Generation Apple M4 Generation. Processor Type M4 Pro. Processor Model Info n/a. Processor Speed Info n/a. Processor Turbo Info n/a. Processor Cache Info n/a. RAM 24GB. HDD Interface SSD. Hard Disk Capacity 1TB SSD. Graphics Info na. Graphics Detail Info n/a. Video Memory Shared. Optical Drive No Optical Drive. USB Ports 3 Ports Type-C. Numeric Pad No. HDMI Yes. Backlit Keyboard Yes. Warranty Manufacturer Warranty. Shipping Same Day From Lahore",Apple,0.0,Laptops,MacBooks,2535.71
P0795,HP EliteBook 14 640 G9 i7-1255U 8GB 512GB SSD,"Brand HP. Series Elitebook. Screen Size 14"". Screen Resolution 1920 x 1080. Touchscreen No. Operating System Windows 11 Home. Generation Intel 12Th Generation. Processor Type Intel Core i7. Processor Model i7-1255U. Processor Speed 3.5 GHz. Processor Turbo 4.7 GHz (Up to). Processor Cache 12 MB. RAM 8GB. HDD Interface SSD. Hard Disk Capacity 512GB SSD. Graphics Intel Integrated Graphics. Graphics Detail Info n/a. Video Memory Shared. Optical Drive No Optical Drive. USB Ports 3 ports. Numeric Pad No. HDMI Yes. Backlit Keyboard Yes. Warranty 1 Year Manufacturer. Shipping Same Day From Lahore",https://www.shophive.com/media/catalog/product/cache/3875881abdd255ac261538b8462285e9/i/m/image-removebg-preview_17__16_1.png,"HP EliteBook 14 640 G9 i7-1255U 8GB 512GB SSD HP Laptops Business Laptops Brand HP. Series Elitebook. Screen Size 14"". Screen Resolution 1920 x 1080. Touchscreen No. Operating System Windows 11 Home. Generation Intel 12Th Generation. Processor Type Intel Core i7. Processor Model i7-1255U. Processor Speed 3.5 GHz. Processor Turbo 4.7 GHz (Up to). Processor Cache 12 MB. RAM 8GB. HDD Interface SSD. Hard Disk Capacity 512GB SSD. Graphics Intel Integrated Graphics. Graphics Detail Info n/a. Video Memory Shared. Optical Drive No Optical Drive. USB Ports 3 ports. Numeric Pad No. HDMI Yes. Backlit Keyboard Yes. Warranty 1 Year Manufacturer. Shipping Same Day From Lahore",HP,0.0,Laptops,Business Laptops,1178.57
P0796,Asus TUF Gaming FA401WV-RG011W AMD Ryzen AI 9 HX370 32GB 2TB SSD Gaming Laptop,"Brand Asus. Series TUF. Screen Size 14"". Screen Resolution 2560 x 1600. Touchscreen No. Operating System Windows 11 Home. Generation AMD Ryzen Generation. Processor Type AMD Ryzen 9. Processor Model Info n/a. Processor Speed 3.3 GHz. Processor Turbo 5.1GHz. Processor Cache 24 MB. RAM 32GB. HDD Interface SSD. Hard Disk Capacity 2TB. Graphics Nvidia Graphics. Graphics Detail RTX 4060 (Nvidia Geforce). Video Memory 8 GB. Optical Drive No Optical Drive. USB Ports 2 ports. Numeric Pad No. HDMI Yes. Backlit Keyboard Yes. Warranty International Warranty. Shipping 5 - 10 Days",https://www.shophive.com/media/catalog/product/cache/3875881abdd255ac261538b8462285e9/l/a/laptop_66_6.jpg,"Asus TUF Gaming FA401WV-RG011W AMD Ryzen AI 9 HX370 32GB 2TB SSD Gaming Laptop Asus Laptops Gaming Laptops Brand Asus. Series TUF. Screen Size 14"". Screen Resolution 2560 x 1600. Touchscreen No. Operating System Windows 11 Home. Generation AMD Ryzen Generation. Processor Type AMD Ryzen 9. Processor Model Info n/a. Processor Speed 3.3 GHz. Processor Turbo 5.1GHz. Processor Cache 24 MB. RAM 32GB. HDD Interface SSD. Hard Disk Capacity 2TB. Graphics Nvidia Graphics. Graphics Detail RTX 4060 (Nvidia Geforce). Video Memory 8 GB. Optical Drive No Optical Drive. USB Ports 2 ports. Numeric Pad No. HDMI Yes. Backlit Keyboard Yes. Warranty International Warranty. Shipping 5 - 10 Days",Asus,0.0,Laptops,Gaming Laptops,2367.85
P0797,Apple USB SuperDrive MD564,Brand Apple. Warranty 1 Year Local + International. Shipping Same Day From Lahore,https://www.shophive.com/media/catalog/product/cache/3875881abdd255ac261538b8462285e9/t/v/tvis3rwfftetwqbx.jpg,Apple USB SuperDrive MD564 Apple Laptops Laptops Brand Apple. Warranty 1 Year Local + International. Shipping Same Day From Lahore,Apple,0.0,Laptops,Laptops,66.07
P0798,Infinix Hot 7 Pro,Display 6.2 inches. RAM 2 GB RAM OR 3 GB RAM OR 4 GB RAM. Battery 4000 mAh. Back Camera 13 MP,https://images.priceoye.pk/infinix-hot-7-pro-pakistan-priceoye-h1kep-270x270.webp,Infinix Hot 7 Pro Infinix Mobile Phones Smartphones Display 6.2 inches. RAM 2 GB RAM OR 3 GB RAM OR 4 GB RAM. Battery 4000 mAh. Back Camera 13 MP,Infinix,4.4,Mobile Phones,Smartphones,71.42
P0799,Dell Inspiron 16 5640 i5-1334U 8GB 512GB SSD 1Y,"Brand Dell. Series Inspiron. Screen Size 16"". Screen Resolution 1920 x 1080. Touchscreen No. Operating System DOS. Generation Intel 13th Generation. Processor Type Intel Core i5. Processor Model Info n/a. Processor Speed 3.4 GHz. Processor Turbo 4.6 GHz (Up to). Processor Cache 12 MB. RAM 8GB. HDD Interface SSD. Hard Disk Capacity 512GB SSD. Graphics Intel Integrated Graphics. Graphics Detail Info n/a. Video Memory Shared. Optical Drive No Optical Drive. USB Ports 2 ports. Numeric Pad Yes. HDMI Yes. Backlit Keyboard Yes. Warranty 1 Year Manufacturer. Shipping Same Day From Lahore",https://www.shophive.com/media/catalog/product/cache/3875881abdd255ac261538b8462285e9/d/e/dell_4_15.jpg,"Dell Inspiron 16 5640 i5-1334U 8GB 512GB SSD 1Y Dell Laptops Laptops Brand Dell. Series Inspiron. Screen Size 16"". Screen Resolution 1920 x 1080. Touchscreen No. Operating System DOS. Generation Intel 13th Generation. Processor Type Intel Core i5. Processor Model Info n/a. Processor Speed 3.4 GHz. Processor Turbo 4.6 GHz (Up to). Processor Cache 12 MB. RAM 8GB. HDD Interface SSD. Hard Disk Capacity 512GB SSD. Graphics Intel Integrated Graphics. Graphics Detail Info n/a. Video Memory Shared. Optical Drive No Optical Drive. USB Ports 2 ports. Numeric Pad Yes. HDMI Yes. Backlit Keyboard Yes. Warranty 1 Year Manufacturer. Shipping Same Day From Lahore",Dell,0.0,Laptops,Laptops,780.35
P0800,Dell XPS 13 9315 i7-1250U 16GB 512GB SSD,"Brand Dell. Series XPS. Screen Size 13.4"". Screen Resolution 1920 x 1080. Touchscreen No. Operating System Windows 11 Home. Generation Intel 12Th Generation. Processor Type Intel Core i7. Processor Model i7-1250U. Processor Speed 3.5 GHz. Processor Turbo 4.7 GHz (Up to). Processor Cache 12 MB. RAM 16GB. HDD Interface SSD. Hard Disk Capacity 512GB SSD. Graphics Intel Integrated Graphics. Graphics Detail Intel Iris XE Graphics. Video Memory Shared. Optical Drive No Optical Drive. USB Ports 2 Ports Type-C. Numeric Pad No. HDMI No. Backlit Keyboard No. Warranty 7 Day Replacement. Shipping 5 - 10 Days",https://www.shophive.com/media/catalog/product/cache/3875881abdd255ac261538b8462285e9/i/m/image-removebg-preview---2023-06-07t160006.167.jpg,"Dell XPS 13 9315 i7-1250U 16GB 512GB SSD Dell Laptops Laptops Brand Dell. Series XPS. Screen Size 13.4"". Screen Resolution 1920 x 1080. Touchscreen No. Operating System Windows 11 Home. Generation Intel 12Th Generation. Processor Type Intel Core i7. Processor Model i7-1250U. Processor Speed 3.5 GHz. Processor Turbo 4.7 GHz (Up to). Processor Cache 12 MB. RAM 16GB. HDD Interface SSD. Hard Disk Capacity 512GB SSD. Graphics Intel Integrated Graphics. Graphics Detail Intel Iris XE Graphics. Video Memory Shared. Optical Drive No Optical Drive. USB Ports 2 Ports Type-C. Numeric Pad No. HDMI No. Backlit Keyboard No. Warranty 7 Day Replacement. Shipping 5 - 10 Days",Dell,0.0,Laptops,Laptops,2069.28
P0801,Samsung Galaxy A16 6GB 128GB,"Brand Samsung. Operating System Android. Screen Size 6.7"". Internal Memory 128GB. RAM 6GB. Main Camera Pixel 50.0. Dual Sim Yes. Water Resistant No. Expandable Memory Yes. Warranty 1 Year Manufacturer. Shipping 3 - 5 Days. Color Black",https://www.shophive.com/media/catalog/product/cache/3875881abdd255ac261538b8462285e9/s/a/samsung_1_4.jpg,"Samsung Galaxy A16 6GB 128GB Samsung Mobile Phones Smartphones Brand Samsung. Operating System Android. Screen Size 6.7"". Internal Memory 128GB. RAM 6GB. Main Camera Pixel 50.0. Dual Sim Yes. Water Resistant No. Expandable Memory Yes. Warranty 1 Year Manufacturer. Shipping 3 - 5 Days. Color Black",Samsung,0.0,Mobile Phones,Smartphones,160.71
P0802,Apple Watch Ultra 2 49mm Titanium Case With Indigo Alpine Loop,Brand Apple. Shipping Same Day From Lahore,https://www.shophive.com/media/catalog/product/cache/3875881abdd255ac261538b8462285e9/a/p/apple_watch_6.jpg,Apple Watch Ultra 2 49mm Titanium Case With Indigo Alpine Loop Apple Smart Watches Premium Smart Watches Brand Apple. Shipping Same Day From Lahore,Apple,0.0,Smart Watches,Premium Smart Watches,910.71
P0803,Tecno Camon 16 Pro,Display 6.8 inches. RAM 6 GB. Battery 5000 mAh. Back Camera 64 MP + 8 MP + 2 MP,https://images.priceoye.pk/tecno-camon-16-pro-pakistan-priceoye-routo-270x270.webp,Tecno Camon 16 Pro Tecno Mobile Phones Smartphones Display 6.8 inches. RAM 6 GB. Battery 5000 mAh. Back Camera 64 MP + 8 MP + 2 MP,Tecno,5.0,Mobile Phones,Smartphones,81.42
P0804,Oppo F21,Display 6.5 Inches. RAM 6 GB. Battery 4300 mAh. Back Camera 48 MP + 8 MP + 2 MP + 2 MP,https://images.priceoye.pk/oppo-f21-pakistan-priceoye-k8clo-270x270.webp,Oppo F21 Oppo Mobile Phones Smartphones Display 6.5 Inches. RAM 6 GB. Battery 4300 mAh. Back Camera 48 MP + 8 MP + 2 MP + 2 MP,Oppo,5.0,Mobile Phones,Smartphones,175.0
P0805,Lenovo ThinkPad T14s G3 i7-1255U 16GB 512gB SSD,"Brand Lenovo. Series ThinkPad. Screen Size 14"". Screen Resolution 1920 x 1080. Touchscreen No. Operating System Windows 11 Pro. Generation Intel 12Th Generation. Processor Type Intel Core i7. Processor Model i7-1255U. Processor Speed 3.5 GHz. Processor Turbo 4.7 GHz (Up to). Processor Cache 12 MB. RAM 16GB. HDD Interface SSD. Hard Disk Capacity 512GB SSD. Graphics Intel Integrated Graphics. Graphics Detail Info n/a. Video Memory Shared. Optical Drive No Optical Drive. USB Ports 2 ports. Numeric Pad No. HDMI Yes. Backlit Keyboard Yes. Warranty 7 Day Replacement. Shipping Same Day From Lahore",https://www.shophive.com/media/catalog/product/cache/3875881abdd255ac261538b8462285e9/i/m/image-removebg-preview-_27__5_4.jpg,"Lenovo ThinkPad T14s G3 i7-1255U 16GB 512gB SSD Lenovo Laptops Business Laptops Brand Lenovo. Series ThinkPad. Screen Size 14"". Screen Resolution 1920 x 1080. Touchscreen No. Operating System Windows 11 Pro. Generation Intel 12Th Generation. Processor Type Intel Core i7. Processor Model i7-1255U. Processor Speed 3.5 GHz. Processor Turbo 4.7 GHz (Up to). Processor Cache 12 MB. RAM 16GB. HDD Interface SSD. Hard Disk Capacity 512GB SSD. Graphics Intel Integrated Graphics. Graphics Detail Info n/a. Video Memory Shared. Optical Drive No Optical Drive. USB Ports 2 ports. Numeric Pad No. HDMI Yes. Backlit Keyboard Yes. Warranty 7 Day Replacement. Shipping Same Day From Lahore",Lenovo,0.0,Laptops,Business Laptops,1675.0
P0806,"Amazon Fire 7"" with Alexa 8GB (7th generation 2017) with Special Offers - Black","Brand Amazon. Operating System Proprietary OS. RAM Under 1GB. Screen Size 7"". Warranty 7 Day Replacement. Internal Memory 8GB. Expandable Memory Yes. Phone Option No. Shipping Same Day From Lahore",https://www.shophive.com/media/catalog/product/cache/3875881abdd255ac261538b8462285e9/a/m/amazon_fire_7_inch_with_alexa_8gb_7th_generation_2017_with_special_offers_-_black_3_.png,"Amazon Fire 7"" with Alexa 8GB (7th generation 2017) with Special Offers - Black Amazon Tablets Android Tablets Brand Amazon. Operating System Proprietary OS. RAM Under 1GB. Screen Size 7"". Warranty 7 Day Replacement. Internal Memory 8GB. Expandable Memory Yes. Phone Option No. Shipping Same Day From Lahore",Amazon,0.0,Tablets,Android Tablets,66.07
P0807,Oppo A15,Display 6.52 inches. RAM 2/3 GB. Battery 4230 mAh. Back Camera 13 MP + 2 MP + 2 MP,https://images.priceoye.pk/oppo-a15-pakistan-priceoye-8hwnc-270x270.webp,Oppo A15 Oppo Mobile Phones Smartphones Display 6.52 inches. RAM 2/3 GB. Battery 4230 mAh. Back Camera 13 MP + 2 MP + 2 MP,Oppo,5.0,Mobile Phones,Smartphones,82.14
P0808,Vivo Vivo V29e 8GB 256GB,"Brand Vivo. Operating System Android. Screen Size 6.6"". Internal Memory 256GB. RAM 8GB. Main Camera Pixel 50.0. Dual Sim Yes. Expandable Memory Yes. Warranty 1 Year Manufacturer. Shipping Same Day From Lahore. Color Black",https://www.shophive.com/media/catalog/product/cache/3875881abdd255ac261538b8462285e9/u/n/untitled_design_45__1.jpg,"Vivo Vivo V29e 8GB 256GB Vivo Mobile Phones Smartphones Brand Vivo. Operating System Android. Screen Size 6.6"". Internal Memory 256GB. RAM 8GB. Main Camera Pixel 50.0. Dual Sim Yes. Expandable Memory Yes. Warranty 1 Year Manufacturer. Shipping Same Day From Lahore. Color Black",Vivo,0.0,Mobile Phones,Smartphones,392.85
P0809,Xiaomi Poco C40,Display 6.71 inches. RAM 3GB. Battery 6000 mAh. Back Camera 13 MP + 2MP,https://images.priceoye.pk/xiaomi-poco-c40-pakistan-priceoye-mpqyu-270x270.webp,Xiaomi Poco C40 Xiaomi Mobile Phones Smartphones Display 6.71 inches. RAM 3GB. Battery 6000 mAh. Back Camera 13 MP + 2MP,Xiaomi,5.0,Mobile Phones,Smartphones,107.14
P0810,Lenovo LOQ 15 AI Tuned Raptor Lake i7-13650HX 24GB 512GB SSD,"Brand Lenovo. Series Gaming. Screen Size 15.6"". Screen Resolution 1920 x 1080. Touchscreen No. Operating System DOS. Generation Intel 13th Generation. Processor Type Intel Core i7. Processor Model Info n/a. Processor Speed 3.6 GHz. Processor Turbo 4.9 GHz (Up to). Processor Cache 24 MB. RAM 24GB. HDD Interface SSD. Hard Disk Capacity 512GB SSD. Graphics Nvidia Graphics. Graphics Detail RTX 4050 (Nvidia GeForce). Video Memory 6 GB. Optical Drive No Optical Drive. USB Ports 1 port. Numeric Pad Yes. HDMI Yes. Backlit Keyboard Yes. Warranty 1 Year Manufacturer. Shipping Same Day From Lahore",https://www.shophive.com/media/catalog/product/cache/3875881abdd255ac261538b8462285e9/l/e/lenovo_20_5.jpg,"Lenovo LOQ 15 AI Tuned Raptor Lake i7-13650HX 24GB 512GB SSD Lenovo Laptops Gaming Laptops Brand Lenovo. Series Gaming. Screen Size 15.6"". Screen Resolution 1920 x 1080. Touchscreen No. Operating System DOS. Generation Intel 13th Generation. Processor Type Intel Core i7. Processor Model Info n/a. Processor Speed 3.6 GHz. Processor Turbo 4.9 GHz (Up to). Processor Cache 24 MB. RAM 24GB. HDD Interface SSD. Hard Disk Capacity 512GB SSD. Graphics Nvidia Graphics. Graphics Detail RTX 4050 (Nvidia GeForce). Video Memory 6 GB. Optical Drive No Optical Drive. USB Ports 1 port. Numeric Pad Yes. HDMI Yes. Backlit Keyboard Yes. Warranty 1 Year Manufacturer. Shipping Same Day From Lahore",Lenovo,0.0,Laptops,Gaming Laptops,1175.0
P0811,Apple Mac Mini M4 Chip 2024 24GB 512GB SSD Silver - MCYT4,Brand Apple. Operating System Mac OS. Hard Disk Capacity 512GB SSD. RAM 24GB. RAM Type Info not available. Processor Type M4. Processor Turbo Info n/a. Processor Speed Info n/a. Processor Cache Info n/a. Processor Model Info n/a. Graphics Info na. Graphics Detail Info n/a. Video Memory Shared. Optical Drive No Optical Drive. Warranty Manufacturer Warranty. Shipping 24 - 48 hrs,https://www.shophive.com/media/catalog/product/cache/3875881abdd255ac261538b8462285e9/m/a/mac_3_1.jpg,Apple Mac Mini M4 Chip 2024 24GB 512GB SSD Silver - MCYT4 Apple Laptops Laptops Brand Apple. Operating System Mac OS. Hard Disk Capacity 512GB SSD. RAM 24GB. RAM Type Info not available. Processor Type M4. Processor Turbo Info n/a. Processor Speed Info n/a. Processor Cache Info n/a. Processor Model Info n/a. Graphics Info na. Graphics Detail Info n/a. Video Memory Shared. Optical Drive No Optical Drive. Warranty Manufacturer Warranty. Shipping 24 - 48 hrs,Apple,0.0,Laptops,Laptops,1214.28
P0812,Samsung Galaxy Tab S9 FE Plus WiFi (X610),Display 12.4 inches. RAM 6GB. Type Wh. Back Camera N/A,https://images.priceoye.pk/samsung-galaxy-tab-s9-fe-plus-wifi-x610-pakistan-priceoye-cqhox-270x270.webp,Samsung Galaxy Tab S9 FE Plus WiFi (X610) Samsung Tablets Android Tablets Display 12.4 inches. RAM 6GB. Type Wh. Back Camera N/A,Samsung,5.0,Tablets,Android Tablets,453.57
P0813,Tecno Pova Neo,Display 6.8 inches. RAM 4 GB. Battery 6000 mAh. Back Camera 13 MP,https://images.priceoye.pk/tecno-pova-neo-pakistan-priceoye-flbnv-270x270.webp,Tecno Pova Neo Tecno Mobile Phones Smartphones Display 6.8 inches. RAM 4 GB. Battery 6000 mAh. Back Camera 13 MP,Tecno,4.9,Mobile Phones,Smartphones,81.42
P0814,HP Victus 15-FA0212TX Gaming Laptop 12th Gen Core i7-12650H (16GB-512GB),Display 15.6″ FHD IPS. Generation 12th Generation. Processor 12th Gen Intel® Core™. Internal Memory 512 GB,https://images.priceoye.pk/hp-victus-15-fa0212tx-gaming-laptop-12th-gen-core-i7-12650h-16gb-512gb-pakistan-priceoye-km6gn-270x270.webp,HP Victus 15-FA0212TX Gaming Laptop 12th Gen Core i7-12650H (16GB-512GB) HP Laptops Gaming Laptops Display 15.6″ FHD IPS. Generation 12th Generation. Processor 12th Gen Intel® Core™. Internal Memory 512 GB,HP,5.0,Laptops,Gaming Laptops,1021.42
P0815,Itel it2166,Display 2 Inches. RAM 4 MB. Battery 1000 mAh. Back Camera 0.8 MP,https://images.priceoye.pk/itel-it2166-pakistan-priceoye-j7ttn-270x270.webp,Itel it2166 Itel Mobile Phones Smartphones Display 2 Inches. RAM 4 MB. Battery 1000 mAh. Back Camera 0.8 MP,Itel,4.9,Mobile Phones,Smartphones,9.46
P0816,Xiaomi Redmi Note 7 Pro,Display 6.3 inches. RAM 6 GB RAM OR 64 GB 4 GB RAM. Battery 4000 mAh. Back Camera 48 MP,https://images.priceoye.pk/xiaomi-redmi-note-7-pro-pakistan-priceoye-7k5pw-270x270.webp,Xiaomi Redmi Note 7 Pro Xiaomi Mobile Phones Smartphones Display 6.3 inches. RAM 6 GB RAM OR 64 GB 4 GB RAM. Battery 4000 mAh. Back Camera 48 MP,Xiaomi,4.8,Mobile Phones,Smartphones,121.42
P0817,Samsung Galaxy J6 Prime,Display 5.6 inches. RAM 4GB. Battery 3000 mAh. Back Camera 13 MP,https://images.priceoye.pk/samsung-galaxy-j6-prime-pakistan-priceoye-kl8vu-270x270.webp,Samsung Galaxy J6 Prime Samsung Mobile Phones Smartphones Display 5.6 inches. RAM 4GB. Battery 3000 mAh. Back Camera 13 MP,Samsung,5.0,Mobile Phones,Smartphones,98.21
P0818,Samsung Watch 5 Pro R920,Brand Samsung. Shipping 24 - 48 hrs,https://www.shophive.com/media/catalog/product/cache/3875881abdd255ac261538b8462285e9/s/a/samsung-galaxy-watch-5-pro-bluetooth-pakistan-priceoye-7spk0-500x500.png,Samsung Watch 5 Pro R920 Samsung Smart Watches Smart Watches Brand Samsung. Shipping 24 - 48 hrs,Samsung,0.0,Smart Watches,Smart Watches,282.14
P0819,Samsung Galaxy A02,Display 6.5 inches. RAM 3 GB. Battery 5000 mAh. Back Camera 13 MP + 2 MP,https://images.priceoye.pk/samsung-galaxy-a02-pakistan-priceoye-2b2dd-270x270.webp,Samsung Galaxy A02 Samsung Mobile Phones Smartphones Display 6.5 inches. RAM 3 GB. Battery 5000 mAh. Back Camera 13 MP + 2 MP,Samsung,4.6,Mobile Phones,Smartphones,56.07
P0820,Samsung Galaxy J1 Mini,Display 4.0 inches. RAM 1 GB RAM - GALAXY J1 NXT. Battery 1500 mAh. Back Camera 5 MP,https://images.priceoye.pk/samsung-galaxy-j1-mini-pakistan-priceoye-270x270.webp,Samsung Galaxy J1 Mini Samsung Mobile Phones Smartphones Display 4.0 inches. RAM 1 GB RAM - GALAXY J1 NXT. Battery 1500 mAh. Back Camera 5 MP,Samsung,4.0,Mobile Phones,Smartphones,29.82
P0821,Samsung Galaxy S Blaze 4G,Display 3.97 inches. RAM 1 GB RAM. Battery 1750 mAh. Back Camera 5 MP,https://images.priceoye.pk/samsung-galaxy-s-blaze-4g-pakistan-priceoye-270x270.webp,Samsung Galaxy S Blaze 4G Samsung Mobile Phones Smartphones Display 3.97 inches. RAM 1 GB RAM. Battery 1750 mAh. Back Camera 5 MP,Samsung,5.0,Mobile Phones,Smartphones,78.57
P0822,Dell Alienware X15-R2 i9-12900H 32GB 1TB SSD Gaming Laptop,"Brand Dell. Series Alienware. Screen Size 15.6"". Screen Resolution 1920 x 1080. Touchscreen No. Operating System Windows 11 Home. Generation Intel 12Th Generation. Processor Type Intel Core i9. Processor Model i9-12900H. Processor Speed 3.8 GHz. Processor Turbo 5.0 GHz (Up to). Processor Cache 24 MB. RAM 32GB. HDD Interface SSD. Hard Disk Capacity 1TB SSD. Graphics Nvidia Graphics. Graphics Detail RTX 3080 (Nvidia Geforce). Video Memory 16 GB. Optical Drive No Optical Drive. USB Ports 2 ports. Numeric Pad No. HDMI Yes. Backlit Keyboard Yes. Warranty 7 Day Replacement. Shipping 5 - 10 Days",https://www.shophive.com/media/catalog/product/cache/3875881abdd255ac261538b8462285e9/_/d/_dell-alienware-x15-r2-gaming-laptop_-myshop-pk-1_2_1.jpg,"Dell Alienware X15-R2 i9-12900H 32GB 1TB SSD Gaming Laptop Dell Laptops Gaming Laptops Brand Dell. Series Alienware. Screen Size 15.6"". Screen Resolution 1920 x 1080. Touchscreen No. Operating System Windows 11 Home. Generation Intel 12Th Generation. Processor Type Intel Core i9. Processor Model i9-12900H. Processor Speed 3.8 GHz. Processor Turbo 5.0 GHz (Up to). Processor Cache 24 MB. RAM 32GB. HDD Interface SSD. Hard Disk Capacity 1TB SSD. Graphics Nvidia Graphics. Graphics Detail RTX 3080 (Nvidia Geforce). Video Memory 16 GB. Optical Drive No Optical Drive. USB Ports 2 ports. Numeric Pad No. HDMI Yes. Backlit Keyboard Yes. Warranty 7 Day Replacement. Shipping 5 - 10 Days",Dell,0.0,Laptops,Gaming Laptops,4023.21
P0823,Xiaomi Redmi Note 5 Pro,Display 5.99 inches. RAM 4/6 GB RAM. Battery 4000 mAh. Back Camera 12 MP,https://images.priceoye.pk/xiaomi-redmi-note-5-pro-pakistan-priceoye.png,Xiaomi Redmi Note 5 Pro Xiaomi Mobile Phones Smartphones Display 5.99 inches. RAM 4/6 GB RAM. Battery 4000 mAh. Back Camera 12 MP,Xiaomi,3.3,Mobile Phones,Smartphones,114.28
P0824,Realme X9,Display 6.4 inches. RAM 8 GB. Battery 4310 mAh. Back Camera 64 MP + 8 MP + 2 MP,https://images.priceoye.pk/realme-x9-pakistan-priceoye-8jm9d-270x270.webp,Realme X9 Realme Mobile Phones Smartphones Display 6.4 inches. RAM 8 GB. Battery 4310 mAh. Back Camera 64 MP + 8 MP + 2 MP,Realme,5.0,Mobile Phones,Smartphones,142.86
P0825,Samsung Galaxy M12,Display 6.5 inches. RAM 3 GB. Battery 6000 mAh. Back Camera 48 MP + 5 MP + 2 MP + 2 MP,https://images.priceoye.pk/samsung-galaxy-m12-pakistan-priceoye-iwheu-270x270.webp,Samsung Galaxy M12 Samsung Mobile Phones Smartphones Display 6.5 inches. RAM 3 GB. Battery 6000 mAh. Back Camera 48 MP + 5 MP + 2 MP + 2 MP,Samsung,5.0,Mobile Phones,Smartphones,107.14
P0826,Huawei Watch GT3 Pro,Brand Huawei. Shipping 24 - 48 hrs,https://www.shophive.com/media/catalog/product/cache/3875881abdd255ac261538b8462285e9/i/m/image-removebg-preview_8__36_4.png,Huawei Watch GT3 Pro Huawei Smart Watches Smart Watches Brand Huawei. Shipping 24 - 48 hrs,Huawei,0.0,Smart Watches,Smart Watches,257.14
P0827,Samsung Galaxy J7 Max,Display 5.7 inches. RAM 4 GB RAM. Battery 3300 mAh. Back Camera 13 MP,https://images.priceoye.pk/samsung-galaxy-j7-max-pakistan-priceoye-270x270.webp,Samsung Galaxy J7 Max Samsung Mobile Phones Smartphones Display 5.7 inches. RAM 4 GB RAM. Battery 3300 mAh. Back Camera 13 MP,Samsung,4.3,Mobile Phones,Smartphones,116.07
P0828,Asus Zenbook A14 UX3407RA-QD906W Snapdragon X Elite X1E-78-100 32GB 1TB SSD,"Brand Asus. Series ZenBook. Screen Size 14"". Screen Resolution 1920 x 1200. Touchscreen No. Operating System Windows 11 Home. Generation Info n/a. Processor Type No info. Processor Model Info n/a. Processor Speed 3.2 GHz. Processor Turbo No. Processor Cache Info n/a. RAM 32GB. HDD Interface SSD. Hard Disk Capacity 1TB SSD. Graphics Intel Integrated Graphics. Graphics Detail Info n/a. Video Memory Shared. Optical Drive No Optical Drive. USB Ports 2 Ports Type-C. Numeric Pad No. HDMI Yes. Backlit Keyboard Yes. Warranty International Warranty. Shipping 5 - 10 Days",https://www.shophive.com/media/catalog/product/cache/3875881abdd255ac261538b8462285e9/a/s/asus_zenbook_a14_ux3407ra-qd906w_x1e-78-100_32gb_1tb_ssd_2.jpg,"Asus Zenbook A14 UX3407RA-QD906W Snapdragon X Elite X1E-78-100 32GB 1TB SSD Asus Laptops Laptops Brand Asus. Series ZenBook. Screen Size 14"". Screen Resolution 1920 x 1200. Touchscreen No. Operating System Windows 11 Home. Generation Info n/a. Processor Type No info. Processor Model Info n/a. Processor Speed 3.2 GHz. Processor Turbo No. Processor Cache Info n/a. RAM 32GB. HDD Interface SSD. Hard Disk Capacity 1TB SSD. Graphics Intel Integrated Graphics. Graphics Detail Info n/a. Video Memory Shared. Optical Drive No Optical Drive. USB Ports 2 Ports Type-C. Numeric Pad No. HDMI Yes. Backlit Keyboard Yes. Warranty International Warranty. Shipping 5 - 10 Days",Asus,0.0,Laptops,Laptops,1716.07
P0829,MSi Thin GF63-11UC i5-11400H 8GB 512GB SSD Gaming Laptop,"Brand MSI. Series Gaming. Screen Size 15.6"". Screen Resolution 1920 x 1080. Touchscreen No. Operating System Windows 11 Home. Generation Intel 11th Generation. Processor Type Intel Core i5. Processor Model i5-11400H. Processor Speed 2.7 GHz. Processor Turbo 4.5 GHz (Up to). Processor Cache 12 MB. RAM 8GB. HDD Interface SSD. Hard Disk Capacity 512GB SSD. Graphics Nvidia Graphics. Graphics Detail RTX3050 (Nvidia GeForce). Video Memory 4 GB. Optical Drive No Optical Drive. USB Ports 3 ports. Numeric Pad No. HDMI Yes. Backlit Keyboard Yes. Warranty 7 Day Replacement. Shipping 5 - 10 Days",https://www.shophive.com/media/catalog/product/cache/3875881abdd255ac261538b8462285e9/m/s/msi_1.jpg,"MSi Thin GF63-11UC i5-11400H 8GB 512GB SSD Gaming Laptop MSI Laptops Gaming Laptops Brand MSI. Series Gaming. Screen Size 15.6"". Screen Resolution 1920 x 1080. Touchscreen No. Operating System Windows 11 Home. Generation Intel 11th Generation. Processor Type Intel Core i5. Processor Model i5-11400H. Processor Speed 2.7 GHz. Processor Turbo 4.5 GHz (Up to). Processor Cache 12 MB. RAM 8GB. HDD Interface SSD. Hard Disk Capacity 512GB SSD. Graphics Nvidia Graphics. Graphics Detail RTX3050 (Nvidia GeForce). Video Memory 4 GB. Optical Drive No Optical Drive. USB Ports 3 ports. Numeric Pad No. HDMI Yes. Backlit Keyboard Yes. Warranty 7 Day Replacement. Shipping 5 - 10 Days",MSI,0.0,Laptops,Gaming Laptops,930.35
P0830,Tecno Pop 3,Display 5.7 inches. RAM 1GB. Battery 3500 mAh. Back Camera 8 MP,https://images.priceoye.pk/tecno-pop-3-pakistan-priceoye-bynsi.png,Tecno Pop 3 Tecno Mobile Phones Smartphones Display 5.7 inches. RAM 1GB. Battery 3500 mAh. Back Camera 8 MP,Tecno,4.8,Mobile Phones,Smartphones,31.43
P0831,HP ProBook 450 G9 15.6 Inches 12th Gen Core i7 Win 11 (8GB - 512GB),Display 15.6 Inches. Generation 12th Generation. Processor Intel Core i7-1255u. Internal Memory 512 GB SSD,https://images.priceoye.pk/hp-probook-450-g9-15win-6-inches-12th-gen-core-i7-windows-11-8gb-512gb-local-pakistan-priceoye-an0hl-270x270.webp,HP ProBook 450 G9 15.6 Inches 12th Gen Core i7 Win 11 (8GB - 512GB) HP Laptops Business Laptops Display 15.6 Inches. Generation 12th Generation. Processor Intel Core i7-1255u. Internal Memory 512 GB SSD,HP,5.0,Laptops,Business Laptops,1107.14
P0832,Xiaomi 12 Pro,Display 6.73 inches. RAM 12 GB. Battery 4600 mAh. Back Camera 50 MP + 50 MP + 50 MP,https://images.priceoye.pk/xiaomi-12-pro-pakistan-priceoye-4wl8l-270x270.webp,Xiaomi 12 Pro Xiaomi Mobile Phones Smartphones Display 6.73 inches. RAM 12 GB. Battery 4600 mAh. Back Camera 50 MP + 50 MP + 50 MP,Xiaomi,5.0,Mobile Phones,Smartphones,714.28
P0833,vivo Y52,Display 6.58 inches. RAM 8 GB. Battery 5000 mAh. Back Camera 64 MP + 8 MP + 2 MP,https://images.priceoye.pk/vivo-y52-pakistan-priceoye-wapu5-270x270.webp,vivo Y52 Vivo Mobile Phones Smartphones Display 6.58 inches. RAM 8 GB. Battery 5000 mAh. Back Camera 64 MP + 8 MP + 2 MP,Vivo,5.0,Mobile Phones,Smartphones,157.14
P0834,"Apple Macbook Pro 2023 M2 Max 14.2"" 1TB SSD Space Gray MPHG3",Brand Apple. Series Macbook Pro. Screen Size 14.2''. Screen Resolution 3024 x 1964. Touchscreen No. Operating System Mac OS. Generation Apple M2 Generation. Processor Type M2 Max. Processor Model Info n/a. Processor Speed Info n/a. Processor Turbo Info n/a. Processor Cache Info n/a. RAM 32GB. HDD Interface SSD. Hard Disk Capacity 1TB SSD. Graphics Info na. Graphics Detail Info n/a. Video Memory Shared. Optical Drive No Optical Drive. USB Ports 3 Ports Type-C. Numeric Pad No. HDMI Yes. Backlit Keyboard Yes. Warranty 1 Year Manufacturer. Shipping Same Day From Lahore,https://www.shophive.com/media/catalog/product/cache/3875881abdd255ac261538b8462285e9/i/m/image-removebg-preview---2023-03-13t125338.727.jpg,"Apple Macbook Pro 2023 M2 Max 14.2"" 1TB SSD Space Gray MPHG3 Apple Laptops MacBooks Brand Apple. Series Macbook Pro. Screen Size 14.2''. Screen Resolution 3024 x 1964. Touchscreen No. Operating System Mac OS. Generation Apple M2 Generation. Processor Type M2 Max. Processor Model Info n/a. Processor Speed Info n/a. Processor Turbo Info n/a. Processor Cache Info n/a. RAM 32GB. HDD Interface SSD. Hard Disk Capacity 1TB SSD. Graphics Info na. Graphics Detail Info n/a. Video Memory Shared. Optical Drive No Optical Drive. USB Ports 3 Ports Type-C. Numeric Pad No. HDMI Yes. Backlit Keyboard Yes. Warranty 1 Year Manufacturer. Shipping Same Day From Lahore",Apple,0.0,Laptops,MacBooks,3482.14
P0835,Apple AirPods Max Wireless Headphones MGYM3AM,Brand Apple. Wireless Yes. Noise Cancelling Yes. Mic Yes. Warranty 7 Day Replacement. Shipping 24 - 48 hrs,https://www.shophive.com/media/catalog/product/cache/3875881abdd255ac261538b8462285e9/d/e/design_colors_pink_front__dbqafvrvcy6a_large-removebg-preview_1.jpg,Apple AirPods Max Wireless Headphones MGYM3AM Apple Earbuds AirPods Brand Apple. Wireless Yes. Noise Cancelling Yes. Mic Yes. Warranty 7 Day Replacement. Shipping 24 - 48 hrs,Apple,0.0,Earbuds,AirPods,535.71
P0836,Apple iPhone 15 Pro 1TB PTA Approved,Brand Apple. Operating System Apple iOS. Screen Size Info N/A. Internal Memory 1 TB. RAM 8GB. Main Camera Pixel 48. Dual Sim No. Water Resistant Yes. Expandable Memory No. Warranty 1 Year Manufacturer. Shipping Same Day From Lahore. Color Black,https://www.shophive.com/media/catalog/product/cache/3875881abdd255ac261538b8462285e9/i/p/iphone_15_2_1_1.jpg,Apple iPhone 15 Pro 1TB PTA Approved Apple Mobile Phones Smartphones Brand Apple. Operating System Apple iOS. Screen Size Info N/A. Internal Memory 1 TB. RAM 8GB. Main Camera Pixel 48. Dual Sim No. Water Resistant Yes. Expandable Memory No. Warranty 1 Year Manufacturer. Shipping Same Day From Lahore. Color Black,Apple,0.0,Mobile Phones,Smartphones,2101.78
P0837,Lenovo IdeaPad Slim 3 15 AMD Ryzen 3 7320U 8GB 256GB SSD,"Brand Lenovo. Series IdeaPad. Screen Size 15.6"". Screen Resolution 1920 x 1080. Touchscreen No. Operating System DOS. Generation AMD Ryzen Generation. Processor Type AMD Ryzen 3. Processor Model Info n/a. Processor Speed 2.4 GHz. Processor Turbo 4.1 GHz (Up to). Processor Cache 4 MB. RAM 8GB. HDD Interface SSD. Hard Disk Capacity 256GB SSD. Graphics Intel Integrated Graphics. Graphics Detail Info n/a. Video Memory Shared. Optical Drive No Optical Drive. USB Ports 2 ports. Numeric Pad Yes. HDMI Yes. Backlit Keyboard Yes. Warranty 1 Year Manufacturer. Shipping Same Day From Lahore",https://www.shophive.com/media/catalog/product/cache/3875881abdd255ac261538b8462285e9/l/a/laptop_40_1.jpg,"Lenovo IdeaPad Slim 3 15 AMD Ryzen 3 7320U 8GB 256GB SSD Lenovo Laptops Laptops Brand Lenovo. Series IdeaPad. Screen Size 15.6"". Screen Resolution 1920 x 1080. Touchscreen No. Operating System DOS. Generation AMD Ryzen Generation. Processor Type AMD Ryzen 3. Processor Model Info n/a. Processor Speed 2.4 GHz. Processor Turbo 4.1 GHz (Up to). Processor Cache 4 MB. RAM 8GB. HDD Interface SSD. Hard Disk Capacity 256GB SSD. Graphics Intel Integrated Graphics. Graphics Detail Info n/a. Video Memory Shared. Optical Drive No Optical Drive. USB Ports 2 ports. Numeric Pad Yes. HDMI Yes. Backlit Keyboard Yes. Warranty 1 Year Manufacturer. Shipping Same Day From Lahore",Lenovo,0.0,Laptops,Laptops,360.71
P0838,Oppo A3,Display 6.67 Inches. RAM 6GB. Battery 5100 mAh. Back Camera 50 MP + 2 MP,https://images.priceoye.pk/oppo-a3-pakistan-priceoye-hn4ho-270x270.webp,Oppo A3 Oppo Mobile Phones Smartphones Display 6.67 Inches. RAM 6GB. Battery 5100 mAh. Back Camera 50 MP + 2 MP,Oppo,5.0,Mobile Phones,Smartphones,144.64
P0839,Samsung Galaxy J5 (2016),Display 5.2 inches. RAM 2 GB RAM. Battery 3100 mAh. Back Camera 13 MP,https://images.priceoye.pk/samsung-galaxy-j5-2016-pakistan-priceoye-270x270.webp,Samsung Galaxy J5 (2016) Samsung Mobile Phones Smartphones Display 5.2 inches. RAM 2 GB RAM. Battery 3100 mAh. Back Camera 13 MP,Samsung,4.4,Mobile Phones,Smartphones,80.35
P0840,Asus TUF Gaming A15 FA507NUR Ryzen 7 7435HS 16GB 1TB SSD,"Brand Asus. Series TUF. Screen Size 15.6"". Screen Resolution 1920 x 1080. Touchscreen No. Operating System Windows 11 Home. Generation AMD Ryzen Generation. Processor Type AMD Ryzen 7. Processor Model Info n/a. Processor Speed 3.1 GHz. Processor Turbo 4.5 GHz (Up to). Processor Cache 20 MB. RAM 16GB. HDD Interface SSD. Hard Disk Capacity 1TB SSD. Graphics Nvidia Graphics. Graphics Detail RTX 4050 (Nvidia GeForce). Video Memory 6 GB. Optical Drive No Optical Drive. USB Ports 2 ports. Numeric Pad Yes. HDMI Yes. Backlit Keyboard Yes. Warranty International Warranty. Shipping 5 - 10 Days",https://www.shophive.com/media/catalog/product/cache/3875881abdd255ac261538b8462285e9/a/s/asus_11_4_5.jpg,"Asus TUF Gaming A15 FA507NUR Ryzen 7 7435HS 16GB 1TB SSD Asus Laptops Gaming Laptops Brand Asus. Series TUF. Screen Size 15.6"". Screen Resolution 1920 x 1080. Touchscreen No. Operating System Windows 11 Home. Generation AMD Ryzen Generation. Processor Type AMD Ryzen 7. Processor Model Info n/a. Processor Speed 3.1 GHz. Processor Turbo 4.5 GHz (Up to). Processor Cache 20 MB. RAM 16GB. HDD Interface SSD. Hard Disk Capacity 1TB SSD. Graphics Nvidia Graphics. Graphics Detail RTX 4050 (Nvidia GeForce). Video Memory 6 GB. Optical Drive No Optical Drive. USB Ports 2 ports. Numeric Pad Yes. HDMI Yes. Backlit Keyboard Yes. Warranty International Warranty. Shipping 5 - 10 Days",Asus,0.0,Laptops,Gaming Laptops,1096.42
P0841,Dell XPS 9305 13.3 Inches Core i5 1135G7 (8GB Ram - 256GB SSD),Display 13.3 Inches. Generation Core i5 -1135G7. Processor Intel Core i5 - 1135G7. Internal Memory 256GB SSD,https://images.priceoye.pk/dell-xps-9305-13-3-inches-core-i5-1135g7-processor-8gb-ram-256gb-ssd-pakistan-priceoye-7zbrq-270x270.webp,Dell XPS 9305 13.3 Inches Core i5 1135G7 (8GB Ram - 256GB SSD) Dell Laptops Laptops Display 13.3 Inches. Generation Core i5 -1135G7. Processor Intel Core i5 - 1135G7. Internal Memory 256GB SSD,Dell,5.0,Laptops,Laptops,839.29
P0842,Apple MacBook Pro A2289 13 Inches Core i5 (8GB-512GB),Display 13.3-inches. Generation 8th Generation. Processor Intel Core i5 1.4GHz quad-core (8257U). Internal Memory 512 GB,https://images.priceoye.pk/apple-macbookk-pro-13-inch-core-i5-m2-chip-8gb-ram-512gb-ssd-a2289-pakistan-priceoye-sx97j-270x270.webp,Apple MacBook Pro A2289 13 Inches Core i5 (8GB-512GB) Apple Laptops MacBooks Display 13.3-inches. Generation 8th Generation. Processor Intel Core i5 1.4GHz quad-core (8257U). Internal Memory 512 GB,Apple,5.0,Laptops,MacBooks,867.85
P0843,Samsung Galaxy M60,Display 6.3 inches. RAM 6GB RAM. Battery 5000 mAh. Back Camera 24 MP,https://images.priceoye.pk/samsung-galaxy-m60-pakistan-priceoye-fcafd-270x270.webp,Samsung Galaxy M60 Samsung Mobile Phones Smartphones Display 6.3 inches. RAM 6GB RAM. Battery 5000 mAh. Back Camera 24 MP,Samsung,5.0,Mobile Phones,Smartphones,214.28
P0844,Apple Watch Ultra Titanium 49mm Case with Midnight Ocean Band,Brand Apple. Shipping On Order,https://www.shophive.com/media/catalog/product/cache/3875881abdd255ac261538b8462285e9/i/m/image-removebg-preview_-_2022-09-10t121507.148.png,Apple Watch Ultra Titanium 49mm Case with Midnight Ocean Band Apple Smart Watches Premium Smart Watches Brand Apple. Shipping On Order,Apple,0.0,Smart Watches,Premium Smart Watches,964.28
P0845,Samsung Galaxy Watch 5 40mm SM-R900,Brand Samsung. Shipping 24 - 48 hrs,https://www.shophive.com/media/catalog/product/cache/3875881abdd255ac261538b8462285e9/i/m/image-removebg-preview---2022-08-27t143324.504.jpg,Samsung Galaxy Watch 5 40mm SM-R900 Samsung Smart Watches Premium Smart Watches Brand Samsung. Shipping 24 - 48 hrs,Samsung,0.0,Smart Watches,Premium Smart Watches,196.43
P0846,Samsung Galaxy Note 10 Plus Exynos,Display 6.8inches. RAM 12 GB RAM. Battery 4300 mAh. Back Camera 16 MP,https://images.priceoye.pk/samsung-galaxy-note-10-plus-exynos-pakistan-priceoye-ak6yp-270x270.webp,Samsung Galaxy Note 10 Plus Exynos Samsung Mobile Phones Smartphones Display 6.8inches. RAM 12 GB RAM. Battery 4300 mAh. Back Camera 16 MP,Samsung,5.0,Mobile Phones,Smartphones,700.0
P0847,Samsung Galaxy A53 5G,Display 6.5 Inches. RAM 8 GB. Battery 5000 mAh. Back Camera 64 MP + 12 MP + 5 MP + 5 MP,https://images.priceoye.pk/samsung-galaxy-a53-pakistan-priceoye-wviys-270x270.webp,Samsung Galaxy A53 5G Samsung Mobile Phones Smartphones Display 6.5 Inches. RAM 8 GB. Battery 5000 mAh. Back Camera 64 MP + 12 MP + 5 MP + 5 MP,Samsung,4.9,Mobile Phones,Smartphones,332.14
P0848,Vivo Y53,Display 5.0 inches. RAM 16GB 2GB RAM. Battery 2500 mAh. Back Camera 8 MP,https://images.priceoye.pk/vivo-y53-pakistan-priceoye-270x270.webp,Vivo Y53 Vivo Mobile Phones Smartphones Display 5.0 inches. RAM 16GB 2GB RAM. Battery 2500 mAh. Back Camera 8 MP,Vivo,4.3,Mobile Phones,Smartphones,64.28
P0849,Lenovo Yoga 7 2 in 1 14 AMD Ryzen 7 8840HS 16GB 1TB SSD,"Brand Lenovo. Series Yoga. Screen Size 14"". Screen Resolution 1920 x 1200. Touchscreen Yes. Operating System Windows 11 Home. Generation AMD Ryzen Generation. Processor Type AMD Ryzen 7. Processor Model Info n/a. Processor Speed 3.3 GHz. Processor Turbo 5.1GHz. Processor Cache 16 MB. RAM 16GB. HDD Interface SSD. Hard Disk Capacity 1TB SSD. Graphics AMD Radeon Graphics. Graphics Detail Info n/a. Video Memory Shared. Optical Drive No Optical Drive. USB Ports 2 ports. Numeric Pad No. HDMI Yes. Backlit Keyboard Yes. Warranty 7 Day Replacement. Shipping Same Day From Lahore",https://www.shophive.com/media/catalog/product/cache/3875881abdd255ac261538b8462285e9/l/a/laptop_262.jpg,"Lenovo Yoga 7 2 in 1 14 AMD Ryzen 7 8840HS 16GB 1TB SSD Lenovo Laptops Laptops Brand Lenovo. Series Yoga. Screen Size 14"". Screen Resolution 1920 x 1200. Touchscreen Yes. Operating System Windows 11 Home. Generation AMD Ryzen Generation. Processor Type AMD Ryzen 7. Processor Model Info n/a. Processor Speed 3.3 GHz. Processor Turbo 5.1GHz. Processor Cache 16 MB. RAM 16GB. HDD Interface SSD. Hard Disk Capacity 1TB SSD. Graphics AMD Radeon Graphics. Graphics Detail Info n/a. Video Memory Shared. Optical Drive No Optical Drive. USB Ports 2 ports. Numeric Pad No. HDMI Yes. Backlit Keyboard Yes. Warranty 7 Day Replacement. Shipping Same Day From Lahore",Lenovo,0.0,Laptops,Laptops,923.21
P0850,HP Probook 440 G8 14 Inches 11th Gen Core i5 Win 10 (8GB - 512GB),Display 14 Inches. Generation 11th Generation. Processor Intel Core i5 1135G7 QuadCore. Internal Memory 512 GB SSD,https://images.priceoye.pk/hp-probook-440-g8-14-inches-11th-gen-core-i5-windows-10-8gb-512gb-local-pakistan-priceoye-ib2m4-270x270.webp,HP Probook 440 G8 14 Inches 11th Gen Core i5 Win 10 (8GB - 512GB) HP Laptops Business Laptops Display 14 Inches. Generation 11th Generation. Processor Intel Core i5 1135G7 QuadCore. Internal Memory 512 GB SSD,HP,5.0,Laptops,Business Laptops,821.42
P0851,Asus Tuf Gaming F15 FX507VU-I7161G i7-13620H 16GB 1TB SSD,"Brand Asus. Series TUF. Screen Size 15.6"". Screen Resolution 1920 x 1080. Touchscreen No. Operating System Windows 11 Home. Generation Intel 13th Generation. Processor Type Intel Core i7. Processor Model Info n/a. Processor Speed 3.6 GHz. Processor Turbo 4.9 GHz (Up to). Processor Cache 24 MB. RAM 16GB. HDD Interface SSD. Hard Disk Capacity 1TB SSD. Graphics Nvidia Graphics. Graphics Detail RTX 4050 (Nvidia GeForce). Video Memory 6 GB. Optical Drive No Optical Drive. USB Ports 2 ports. Numeric Pad Yes. HDMI Yes. Backlit Keyboard Yes. Warranty International Warranty. Shipping Same Day From Lahore",https://www.shophive.com/media/catalog/product/cache/3875881abdd255ac261538b8462285e9/l/a/laptop_57_1_2_1.jpg,"Asus Tuf Gaming F15 FX507VU-I7161G i7-13620H 16GB 1TB SSD Asus Laptops Gaming Laptops Brand Asus. Series TUF. Screen Size 15.6"". Screen Resolution 1920 x 1080. Touchscreen No. Operating System Windows 11 Home. Generation Intel 13th Generation. Processor Type Intel Core i7. Processor Model Info n/a. Processor Speed 3.6 GHz. Processor Turbo 4.9 GHz (Up to). Processor Cache 24 MB. RAM 16GB. HDD Interface SSD. Hard Disk Capacity 1TB SSD. Graphics Nvidia Graphics. Graphics Detail RTX 4050 (Nvidia GeForce). Video Memory 6 GB. Optical Drive No Optical Drive. USB Ports 2 ports. Numeric Pad Yes. HDMI Yes. Backlit Keyboard Yes. Warranty International Warranty. Shipping Same Day From Lahore",Asus,0.0,Laptops,Gaming Laptops,1325.0
P0852,Samsung Galaxy Tab A9 Plus 5G with 1 year Official Warranty,Display 11.0. RAM 8GB. Type Wh. Back Camera 8.0 MP,https://images.priceoye.pk/samsung-galaxy-tab-a9-5g-pakistan-priceoye-c41lt-270x270.webp,Samsung Galaxy Tab A9 Plus 5G with 1 year Official Warranty Samsung Tablets Android Tablets Display 11.0. RAM 8GB. Type Wh. Back Camera 8.0 MP,Samsung,5.0,Tablets,Android Tablets,246.43
P0853,Xiaomi Redmi Note 14,Display 6.7 Inches. RAM 8GB. Battery 5500 mAh. Back Camera 108MP+2MP+2MP,https://images.priceoye.pk/xiaomi-redmi-note-14-pakistan-priceoye-xhh9b-270x270.webp,Xiaomi Redmi Note 14 Xiaomi Mobile Phones Smartphones Display 6.7 Inches. RAM 8GB. Battery 5500 mAh. Back Camera 108MP+2MP+2MP,Xiaomi,4.9,Mobile Phones,Smartphones,173.21
P0854,Xiaomi Mi Mix Fold,Display 8.01 inches. RAM 12/16 GB. Battery 5020 mAh. Back Camera 108 MP + 13 MP + 8 MP,https://images.priceoye.pk/xiaomi-mi-mix-fold-pakistan-priceoye-x2gwm-270x270.webp,Xiaomi Mi Mix Fold Xiaomi Mobile Phones Smartphones Display 8.01 inches. RAM 12/16 GB. Battery 5020 mAh. Back Camera 108 MP + 13 MP + 8 MP,Xiaomi,5.0,Mobile Phones,Smartphones,500.0
P0855,"HP 24"" AMD Ryzen 3 3250U 4GB 512GB SSD All-In-One Desktop pc",Brand HP. Operating System DOS. Hard Disk Capacity 512GB. RAM 4GB. RAM Type DDR4. Processor Type AMD Ryzen 3. Processor Turbo 2.6 GHz (Up to). Processor Speed 3.5 GHz. Processor Cache 4 MB. Processor Model Info n/a. Graphics Intel Integrated Graphics. Graphics Detail Info n/a. Video Memory Shared. Optical Drive No Optical Drive. Warranty 1 Year Manufacturer. Shipping Same Day From Lahore,https://www.shophive.com/media/catalog/product/cache/3875881abdd255ac261538b8462285e9/h/p/hp_7_3.jpg,"HP 24"" AMD Ryzen 3 3250U 4GB 512GB SSD All-In-One Desktop pc HP Laptops Laptops Brand HP. Operating System DOS. Hard Disk Capacity 512GB. RAM 4GB. RAM Type DDR4. Processor Type AMD Ryzen 3. Processor Turbo 2.6 GHz (Up to). Processor Speed 3.5 GHz. Processor Cache 4 MB. Processor Model Info n/a. Graphics Intel Integrated Graphics. Graphics Detail Info n/a. Video Memory Shared. Optical Drive No Optical Drive. Warranty 1 Year Manufacturer. Shipping Same Day From Lahore",HP,0.0,Laptops,Laptops,535.71
P0856,"HP 15-DY5131WM Laptop 12thGen Core i3 (8GB RAM, 256GB SSD)",Display 15.6. Generation 12th Gen. Processor 12th Generation Intel® Core™ i3 processor. Internal Memory 256 GB PCIe® NVMe™ M.2 SSD,https://images.priceoye.pk/hp-15-dy5131wm-laptop-12thgen-core-i3-8gb-ram-256gb-ssd-pakistan-priceoye-o15l6-270x270.webp,"HP 15-DY5131WM Laptop 12thGen Core i3 (8GB RAM, 256GB SSD) HP Laptops Laptops Display 15.6. Generation 12th Gen. Processor 12th Generation Intel® Core™ i3 processor. Internal Memory 256 GB PCIe® NVMe™ M.2 SSD",HP,4.0,Laptops,Laptops,392.85
P0857,Oppo F7 Youth,Display 6.0 inches. RAM 4 GB RAM. Battery 3410 mAh. Back Camera 13 MP,https://images.priceoye.pk/oppo-f7-youth-pakistan-priceoye-bcjp1-270x270.webp,Oppo F7 Youth Oppo Mobile Phones Smartphones Display 6.0 inches. RAM 4 GB RAM. Battery 3410 mAh. Back Camera 13 MP,Oppo,4.3,Mobile Phones,Smartphones,96.42
P0858,Vivo Y83,Display 6.22 inches. RAM 2/4 GB. Battery 3260 mAh. Back Camera 13 MP,https://images.priceoye.pk/vivo-y83-pakistan-priceoye-qefw1-270x270.webp,Vivo Y83 Vivo Mobile Phones Smartphones Display 6.22 inches. RAM 2/4 GB. Battery 3260 mAh. Back Camera 13 MP,Vivo,2.8,Mobile Phones,Smartphones,135.36
P0859,Oppo Reno 7 Pro,Display 6.5 Inches. RAM 12 GB. Battery 4500 mAh. Back Camera 50 MP + 16 MP + 13 MP + 2 MP,https://images.priceoye.pk/oppo-reno-6-pakistan-priceoye-90uyh-270x270.webp,Oppo Reno 7 Pro Oppo Mobile Phones Smartphones Display 6.5 Inches. RAM 12 GB. Battery 4500 mAh. Back Camera 50 MP + 16 MP + 13 MP + 2 MP,Oppo,5.0,Mobile Phones,Smartphones,400.0
P0860,Lenovo Yoga 7i 2 in 1 16IML9 Intel Core Ultra 5 125U 16GB 512GB SSD 1Y,"Brand Lenovo. Series Yoga. Screen Size 16"". Screen Resolution 1920 x 1200. Touchscreen No. Operating System Windows 11 Home. Generation Info n/a. Processor Type No info. Processor Model Info n/a. Processor Speed 1.3 GHz. Processor Turbo 4.3 GHz (Up to). Processor Cache 12 MB. RAM 16GB. HDD Interface SSD. Hard Disk Capacity 512GB SSD. Graphics Intel Integrated Graphics. Graphics Detail Info n/a. Video Memory Shared. Optical Drive No Optical Drive. USB Ports 2 ports. Numeric Pad Yes. HDMI Yes. Backlit Keyboard Yes. Warranty 1 Year Manufacturer. Shipping Same Day From Lahore",https://www.shophive.com/media/catalog/product/cache/3875881abdd255ac261538b8462285e9/l/e/lenovo_35_1.jpg,"Lenovo Yoga 7i 2 in 1 16IML9 Intel Core Ultra 5 125U 16GB 512GB SSD 1Y Lenovo Laptops Laptops Brand Lenovo. Series Yoga. Screen Size 16"". Screen Resolution 1920 x 1200. Touchscreen No. Operating System Windows 11 Home. Generation Info n/a. Processor Type No info. Processor Model Info n/a. Processor Speed 1.3 GHz. Processor Turbo 4.3 GHz (Up to). Processor Cache 12 MB. RAM 16GB. HDD Interface SSD. Hard Disk Capacity 512GB SSD. Graphics Intel Integrated Graphics. Graphics Detail Info n/a. Video Memory Shared. Optical Drive No Optical Drive. USB Ports 2 ports. Numeric Pad Yes. HDMI Yes. Backlit Keyboard Yes. Warranty 1 Year Manufacturer. Shipping Same Day From Lahore",Lenovo,0.0,Laptops,Laptops,889.28
P0861,Tecno Spark 5,Display 6.6 inches. RAM 2GB. Battery 5000 mAh. Back Camera 13 MP,https://images.priceoye.pk/tecno-spark-5-pakistan-priceoye-0h3c0-270x270.webp,Tecno Spark 5 Tecno Mobile Phones Smartphones Display 6.6 inches. RAM 2GB. Battery 5000 mAh. Back Camera 13 MP,Tecno,5.0,Mobile Phones,Smartphones,89.28
P0862,Zero Spark Smart Watch,Display 35mm. Screen Type HD Clear Display. Calling Yes. Battery Life 7 Days,https://images.priceoye.pk/zero-spark-smart-watch-pakistan-priceoye-568ai-270x270.webp,Zero Spark Smart Watch Zero Smart Watches Smart Watches Display 35mm. Screen Type HD Clear Display. Calling Yes. Battery Life 7 Days,Zero,4.0,Smart Watches,Smart Watches,23.57
P0863,Xiaomi Mi 6 Plus,Display 5.7 inches. RAM 6 GB RAM. Battery 4500 mAh. Back Camera 12 MP,https://images.priceoye.pk/xiaomi-mi-6-plus-pakistan-priceoye-270x270.webp,Xiaomi Mi 6 Plus Xiaomi Mobile Phones Smartphones Display 5.7 inches. RAM 6 GB RAM. Battery 4500 mAh. Back Camera 12 MP,Xiaomi,4.0,Mobile Phones,Smartphones,339.29
P0864,Realme V11 5G,Display 6.5 inches. RAM 6 GB. Battery 5000 mAh. Back Camera 13 MP + 2 MP,https://images.priceoye.pk/realme-v11-5g-pakistan-priceoye-338ei-270x270.webp,Realme V11 5G Realme Mobile Phones Smartphones Display 6.5 inches. RAM 6 GB. Battery 5000 mAh. Back Camera 13 MP + 2 MP,Realme,5.0,Mobile Phones,Smartphones,78.57
P0865,Xiaomi Pocophone F1,Display 6.18 inches. RAM 8 GB RAM OR 64/128 GB 6 GB RAM. Battery 4000 mAh. Back Camera 12 MP,https://images.priceoye.pk/xiaomi-pocophone-f1-pakistan-priceoye-sojaw-270x270.webp,Xiaomi Pocophone F1 Xiaomi Mobile Phones Smartphones Display 6.18 inches. RAM 8 GB RAM OR 64/128 GB 6 GB RAM. Battery 4000 mAh. Back Camera 12 MP,Xiaomi,4.5,Mobile Phones,Smartphones,185.71
P0866,Oppo A3 6GB 256GB,"Brand Oppo. Operating System Android. Screen Size 6.6"". Internal Memory 256GB. RAM 6GB. Main Camera Pixel 50.0. Dual Sim Yes. Water Resistant No. Expandable Memory Yes. Warranty 1 Year Manufacturer. Shipping 3 - 5 Days. Color Lavender",https://www.shophive.com/media/catalog/product/cache/3875881abdd255ac261538b8462285e9/i/m/image-removebg-preview_-_2024-11-18t152745.219.jpg,"Oppo A3 6GB 256GB Oppo Mobile Phones Smartphones Brand Oppo. Operating System Android. Screen Size 6.6"". Internal Memory 256GB. RAM 6GB. Main Camera Pixel 50.0. Dual Sim Yes. Water Resistant No. Expandable Memory Yes. Warranty 1 Year Manufacturer. Shipping 3 - 5 Days. Color Lavender",Oppo,0.0,Mobile Phones,Smartphones,164.28
P0867,Dell Inspiron 5402 14 Inches Core i7 (8GB RAM - 512GB SSD),Display 14 Inches. Generation 11th Generation. Processor Intel Core i7. Internal Memory 512GB SSD,https://images.priceoye.pk/dell-inspiron-5402-14-inches-core-i7-8gb-ram-512gb-ssd-pakistan-priceoye-yt1ib-270x270.webp,Dell Inspiron 5402 14 Inches Core i7 (8GB RAM - 512GB SSD) Dell Laptops Laptops Display 14 Inches. Generation 11th Generation. Processor Intel Core i7. Internal Memory 512GB SSD,Dell,5.0,Laptops,Laptops,628.57
P0868,Samsung Galaxy S20 Ultra,Display 6.9 inches. RAM 12GB. Battery 5000 mAh. Back Camera 108 MP + 48 MP + 12 MP + 0.3 MP,https://images.priceoye.pk/samsung-galaxy-s20-ultra-pakistan-priceoye-hxrju-270x270.webp,Samsung Galaxy S20 Ultra Samsung Mobile Phones Smartphones Display 6.9 inches. RAM 12GB. Battery 5000 mAh. Back Camera 108 MP + 48 MP + 12 MP + 0.3 MP,Samsung,4.7,Mobile Phones,Smartphones,764.28
P0869,"Apple Macbook Pro MRX83 M3 Max 14.2"" 36GB 1TB SSD Silver 2023",Brand Apple. Series Macbook Pro. Screen Size 14.2''. Screen Resolution 3024 x 1964. Touchscreen No. Operating System Mac OS. Generation Apple M3 Generation. Processor Type M3 Max. Processor Model Info n/a. Processor Speed Info n/a. Processor Turbo Info n/a. Processor Cache Info n/a. RAM 36GB. HDD Interface SSD. Hard Disk Capacity 1TB SSD. Graphics Info na. Graphics Detail Info n/a. Video Memory Shared. Optical Drive No Optical Drive. USB Ports 2 Ports Type-C. Numeric Pad No. HDMI Yes. Backlit Keyboard Yes. Warranty Manufacturer Warranty. Shipping 24 - 48 hrs,https://www.shophive.com/media/catalog/product/cache/3875881abdd255ac261538b8462285e9/m/a/macbook_9_4.jpg,"Apple Macbook Pro MRX83 M3 Max 14.2"" 36GB 1TB SSD Silver 2023 Apple Laptops MacBooks Brand Apple. Series Macbook Pro. Screen Size 14.2''. Screen Resolution 3024 x 1964. Touchscreen No. Operating System Mac OS. Generation Apple M3 Generation. Processor Type M3 Max. Processor Model Info n/a. Processor Speed Info n/a. Processor Turbo Info n/a. Processor Cache Info n/a. RAM 36GB. HDD Interface SSD. Hard Disk Capacity 1TB SSD. Graphics Info na. Graphics Detail Info n/a. Video Memory Shared. Optical Drive No Optical Drive. USB Ports 2 Ports Type-C. Numeric Pad No. HDMI Yes. Backlit Keyboard Yes. Warranty Manufacturer Warranty. Shipping 24 - 48 hrs",Apple,0.0,Laptops,MacBooks,3107.14
P0870,vivo T1 Pro,Display 6.6 Inches. RAM 8 GB. Battery 5000 mAh. Back Camera 50 MP,https://images.priceoye.pk/vivo-t1-pro-pakistan-priceoye-s3c4i-270x270.webp,vivo T1 Pro Vivo Mobile Phones Smartphones Display 6.6 Inches. RAM 8 GB. Battery 5000 mAh. Back Camera 50 MP,Vivo,5.0,Mobile Phones,Smartphones,178.57
P0871,Vivo X21s,Display 6.41inches. RAM 6 GB RAM. Battery 3400 mAh. Back Camera 12 MP,https://images.priceoye.pk/vivo-x21s-pakistan-priceoye-ko541-270x270.webp,Vivo X21s Vivo Mobile Phones Smartphones Display 6.41inches. RAM 6 GB RAM. Battery 3400 mAh. Back Camera 12 MP,Vivo,5.0,Mobile Phones,Smartphones,194.64
P0872,Itel A49,Display 6.6 Inches. RAM 2 GB. Battery 4000 mAh. Back Camera 5MP + QVGA,https://images.priceoye.pk/itel-a49-pakistan-priceoye-xag7g-270x270.webp,Itel A49 Itel Mobile Phones Smartphones Display 6.6 Inches. RAM 2 GB. Battery 4000 mAh. Back Camera 5MP + QVGA,Itel,4.9,Mobile Phones,Smartphones,56.78
P0873,HP Omen 16 AE0073cl i7-14650HX 32GB 1TB SSD Gaming Laptop,"Brand HP. Series Omen. Screen Size 16"". Screen Resolution 1920 x 1080. Touchscreen No. Operating System Windows 11 Home. Generation Intel 14th Generation. Processor Type Intel Core i7. Processor Model Info n/a. Processor Speed 2.2 GHz. Processor Turbo 5.1GHz. Processor Cache Info n/a. RAM 32GB. HDD Interface SSD. Hard Disk Capacity 1TB SSD. Graphics Nvidia Graphics. Graphics Detail Info n/a. Video Memory 8 GB. Optical Drive No Optical Drive. USB Ports 3 ports. Numeric Pad Yes. HDMI Yes. Backlit Keyboard Yes. Warranty 7 Day Replacement. Shipping Same Day From Lahore",https://www.shophive.com/media/catalog/product/cache/3875881abdd255ac261538b8462285e9/l/a/laptop_46_7.jpg,"HP Omen 16 AE0073cl i7-14650HX 32GB 1TB SSD Gaming Laptop HP Laptops Gaming Laptops Brand HP. Series Omen. Screen Size 16"". Screen Resolution 1920 x 1080. Touchscreen No. Operating System Windows 11 Home. Generation Intel 14th Generation. Processor Type Intel Core i7. Processor Model Info n/a. Processor Speed 2.2 GHz. Processor Turbo 5.1GHz. Processor Cache Info n/a. RAM 32GB. HDD Interface SSD. Hard Disk Capacity 1TB SSD. Graphics Nvidia Graphics. Graphics Detail Info n/a. Video Memory 8 GB. Optical Drive No Optical Drive. USB Ports 3 ports. Numeric Pad Yes. HDMI Yes. Backlit Keyboard Yes. Warranty 7 Day Replacement. Shipping Same Day From Lahore",HP,0.0,Laptops,Gaming Laptops,1387.5
P0874,Samsung Galaxy A90 5G,Display 6.7 inches. RAM 8 GB. Battery 4500 mAh. Back Camera 48 MP + 8 MP + 5 MP,https://images.priceoye.pk/samsung-galaxy-a90-pakistan-priceoye-qedeh-270x270.webp,Samsung Galaxy A90 5G Samsung Mobile Phones Smartphones Display 6.7 inches. RAM 8 GB. Battery 4500 mAh. Back Camera 48 MP + 8 MP + 5 MP,Samsung,4.3,Mobile Phones,Smartphones,357.14
P0875,Infinix Smart 8 Pro,Display 6.62 Inches. RAM 4 GB. Battery 5000 mAh. Back Camera 50MP + AI Cam,https://images.priceoye.pk/infinix-smart-8-pro-pakistan-priceoye-angzz-270x270.webp,Infinix Smart 8 Pro Infinix Mobile Phones Smartphones Display 6.62 Inches. RAM 4 GB. Battery 5000 mAh. Back Camera 50MP + AI Cam,Infinix,4.9,Mobile Phones,Smartphones,89.28
P0876,Dany Monster 4G LTE,Display 7 inch. RAM 2GB. Type 2200 mAh. Back Camera 5 MP,https://images.priceoye.pk/dany-monster-4g-lte-pakistan-priceoye-45v1m-270x270.webp,Dany Monster 4G LTE Dany Tablets Android Tablets Display 7 inch. RAM 2GB. Type 2200 mAh. Back Camera 5 MP,Dany,5.0,Tablets,Android Tablets,65.35
P0877,vivo Y20G,Display 6.51 inches. RAM 6 GB. Battery 5000 mAh. Back Camera 13MP + 2MP + 2MP,https://images.priceoye.pk/vivo-y20g-pakistan-priceoye-mvluy-270x270.webp,vivo Y20G Vivo Mobile Phones Smartphones Display 6.51 inches. RAM 6 GB. Battery 5000 mAh. Back Camera 13MP + 2MP + 2MP,Vivo,5.0,Mobile Phones,Smartphones,114.29
P0878,Xiaomi Redmi Y4,Display 6.26 inches. RAM 64GB 4GB RAM. Battery 4000 mAh. Back Camera 12 MP,https://images.priceoye.pk/xiaomi-redmi-y4-pakistan-priceoye-9v59s-270x270.webp,Xiaomi Redmi Y4 Xiaomi Mobile Phones Smartphones Display 6.26 inches. RAM 64GB 4GB RAM. Battery 4000 mAh. Back Camera 12 MP,Xiaomi,5.0,Mobile Phones,Smartphones,73.81
P0879,Lenovo ThinkBook 14 G7 IML Intel Core Ultra 7 155H 8GB 512GB SSD 1y,"Brand Lenovo. Series ThinkBook. Screen Size 14"". Screen Resolution 1920 x 1200. Touchscreen No. Operating System DOS. Generation Info n/a. Processor Type No info. Processor Model Info n/a. Processor Speed 1.4 GHz. Processor Turbo 4.8 GHz (Up to). Processor Cache 24 MB. RAM 8GB. HDD Interface SSD. Hard Disk Capacity 512GB SSD. Graphics Intel Integrated Graphics. Graphics Detail Info n/a. Video Memory Shared. Optical Drive No Optical Drive. USB Ports 2 ports. Numeric Pad Yes. HDMI Yes. Backlit Keyboard No. Warranty 1 Year Manufacturer. Shipping Same Day From Lahore",https://www.shophive.com/media/catalog/product/cache/3875881abdd255ac261538b8462285e9/l/a/laptop_97_7.jpg,"Lenovo ThinkBook 14 G7 IML Intel Core Ultra 7 155H 8GB 512GB SSD 1y Lenovo Laptops Laptops Brand Lenovo. Series ThinkBook. Screen Size 14"". Screen Resolution 1920 x 1200. Touchscreen No. Operating System DOS. Generation Info n/a. Processor Type No info. Processor Model Info n/a. Processor Speed 1.4 GHz. Processor Turbo 4.8 GHz (Up to). Processor Cache 24 MB. RAM 8GB. HDD Interface SSD. Hard Disk Capacity 512GB SSD. Graphics Intel Integrated Graphics. Graphics Detail Info n/a. Video Memory Shared. Optical Drive No Optical Drive. USB Ports 2 ports. Numeric Pad Yes. HDMI Yes. Backlit Keyboard No. Warranty 1 Year Manufacturer. Shipping Same Day From Lahore",Lenovo,0.0,Laptops,Laptops,855.35
P0880,Xiaomi Redmi Note 14 Pro,Display 6.67 Inches. RAM 8/12 GB. Battery 5500 mAh. Back Camera 200MP+8MP+2MP,https://images.priceoye.pk/xiaomi-redmi-note-14-pro-pakistan-priceoye-b73ki-270x270.webp,Xiaomi Redmi Note 14 Pro Xiaomi Mobile Phones Smartphones Display 6.67 Inches. RAM 8/12 GB. Battery 5500 mAh. Back Camera 200MP+8MP+2MP,Xiaomi,4.9,Mobile Phones,Smartphones,255.36
P0881,Apple Watch Ultra 49mm Titanium Case with Green Alpine Loop,Brand Apple. Shipping On Order,https://www.shophive.com/media/catalog/product/cache/3875881abdd255ac261538b8462285e9/i/m/image-removebg-preview_-_2022-09-08t185212.251.png,Apple Watch Ultra 49mm Titanium Case with Green Alpine Loop Apple Smart Watches Premium Smart Watches Brand Apple. Shipping On Order,Apple,0.0,Smart Watches,Premium Smart Watches,964.28
P0882,Dell Alienware M15 Ryzen 9 6900HX 32GB 1TB SSD Gaming Laptop,"Brand Dell. Series Alienware. Screen Size 15.6"". Screen Resolution 1920 x 1080. Touchscreen No. Operating System Windows 11 Home. Generation AMD Ryzen Generation. Processor Type AMD Ryzen 9. Processor Model Ryzen 9 6900HX. Processor Speed 3.3 GHz. Processor Turbo 4.9 GHz (Up to). Processor Cache 16 MB. RAM 32GB. HDD Interface SSD. Hard Disk Capacity 1TB SSD. Graphics Nvidia Graphics. Graphics Detail RTX3070Ti (Nvidia Geforce). Video Memory 8 GB. Optical Drive No Optical Drive. USB Ports 3 ports. Numeric Pad No. HDMI Yes. Backlit Keyboard Yes. Warranty 7 Day Replacement. Shipping 5 - 10 Days",https://www.shophive.com/media/catalog/product/cache/3875881abdd255ac261538b8462285e9/1/_/1_1__4.jpg,"Dell Alienware M15 Ryzen 9 6900HX 32GB 1TB SSD Gaming Laptop Dell Laptops Gaming Laptops Brand Dell. Series Alienware. Screen Size 15.6"". Screen Resolution 1920 x 1080. Touchscreen No. Operating System Windows 11 Home. Generation AMD Ryzen Generation. Processor Type AMD Ryzen 9. Processor Model Ryzen 9 6900HX. Processor Speed 3.3 GHz. Processor Turbo 4.9 GHz (Up to). Processor Cache 16 MB. RAM 32GB. HDD Interface SSD. Hard Disk Capacity 1TB SSD. Graphics Nvidia Graphics. Graphics Detail RTX3070Ti (Nvidia Geforce). Video Memory 8 GB. Optical Drive No Optical Drive. USB Ports 3 ports. Numeric Pad No. HDMI Yes. Backlit Keyboard Yes. Warranty 7 Day Replacement. Shipping 5 - 10 Days",Dell,0.0,Laptops,Gaming Laptops,2923.21
P0883,Samsung Galaxy J8,Display 6.0 inches. RAM 4 GB RAM OR 32 GB 3 GB RAM. Battery 3500 mAh. Back Camera 16 MP,https://images.priceoye.pk/samsung-galaxy-j8-pakistan-priceoye-5e5qj-270x270.webp,Samsung Galaxy J8 Samsung Mobile Phones Smartphones Display 6.0 inches. RAM 4 GB RAM OR 32 GB 3 GB RAM. Battery 3500 mAh. Back Camera 16 MP,Samsung,3.8,Mobile Phones,Smartphones,146.43
P0884,itel Muzik 400,Display 2.4 inches. RAM NO. Battery 3000 mAh. Back Camera VGA,https://images.priceoye.pk/itel-muzik-400-pakistan-priceoye-e3cr6-270x270.webp,itel Muzik 400 Itel Mobile Phones Smartphones Display 2.4 inches. RAM NO. Battery 3000 mAh. Back Camera VGA,Itel,4.9,Mobile Phones,Smartphones,16.78
P0885,Dell XPS 13-9320 2476 i7-1260P 16GB 1TB SSD,"Brand Dell. Series XPS. Screen Size 13.4"". Screen Resolution 3840 x 2400. Touchscreen Yes. Operating System Windows 11 Home. Generation Intel 12Th Generation. Processor Type Intel Core i7. Processor Model i7-1260P. Processor Speed 3.4 GHz. Processor Turbo 3.7 GHz (Up to). Processor Cache 18 MB. RAM 16GB. HDD Interface SSD. Hard Disk Capacity 1TB SSD. Graphics Intel Integrated Graphics. Graphics Detail Info n/a. Video Memory Shared. Optical Drive No Optical Drive. USB Ports 2 ports. Numeric Pad No. HDMI Yes. Backlit Keyboard No. Warranty 7 Day Replacement. Shipping 5 - 10 Days",https://www.shophive.com/media/catalog/product/cache/3875881abdd255ac261538b8462285e9/d/e/dell-xsp-13-9320-myshop-pk-1_1.jpg,"Dell XPS 13-9320 2476 i7-1260P 16GB 1TB SSD Dell Laptops Laptops Brand Dell. Series XPS. Screen Size 13.4"". Screen Resolution 3840 x 2400. Touchscreen Yes. Operating System Windows 11 Home. Generation Intel 12Th Generation. Processor Type Intel Core i7. Processor Model i7-1260P. Processor Speed 3.4 GHz. Processor Turbo 3.7 GHz (Up to). Processor Cache 18 MB. RAM 16GB. HDD Interface SSD. Hard Disk Capacity 1TB SSD. Graphics Intel Integrated Graphics. Graphics Detail Info n/a. Video Memory Shared. Optical Drive No Optical Drive. USB Ports 2 ports. Numeric Pad No. HDMI Yes. Backlit Keyboard No. Warranty 7 Day Replacement. Shipping 5 - 10 Days",Dell,0.0,Laptops,Laptops,2690.71
P0886,Samsung Galaxy F23,Display 6.4 inches. RAM 4 GB. Battery 5000 mAh. Back Camera 48 MP + 8 MP + 2 MP + 2 MP,https://images.priceoye.pk/samsung-galaxy-f23-pakistan-priceoye-wiz45-270x270.webp,Samsung Galaxy F23 Samsung Mobile Phones Smartphones Display 6.4 inches. RAM 4 GB. Battery 5000 mAh. Back Camera 48 MP + 8 MP + 2 MP + 2 MP,Samsung,5.0,Mobile Phones,Smartphones,170.0
P0887,Xiaomi Redmi K50 Ultra,Display 6.67 inches. RAM 8/12GB RAM. Battery 5000 mAh. Back Camera 108 / 8 / 2,https://images.priceoye.pk/xiaomi-redmi-k50-ultra-pakistan-priceoye-t2xwf-270x270.webp,Xiaomi Redmi K50 Ultra Xiaomi Mobile Phones Smartphones Display 6.67 inches. RAM 8/12GB RAM. Battery 5000 mAh. Back Camera 108 / 8 / 2,Xiaomi,5.0,Mobile Phones,Smartphones,500.0
P0888,Samsung Galaxy S7 edge,Display 5.5 inches. RAM 4 GB RAM. Battery 3600 mAh. Back Camera 12 MP,https://images.priceoye.pk/samsung-galaxy-s7-edge-pakistan-priceoye-270x270.webp,Samsung Galaxy S7 edge Samsung Mobile Phones Smartphones Display 5.5 inches. RAM 4 GB RAM. Battery 3600 mAh. Back Camera 12 MP,Samsung,4.5,Mobile Phones,Smartphones,175.0
P0889,"Microsoft Surface Laptop 5 15"" i7-1255U 32GB 1TB SSD","Brand Microsoft. Series Surface. Screen Size 15.0"". Screen Resolution 2496 x 1664. Touchscreen Yes. Operating System Windows 11 Home. Generation Intel 12Th Generation. Processor Type Intel Core i7. Processor Model i7-1255U. Processor Speed 3.5 GHz. Processor Turbo 4.7 GHz (Up to). Processor Cache 12 MB. RAM 32GB. HDD Interface SSD. Hard Disk Capacity 1TB SSD. Graphics Intel Integrated Graphics. Graphics Detail Intel Iris XE Graphics. Video Memory Shared. Optical Drive No Optical Drive. USB Ports 1 port. Numeric Pad No. HDMI No. Backlit Keyboard Yes. Warranty 7 Day Replacement. Shipping 24 - 48 hrs",https://www.shophive.com/media/catalog/product/cache/3875881abdd255ac261538b8462285e9/i/m/image-removebg-preview---2023-01-17t152034.092_3_1.jpg,"Microsoft Surface Laptop 5 15"" i7-1255U 32GB 1TB SSD Microsoft Laptops Business Laptops Brand Microsoft. Series Surface. Screen Size 15.0"". Screen Resolution 2496 x 1664. Touchscreen Yes. Operating System Windows 11 Home. Generation Intel 12Th Generation. Processor Type Intel Core i7. Processor Model i7-1255U. Processor Speed 3.5 GHz. Processor Turbo 4.7 GHz (Up to). Processor Cache 12 MB. RAM 32GB. HDD Interface SSD. Hard Disk Capacity 1TB SSD. Graphics Intel Integrated Graphics. Graphics Detail Intel Iris XE Graphics. Video Memory Shared. Optical Drive No Optical Drive. USB Ports 1 port. Numeric Pad No. HDMI No. Backlit Keyboard Yes. Warranty 7 Day Replacement. Shipping 24 - 48 hrs",Microsoft,0.0,Laptops,Business Laptops,2071.43
P0890,Oppo A11x,Display 6.5inches. RAM 8 GB RAM. Battery 5000 mAh. Back Camera 48 MP,https://images.priceoye.pk/oppo-a11x-pakistan-priceoye-bt65t-270x270.webp,Oppo A11x Oppo Mobile Phones Smartphones Display 6.5inches. RAM 8 GB RAM. Battery 5000 mAh. Back Camera 48 MP,Oppo,5.0,Mobile Phones,Smartphones,165.18
P0891,Tecno Camon 19 Pro Mondrian,Display 6.8 Inches. RAM 8 GB. Battery 5000 mAh. Back Camera 64 MP + 50 MP + 2 MP,https://images.priceoye.pk/tecno-camon-19-pro-mondrian-pakistan-priceoye-s55le-270x270.webp,Tecno Camon 19 Pro Mondrian Tecno Mobile Phones Smartphones Display 6.8 Inches. RAM 8 GB. Battery 5000 mAh. Back Camera 64 MP + 50 MP + 2 MP,Tecno,5.0,Mobile Phones,Smartphones,232.14
P0892,Samsung Galaxy A15 8GB 256GB,"Brand Samsung. Operating System Android. Screen Size 6.5"". Internal Memory 256GB. RAM 8GB. Main Camera Pixel 50.0. Dual Sim Yes. Water Resistant Yes. Expandable Memory No. Warranty 1 Year Manufacturer. Shipping 3 - 5 Days. Color Blue Black",https://www.shophive.com/media/catalog/product/cache/3875881abdd255ac261538b8462285e9/u/n/untitled_design_16_.png,"Samsung Galaxy A15 8GB 256GB Samsung Mobile Phones Smartphones Brand Samsung. Operating System Android. Screen Size 6.5"". Internal Memory 256GB. RAM 8GB. Main Camera Pixel 50.0. Dual Sim Yes. Water Resistant Yes. Expandable Memory No. Warranty 1 Year Manufacturer. Shipping 3 - 5 Days. Color Blue Black",Samsung,0.0,Mobile Phones,Smartphones,170.71
P0893,Xiaomi Black Shark Helo,Display 6.01 inches. RAM 10 GB RAM 128 GB 6/8 GB RAM. Battery 4000 mAh. Back Camera 12 MP,https://images.priceoye.pk/xiaomi-black-shark-helo-pakistan-priceoye-0gfg9-270x270.webp,Xiaomi Black Shark Helo Xiaomi Mobile Phones Smartphones Display 6.01 inches. RAM 10 GB RAM 128 GB 6/8 GB RAM. Battery 4000 mAh. Back Camera 12 MP,Xiaomi,4.3,Mobile Phones,Smartphones,257.14
P0894,Samsung Galaxy Note 20,Display 6.7 inches. RAM 8 GB. Battery 4300 mAh. Back Camera 12MP + 12MP + 64 MP,https://images.priceoye.pk/samsung-galaxy-note-20-pakistan-priceoye-dyril-270x270.webp,Samsung Galaxy Note 20 Samsung Mobile Phones Smartphones Display 6.7 inches. RAM 8 GB. Battery 4300 mAh. Back Camera 12MP + 12MP + 64 MP,Samsung,5.0,Mobile Phones,Smartphones,642.85
P0895,Xiaomi 13,Display 6.36 Inches. RAM 8/ 12 GB. Battery 4500 mAh. Back Camera 50 MP + 10 MP + 12 MP,https://images.priceoye.pk/xiaomi-13-pakistan-priceoye-s5r0p-270x270.webp,Xiaomi 13 Xiaomi Mobile Phones Smartphones Display 6.36 Inches. RAM 8/ 12 GB. Battery 4500 mAh. Back Camera 50 MP + 10 MP + 12 MP,Xiaomi,5.0,Mobile Phones,Smartphones,657.14
P0896,Samsung Galaxy Note 10e,Display 6.3inches. RAM 12 GB RAM. Battery 3500 mAh. Back Camera 12 MP,https://images.priceoye.pk/samsung-galaxy-note-10e-pakistan-priceoye-k6w5z-270x270.webp,Samsung Galaxy Note 10e Samsung Mobile Phones Smartphones Display 6.3inches. RAM 12 GB RAM. Battery 3500 mAh. Back Camera 12 MP,Samsung,5.0,Mobile Phones,Smartphones,464.28
P0897,Samsung Galaxy Tab A8 10.5 inches (X205),Display 10.5 inches. RAM 3 GB. Type 7040 mAh. Back Camera 8 MP,https://images.priceoye.pk/samsung-galaxy-tab-a8-10-5-inches-x205-pakistan-priceoye-h1tyo-270x270.webp,Samsung Galaxy Tab A8 10.5 inches (X205) Samsung Tablets Android Tablets Display 10.5 inches. RAM 3 GB. Type 7040 mAh. Back Camera 8 MP,Samsung,4.8,Tablets,Android Tablets,210.71
P0898,Xiaomi Mi 10S,Display 6.67 inches. RAM 8/12 GB. Battery 4780 mAh. Back Camera 108 MP + 13 MP + 2 MP + 2 MP,https://images.priceoye.pk/xiaomi-mi-10s-pakistan-priceoye-cr3w3-270x270.webp,Xiaomi Mi 10S Xiaomi Mobile Phones Smartphones Display 6.67 inches. RAM 8/12 GB. Battery 4780 mAh. Back Camera 108 MP + 13 MP + 2 MP + 2 MP,Xiaomi,5.0,Mobile Phones,Smartphones,303.57
P0899,Lenovo Legion Pro 5 Raptor Lake i7-14650HX 16GB 1TB SSD 1Y,"Brand Lenovo. Series Legion. Screen Size 16"". Screen Resolution 2560 x 1600. Touchscreen No. Operating System Windows 11 Home. Generation Intel 14th Generation. Processor Type Intel Core i7. Processor Model Info n/a. Processor Speed 2.2 GHz. Processor Turbo 5.1GHz. Processor Cache Info n/a. RAM 16GB. HDD Interface SSD. Hard Disk Capacity 1TB SSD. Graphics Nvidia Graphics. Graphics Detail RTX 4060 (Nvidia Geforce). Video Memory 8 GB. Optical Drive No Optical Drive. USB Ports 3 ports. Numeric Pad Yes. HDMI Yes. Backlit Keyboard Yes. Warranty 1 Year Manufacturer. Shipping Same Day From Lahore",https://www.shophive.com/media/catalog/product/cache/3875881abdd255ac261538b8462285e9/l/a/laptop_133_4.jpg,"Lenovo Legion Pro 5 Raptor Lake i7-14650HX 16GB 1TB SSD 1Y Lenovo Laptops Gaming Laptops Brand Lenovo. Series Legion. Screen Size 16"". Screen Resolution 2560 x 1600. Touchscreen No. Operating System Windows 11 Home. Generation Intel 14th Generation. Processor Type Intel Core i7. Processor Model Info n/a. Processor Speed 2.2 GHz. Processor Turbo 5.1GHz. Processor Cache Info n/a. RAM 16GB. HDD Interface SSD. Hard Disk Capacity 1TB SSD. Graphics Nvidia Graphics. Graphics Detail RTX 4060 (Nvidia Geforce). Video Memory 8 GB. Optical Drive No Optical Drive. USB Ports 3 ports. Numeric Pad Yes. HDMI Yes. Backlit Keyboard Yes. Warranty 1 Year Manufacturer. Shipping Same Day From Lahore",Lenovo,0.0,Laptops,Gaming Laptops,1789.28
P0900,Samsung Galaxy A8 (2016),Display 5.7 inches. RAM 3 GB RAM. Battery 3300 mAh. Back Camera 16 MP,https://images.priceoye.pk/samsung-galaxy-a8-2016-pakistan-priceoye.png,Samsung Galaxy A8 (2016) Samsung Mobile Phones Smartphones Display 5.7 inches. RAM 3 GB RAM. Battery 3300 mAh. Back Camera 16 MP,Samsung,5.0,Mobile Phones,Smartphones,132.14
P0901,XP-PEN Deco Pro LW GEN2 Graphic Drawing Tablet with K05,Brand Xp Pen. Operating System No. RAM Info Not Availible. Screen Size Info N/A. Warranty 7 Day Replacement. Internal Memory Not Available. Expandable Memory No. Phone Option No. Shipping 24 - 48 hrs,https://www.shophive.com/media/catalog/product/cache/3875881abdd255ac261538b8462285e9/t/a/tablet_3.jpg,XP-PEN Deco Pro LW GEN2 Graphic Drawing Tablet with K05 XP Pen Tablets Drawing Tablets Brand Xp Pen. Operating System No. RAM Info Not Availible. Screen Size Info N/A. Warranty 7 Day Replacement. Internal Memory Not Available. Expandable Memory No. Phone Option No. Shipping 24 - 48 hrs,XP Pen,0.0,Tablets,Drawing Tablets,189.28
P0902,Vivo iQOO Neo 5 Lite,Display 6.57 inches. RAM 8/12 GB. Battery 4500 mAh. Back Camera 48 MP + 8 MP + 2 MP,https://images.priceoye.pk/vivo-iqoo-neo-5-lite-pakistan-priceoye-6th2i-270x270.webp,Vivo iQOO Neo 5 Lite Vivo Mobile Phones Smartphones Display 6.57 inches. RAM 8/12 GB. Battery 4500 mAh. Back Camera 48 MP + 8 MP + 2 MP,Vivo,5.0,Mobile Phones,Smartphones,171.43
P0903,XP-PEN Artist 13.3″ Pro Graphic Tablet,"Brand Xp Pen. Operating System No. RAM Info Not Availible. Screen Size 13.3"". Warranty 7 Day Replacement. Internal Memory Not Available. Expandable Memory No. Phone Option No. Shipping Same Day From Lahore",https://www.shophive.com/media/catalog/product/cache/3875881abdd255ac261538b8462285e9/i/m/image-removebg-preview---2022-10-29t163041.459.jpg,"XP-PEN Artist 13.3″ Pro Graphic Tablet XP Pen Tablets Drawing Tablets Brand Xp Pen. Operating System No. RAM Info Not Availible. Screen Size 13.3"". Warranty 7 Day Replacement. Internal Memory Not Available. Expandable Memory No. Phone Option No. Shipping Same Day From Lahore",XP Pen,0.0,Tablets,Drawing Tablets,325.0
P0904,HP Notebook 15 250 G10 i7-1355U 8GB 512GB SSD,"Brand HP. Series Notebook. Screen Size 15.6"". Screen Resolution 1920 x 1080. Touchscreen No. Operating System DOS. Generation Intel 13th Generation. Processor Type Intel Core i7. Processor Model i7-1355U. Processor Speed 1.7 GHz. Processor Turbo 5.0 GHz (Up to). Processor Cache 12 MB. RAM 8GB. HDD Interface SSD. Hard Disk Capacity 512GB SSD. Graphics Intel Integrated Graphics. Graphics Detail Intel Iris XE Graphics. Video Memory Shared. Optical Drive No Optical Drive. USB Ports 2 ports. Numeric Pad Yes. HDMI Yes. Backlit Keyboard Yes. Warranty International Warranty. Shipping Same Day From Lahore",https://www.shophive.com/media/catalog/product/cache/3875881abdd255ac261538b8462285e9/h/p/hp_2_3_1.jpg,"HP Notebook 15 250 G10 i7-1355U 8GB 512GB SSD HP Laptops Laptops Brand HP. Series Notebook. Screen Size 15.6"". Screen Resolution 1920 x 1080. Touchscreen No. Operating System DOS. Generation Intel 13th Generation. Processor Type Intel Core i7. Processor Model i7-1355U. Processor Speed 1.7 GHz. Processor Turbo 5.0 GHz (Up to). Processor Cache 12 MB. RAM 8GB. HDD Interface SSD. Hard Disk Capacity 512GB SSD. Graphics Intel Integrated Graphics. Graphics Detail Intel Iris XE Graphics. Video Memory Shared. Optical Drive No Optical Drive. USB Ports 2 ports. Numeric Pad Yes. HDMI Yes. Backlit Keyboard Yes. Warranty International Warranty. Shipping Same Day From Lahore",HP,0.0,Laptops,Laptops,646.42
P0905,Tecno Camon 18P,Display 6.8 Inches. RAM 8 GB. Battery 5000 mAh. Back Camera 48 MP + 13 MP + 2 MP,https://images.priceoye.pk/tecno-camon-18p-pakistan-priceoye-hjuas-270x270.webp,Tecno Camon 18P Tecno Mobile Phones Smartphones Display 6.8 Inches. RAM 8 GB. Battery 5000 mAh. Back Camera 48 MP + 13 MP + 2 MP,Tecno,4.9,Mobile Phones,Smartphones,162.5
P0906,Xiaomi Poco X3 NFC,Display 6.67 inches. RAM 6 GB. Battery 5160 mAh. Back Camera 64 MP + 13 MP + 2 MP + 2 MP,https://images.priceoye.pk/xiaomi-poco-x3-nfc-pakistan-priceoye-girv6-270x270.webp,Xiaomi Poco X3 NFC Xiaomi Mobile Phones Smartphones Display 6.67 inches. RAM 6 GB. Battery 5160 mAh. Back Camera 64 MP + 13 MP + 2 MP + 2 MP,Xiaomi,4.8,Mobile Phones,Smartphones,138.57
P0907,Sparx Neo X 4GB 128GB,"Brand Sparx. Operating System Android. Screen Size 6.5"". Internal Memory 128GB. RAM 4GB. Main Camera Pixel 50.0. Dual Sim Yes. Water Resistant No. Expandable Memory Yes. Warranty 1 Year Manufacturer. Shipping Same Day From Lahore. Color Elite Chocolate",https://www.shophive.com/media/catalog/product/cache/3875881abdd255ac261538b8462285e9/s/p/sparx_2_2.jpg,"Sparx Neo X 4GB 128GB Sparx Mobile Phones Smartphones Brand Sparx. Operating System Android. Screen Size 6.5"". Internal Memory 128GB. RAM 4GB. Main Camera Pixel 50.0. Dual Sim Yes. Water Resistant No. Expandable Memory Yes. Warranty 1 Year Manufacturer. Shipping Same Day From Lahore. Color Elite Chocolate",Sparx,0.0,Mobile Phones,Smartphones,81.42
P0908,Samsung Galaxy S25,Display 6.2 Inches. RAM 12 GB. Battery 4000 mAh. Back Camera 50MP + 10MP + 12MP,https://images.priceoye.pk/samsung-galaxy-s25-pakistan-priceoye-8jmcb-270x270.webp,Samsung Galaxy S25 Samsung Mobile Phones Smartphones Display 6.2 Inches. RAM 12 GB. Battery 4000 mAh. Back Camera 50MP + 10MP + 12MP,Samsung,5.0,Mobile Phones,Smartphones,1071.42
P0909,Xiaomi Shark 5 Pro,Display 6.67 inches. RAM 8/12 GB. Battery 4650 mAh. Back Camera 108 MP + 13 MP + 5 MP,https://images.priceoye.pk/xiaomi-shark-5-pro-pakistan-priceoye-dmr28-270x270.webp,Xiaomi Shark 5 Pro Xiaomi Mobile Phones Smartphones Display 6.67 inches. RAM 8/12 GB. Battery 4650 mAh. Back Camera 108 MP + 13 MP + 5 MP,Xiaomi,5.0,Mobile Phones,Smartphones,356.36
P0910,Apple 44mm Charcoal Braided Solo Loop Size 10,Brand Apple. Warranty 7 Day Replacement. Shipping Same Day From Lahore,https://www.shophive.com/media/catalog/product/cache/3875881abdd255ac261538b8462285e9/m/y/my8l2ref.jpg,Apple 44mm Charcoal Braided Solo Loop Size 10 Apple Smart Watches Smart Watches Brand Apple. Warranty 7 Day Replacement. Shipping Same Day From Lahore,Apple,0.0,Smart Watches,Smart Watches,89.28
P0911,Xiaomi Poco F5,Display 6.67 inches. RAM 12 GB. Battery 5000 mAh. Back Camera 64 MP + 8 MP + 2 MP,https://images.priceoye.pk/xiaomi-poco-f5-pakistan-priceoye-5wo1j-270x270.webp,Xiaomi Poco F5 Xiaomi Mobile Phones Smartphones Display 6.67 inches. RAM 12 GB. Battery 5000 mAh. Back Camera 64 MP + 8 MP + 2 MP,Xiaomi,5.0,Mobile Phones,Smartphones,285.71
P0912,Samsung Galaxy S22 Plus,Display 6.6 Inches `. RAM 8/12 GB. Battery 4500 mAh. Back Camera 50 MP + 10 MP + 12 MP,https://images.priceoye.pk/samsung-galaxy-s22-plus-pakistan-priceoye-24khb-270x270.webp,Samsung Galaxy S22 Plus Samsung Mobile Phones Smartphones Display 6.6 Inches `. RAM 8/12 GB. Battery 4500 mAh. Back Camera 50 MP + 10 MP + 12 MP,Samsung,5.0,Mobile Phones,Smartphones,750.0
P0913,Xiaomi Redmi K50i,Display 6.6 inches. RAM 6GB/8GB RAM. Battery 5080 mAh. Back Camera 64/ 8/2Mp,https://images.priceoye.pk/xiaomi-redmi-k50i-pakistan-priceoye-i23sy-270x270.webp,Xiaomi Redmi K50i Xiaomi Mobile Phones Smartphones Display 6.6 inches. RAM 6GB/8GB RAM. Battery 5080 mAh. Back Camera 64/ 8/2Mp,Xiaomi,5.0,Mobile Phones,Smartphones,196.43
P0914,HP Elitebook 660 G11 U7 | Intel® Core™ Ultra 7 155U (8GB-512GB),"Display 16″ Diagonal, WUXGA. Generation N/A. Processor Intel® Core™ Ultra 7 155U. Internal Memory 512 GB",https://images.priceoye.pk/hp-elitebook-660-g11-u7-intel-core-ultra-7-155u-8gb-512gb-pakistan-priceoye-p4bbu-270x270.webp,"HP Elitebook 660 G11 U7 | Intel® Core™ Ultra 7 155U (8GB-512GB) HP Laptops Business Laptops Display 16″ Diagonal, WUXGA. Generation N/A. Processor Intel® Core™ Ultra 7 155U. Internal Memory 512 GB",HP,5.0,Laptops,Business Laptops,1057.14
P0915,Samsung Galaxy R880 Classic Watch 4 42mm,Brand Samsung. Shipping Same Day From Lahore,https://www.shophive.com/media/catalog/product/cache/3875881abdd255ac261538b8462285e9/g/a/galaxy-watch4-classic-1__1_-removebg-preview-removebg-preview_1.png,Samsung Galaxy R880 Classic Watch 4 42mm Samsung Smart Watches Smart Watches Brand Samsung. Shipping Same Day From Lahore,Samsung,0.0,Smart Watches,Smart Watches,207.14
P0916,Apple Airpods Max Wireless Headphones MGYJ3AM,Brand Apple. Wireless Yes. Noise Cancelling Yes. Mic Yes. Warranty 7 Day Replacement. Shipping 24 - 48 hrs,https://www.shophive.com/media/catalog/product/cache/3875881abdd255ac261538b8462285e9/d/e/design_colors_silver_front__g8c839jaldqy_large-removebg-preview.jpg,Apple Airpods Max Wireless Headphones MGYJ3AM Apple Earbuds AirPods Brand Apple. Wireless Yes. Noise Cancelling Yes. Mic Yes. Warranty 7 Day Replacement. Shipping 24 - 48 hrs,Apple,0.0,Earbuds,AirPods,535.71
P0917,Apple iMac M3 Chip 24 Inch 16GB 512GB SSD (Z195) Silver,Brand Apple. Operating System Mac OS. Hard Disk Capacity 512GB SSD. RAM 16GB. RAM Type Info not available. Processor Type M3. Processor Turbo Info n/a. Processor Speed Info n/a. Processor Cache Info n/a. Processor Model Info n/a. Graphics Info na. Graphics Detail Info n/a. Video Memory Shared. Optical Drive No Optical Drive. Warranty Manufacturer Warranty. Shipping Same Day From Lahore,https://www.shophive.com/media/catalog/product/cache/3875881abdd255ac261538b8462285e9/i/m/imac_1_4.jpg,Apple iMac M3 Chip 24 Inch 16GB 512GB SSD (Z195) Silver Apple Laptops Laptops Brand Apple. Operating System Mac OS. Hard Disk Capacity 512GB SSD. RAM 16GB. RAM Type Info not available. Processor Type M3. Processor Turbo Info n/a. Processor Speed Info n/a. Processor Cache Info n/a. Processor Model Info n/a. Graphics Info na. Graphics Detail Info n/a. Video Memory Shared. Optical Drive No Optical Drive. Warranty Manufacturer Warranty. Shipping Same Day From Lahore,Apple,0.0,Laptops,Laptops,2428.57
P0918,Tecno Pova Neo 2,Display 6.82 Inches. RAM 4 GB. Battery 7000 mAh. Back Camera 16 MP,https://images.priceoye.pk/tecno-pova-neo-2-pakistan-priceoye-gqzkr-270x270.webp,Tecno Pova Neo 2 Tecno Mobile Phones Smartphones Display 6.82 Inches. RAM 4 GB. Battery 7000 mAh. Back Camera 16 MP,Tecno,5.0,Mobile Phones,Smartphones,130.35
P0919,Realme Note 60 4GB 128GB,"Brand Realme. Operating System Android. Screen Size 6.7"". Internal Memory 128GB. RAM 4GB. Main Camera Pixel 32. Dual Sim Yes. Water Resistant Yes. Expandable Memory Yes. Warranty 1 Year Manufacturer. Shipping Same Day From Lahore. Color Lavender",https://www.shophive.com/media/catalog/product/cache/3875881abdd255ac261538b8462285e9/i/m/image-removebg-preview_-_2024-10-25t181950.139.jpg,"Realme Note 60 4GB 128GB Realme Mobile Phones Smartphones Brand Realme. Operating System Android. Screen Size 6.7"". Internal Memory 128GB. RAM 4GB. Main Camera Pixel 32. Dual Sim Yes. Water Resistant Yes. Expandable Memory Yes. Warranty 1 Year Manufacturer. Shipping Same Day From Lahore. Color Lavender",Realme,0.0,Mobile Phones,Smartphones,95.71
P0920,Apple MagSafe Battery Pack,Brand Apple. Warranty 7 Day Replacement. Shipping Same Day From Lahore,https://www.shophive.com/media/catalog/product/cache/3875881abdd255ac261538b8462285e9/m/j/mjwy3.jpg,Apple MagSafe Battery Pack Apple Mobile Phones Smartphones Brand Apple. Warranty 7 Day Replacement. Shipping Same Day From Lahore,Apple,0.0,Mobile Phones,Smartphones,142.85
P0921,Wacom Intuos Pro Medium -PTH-660,"Brand Wacom. Operating System Proprietary OS. RAM 2GB. Screen Size 13"". Warranty 7 Day Replacement. Internal Memory Not Available. Expandable Memory No. Phone Option No. Shipping Same Day From Lahore",https://www.shophive.com/media/catalog/product/cache/3875881abdd255ac261538b8462285e9/w/a/wacom-intuos-pro-gallery-g1.png,"Wacom Intuos Pro Medium -PTH-660 Wacom Tablets Drawing Tablets Brand Wacom. Operating System Proprietary OS. RAM 2GB. Screen Size 13"". Warranty 7 Day Replacement. Internal Memory Not Available. Expandable Memory No. Phone Option No. Shipping Same Day From Lahore",Wacom,0.0,Tablets,Drawing Tablets,385.71
P0922,Samsung Galaxy S10e Exynos,Display 5.8inches. RAM 6 GB RAM OR 8 GB RAM. Battery 3100 mAh. Back Camera 12 MP,https://images.priceoye.pk/samsung-galaxy-s10e-exynos-pakistan-priceoye-hjdqc-270x270.webp,Samsung Galaxy S10e Exynos Samsung Mobile Phones Smartphones Display 5.8inches. RAM 6 GB RAM OR 8 GB RAM. Battery 3100 mAh. Back Camera 12 MP,Samsung,5.0,Mobile Phones,Smartphones,446.43
P0923,Xiaomi 12,Display 6.28 inches. RAM 12 GB. Battery 4500 mAh. Back Camera 50 MP + 13 MP + 5 MP,https://images.priceoye.pk/xiaomi-12-pakistan-priceoye-mhbfq-270x270.webp,Xiaomi 12 Xiaomi Mobile Phones Smartphones Display 6.28 inches. RAM 12 GB. Battery 4500 mAh. Back Camera 50 MP + 13 MP + 5 MP,Xiaomi,4.9,Mobile Phones,Smartphones,714.28
P0924,Oppo Reno 9 Pro,Display 6.7 Inches. RAM 8/12 GB. Battery 4500 mAh. Back Camera 50 MP + 8 MP + 2 MP,https://images.priceoye.pk/oppo-reno-9-pro-pakistan-priceoye-p8tpx-270x270.webp,Oppo Reno 9 Pro Oppo Mobile Phones Smartphones Display 6.7 Inches. RAM 8/12 GB. Battery 4500 mAh. Back Camera 50 MP + 8 MP + 2 MP,Oppo,5.0,Mobile Phones,Smartphones,382.14
P0925,HP Spectre x360 14 EU0013dx Ultra 7 155H 16GB 1TB SSD,"Brand HP. Series Spectre. Screen Size 14"". Screen Resolution 2880 x 1800. Touchscreen Yes. Operating System Windows 11 Home. Generation Info n/a. Processor Type Intel Core Ultra 7. Processor Model Ultra 7 155H. Processor Speed 1.4 GHz. Processor Turbo 4.8 GHz (Up to). Processor Cache 24 MB. RAM 16GB. HDD Interface SSD. Hard Disk Capacity 1TB SSD. Graphics Intel Integrated Graphics. Graphics Detail Info n/a. Video Memory Shared. Optical Drive No Optical Drive. USB Ports 2 Ports Type-C. Numeric Pad No. HDMI No. Backlit Keyboard Yes. Warranty International Warranty. Shipping Same Day From Lahore",https://www.shophive.com/media/catalog/product/cache/3875881abdd255ac261538b8462285e9/l/a/laptop_73_3.jpg,"HP Spectre x360 14 EU0013dx Ultra 7 155H 16GB 1TB SSD HP Laptops Laptops Brand HP. Series Spectre. Screen Size 14"". Screen Resolution 2880 x 1800. Touchscreen Yes. Operating System Windows 11 Home. Generation Info n/a. Processor Type Intel Core Ultra 7. Processor Model Ultra 7 155H. Processor Speed 1.4 GHz. Processor Turbo 4.8 GHz (Up to). Processor Cache 24 MB. RAM 16GB. HDD Interface SSD. Hard Disk Capacity 1TB SSD. Graphics Intel Integrated Graphics. Graphics Detail Info n/a. Video Memory Shared. Optical Drive No Optical Drive. USB Ports 2 Ports Type-C. Numeric Pad No. HDMI No. Backlit Keyboard Yes. Warranty International Warranty. Shipping Same Day From Lahore",HP,0.0,Laptops,Laptops,1410.71
P0926,Realme C2,Display 6.1 inches. RAM 2/3GB. Battery 4000 mAh. Back Camera 13 MP + 2 MP,https://images.priceoye.pk/realme-c2-pakistan-priceoye-ylv5k-270x270.webp,Realme C2 Realme Mobile Phones Smartphones Display 6.1 inches. RAM 2/3GB. Battery 4000 mAh. Back Camera 13 MP + 2 MP,Realme,4.4,Mobile Phones,Smartphones,57.14
P0927,Realme C65,Display 6.67 inches. RAM 8GB LPDDR4X RAM. Battery 5000 mAh. Back Camera 50MP,https://images.priceoye.pk/realme-c65-pakistan-priceoye-g83h2-270x270.webp,Realme C65 Realme Mobile Phones Smartphones Display 6.67 inches. RAM 8GB LPDDR4X RAM. Battery 5000 mAh. Back Camera 50MP,Realme,4.8,Mobile Phones,Smartphones,135.0
P0928,Oppo F5 Youth,Display 6.0 inches. RAM 3 GB RAM OR 32 GB 4 GB RAM (A73). Battery 3200 mAh. Back Camera 13 MP,https://images.priceoye.pk/oppo-f5-youth-pakistan-priceoye.png,Oppo F5 Youth Oppo Mobile Phones Smartphones Display 6.0 inches. RAM 3 GB RAM OR 32 GB 4 GB RAM (A73). Battery 3200 mAh. Back Camera 13 MP,Oppo,4.3,Mobile Phones,Smartphones,91.79
P0929,Samsung Galaxy J7 Duo,Display 5.5 inches. RAM 4 GB RAM. Battery 3000 mAh. Back Camera 13 MP,https://images.priceoye.pk/samsung-galaxy-j7-duo-pakistan-priceoye-2nv1g-270x270.webp,Samsung Galaxy J7 Duo Samsung Mobile Phones Smartphones Display 5.5 inches. RAM 4 GB RAM. Battery 3000 mAh. Back Camera 13 MP,Samsung,4.0,Mobile Phones,Smartphones,103.57
P0930,HP 15 FD0240TU Raptor Lake i5-1334U 8GB 512GB SSD,"Brand HP. Series Notebook. Screen Size 15.6"". Screen Resolution 1920 x 1080. Touchscreen No. Operating System Windows 11 Home. Generation Intel 13th Generation. Processor Type Intel Core i5. Processor Model Info n/a. Processor Speed 1.3 GHz. Processor Turbo 4.6 GHz (Up to). Processor Cache 12 MB. RAM 8GB. HDD Interface SSD. Hard Disk Capacity 512GB SSD. Graphics Intel Integrated Graphics. Graphics Detail Intel Iris XE Graphics. Video Memory Shared. Optical Drive No Optical Drive. USB Ports 2 ports. Numeric Pad Yes. HDMI Yes. Backlit Keyboard Yes. Warranty 1 Year Manufacturer. Shipping Same Day From Lahore",https://www.shophive.com/media/catalog/product/cache/3875881abdd255ac261538b8462285e9/l/a/laptop_257_1.jpg,"HP 15 FD0240TU Raptor Lake i5-1334U 8GB 512GB SSD HP Laptops Laptops Brand HP. Series Notebook. Screen Size 15.6"". Screen Resolution 1920 x 1080. Touchscreen No. Operating System Windows 11 Home. Generation Intel 13th Generation. Processor Type Intel Core i5. Processor Model Info n/a. Processor Speed 1.3 GHz. Processor Turbo 4.6 GHz (Up to). Processor Cache 12 MB. RAM 8GB. HDD Interface SSD. Hard Disk Capacity 512GB SSD. Graphics Intel Integrated Graphics. Graphics Detail Intel Iris XE Graphics. Video Memory Shared. Optical Drive No Optical Drive. USB Ports 2 ports. Numeric Pad Yes. HDMI Yes. Backlit Keyboard Yes. Warranty 1 Year Manufacturer. Shipping Same Day From Lahore",HP,0.0,Laptops,Laptops,525.0
P0931,Realme X7 Max 5G,Display 6.43 inches. RAM 8/12 GB. Battery 4500 mAh. Back Camera 64 MP + 8 MP + 2 MP,https://images.priceoye.pk/realme-x7-max-5g-pakistan-priceoye-kgmk8-270x270.webp,Realme X7 Max 5G Realme Mobile Phones Smartphones Display 6.43 inches. RAM 8/12 GB. Battery 4500 mAh. Back Camera 64 MP + 8 MP + 2 MP,Realme,5.0,Mobile Phones,Smartphones,232.14
P0932,"Apple Macbook Pro 2023 M2 Pro 16.2"" 32GB 512GB SSD Space Grey",Brand Apple. Series Macbook Pro. Screen Size 16.2''. Screen Resolution 3456 x 2234. Touchscreen No. Operating System Mac OS. Generation Apple M2 Generation. Processor Type M2 Pro. Processor Model Info n/a. Processor Speed Info n/a. Processor Turbo Info n/a. Processor Cache Info n/a. RAM 32GB. HDD Interface SSD. Hard Disk Capacity 512GB SSD. Graphics Info na. Graphics Detail Info n/a. Video Memory Shared. Optical Drive No Optical Drive. USB Ports 2 Ports Type-C. Numeric Pad No. HDMI Yes. Backlit Keyboard Yes. Warranty 1 Year Manufacturer. Shipping Same Day From Lahore,https://www.shophive.com/media/catalog/product/cache/3875881abdd255ac261538b8462285e9/j/k/jkj_2_2_4.jpg,"Apple Macbook Pro 2023 M2 Pro 16.2"" 32GB 512GB SSD Space Grey Apple Laptops MacBooks Brand Apple. Series Macbook Pro. Screen Size 16.2''. Screen Resolution 3456 x 2234. Touchscreen No. Operating System Mac OS. Generation Apple M2 Generation. Processor Type M2 Pro. Processor Model Info n/a. Processor Speed Info n/a. Processor Turbo Info n/a. Processor Cache Info n/a. RAM 32GB. HDD Interface SSD. Hard Disk Capacity 512GB SSD. Graphics Info na. Graphics Detail Info n/a. Video Memory Shared. Optical Drive No Optical Drive. USB Ports 2 Ports Type-C. Numeric Pad No. HDMI Yes. Backlit Keyboard Yes. Warranty 1 Year Manufacturer. Shipping Same Day From Lahore",Apple,0.0,Laptops,MacBooks,3428.57
P0933,Oppo Reno 8Z,Display 6.43 Inches. RAM 8/12 GB. Battery 4500 mAh. Back Camera 64 MP + 2 MP + 2 MP,https://images.priceoye.pk/oppo-reno-8z-pakistan-priceoye-7xpet-270x270.webp,Oppo Reno 8Z Oppo Mobile Phones Smartphones Display 6.43 Inches. RAM 8/12 GB. Battery 4500 mAh. Back Camera 64 MP + 2 MP + 2 MP,Oppo,5.0,Mobile Phones,Smartphones,285.71
P0934,Samsung Galaxy Tab A8 10.5 inches (X200),Display 10.5 inches. RAM 3GB. Type 7040 mAh. Back Camera 8 MP,https://images.priceoye.pk/samsung-galaxy-tab-a8-pakistan-priceoye-kecab-270x270.webp,Samsung Galaxy Tab A8 10.5 inches (X200) Samsung Tablets Android Tablets Display 10.5 inches. RAM 3GB. Type 7040 mAh. Back Camera 8 MP,Samsung,4.8,Tablets,Android Tablets,167.85
P0935,ASUS ROG Strix G16 G614JV Raptor Lake i7-13650HX 16GB 512GB SSD,"Brand Asus. Series ROG. Screen Size 16"". Screen Resolution 1920 x 1200. Touchscreen No. Operating System Windows 11 Home. Generation Intel 13th Generation. Processor Type Intel Core i7. Processor Model Info n/a. Processor Speed 2.6 GHz. Processor Turbo 4.9 GHz (Up to). Processor Cache 24 MB. RAM 16GB. HDD Interface SSD. Hard Disk Capacity 512GB SSD. Graphics Nvidia Graphics. Graphics Detail RTX 4060 (Nvidia Geforce). Video Memory 8 GB. Optical Drive No Optical Drive. USB Ports 2 ports. Numeric Pad No. HDMI Yes. Backlit Keyboard Yes. Warranty 7 Day Replacement. Shipping Same Day From Lahore",https://www.shophive.com/media/catalog/product/cache/3875881abdd255ac261538b8462285e9/i/m/image-removebg-preview---2023-05-31t143626.496.jpg,"ASUS ROG Strix G16 G614JV Raptor Lake i7-13650HX 16GB 512GB SSD Asus Laptops Gaming Laptops Brand Asus. Series ROG. Screen Size 16"". Screen Resolution 1920 x 1200. Touchscreen No. Operating System Windows 11 Home. Generation Intel 13th Generation. Processor Type Intel Core i7. Processor Model Info n/a. Processor Speed 2.6 GHz. Processor Turbo 4.9 GHz (Up to). Processor Cache 24 MB. RAM 16GB. HDD Interface SSD. Hard Disk Capacity 512GB SSD. Graphics Nvidia Graphics. Graphics Detail RTX 4060 (Nvidia Geforce). Video Memory 8 GB. Optical Drive No Optical Drive. USB Ports 2 ports. Numeric Pad No. HDMI Yes. Backlit Keyboard Yes. Warranty 7 Day Replacement. Shipping Same Day From Lahore",Asus,0.0,Laptops,Gaming Laptops,1700.0
P0936,Oppo A3x,Display 6.67 inches. RAM 4GB. Battery 5100 mAh. Back Camera 13MP+ 2 MP,https://images.priceoye.pk/oppo-a3x-pakistan-priceoye-xzd0k-270x270.webp,Oppo A3x Oppo Mobile Phones Smartphones Display 6.67 inches. RAM 4GB. Battery 5100 mAh. Back Camera 13MP+ 2 MP,Oppo,4.9,Mobile Phones,Smartphones,92.5
P0937,Tecno Pop 2 Pro,Display 5.5inches. RAM 1 GB RAM. Battery 3050 mAh. Back Camera 8 MP,https://images.priceoye.pk/tecno-pop-2-pro-pakistan-priceoye-077ko-270x270.webp,Tecno Pop 2 Pro Tecno Mobile Phones Smartphones Display 5.5inches. RAM 1 GB RAM. Battery 3050 mAh. Back Camera 8 MP,Tecno,4.8,Mobile Phones,Smartphones,40.35
P0938,Samsung Galaxy J5 Prime,Display 5.0 inches. RAM 2 GB RAM. Battery 2400 mAh. Back Camera 13 MP,https://images.priceoye.pk/samsung-galaxy-j5-prime-pakistan-priceoye-270x270.webp,Samsung Galaxy J5 Prime Samsung Mobile Phones Smartphones Display 5.0 inches. RAM 2 GB RAM. Battery 2400 mAh. Back Camera 13 MP,Samsung,5.0,Mobile Phones,Smartphones,67.85
P0939,Itel A27,Display 5.5 inches. RAM 2 GB. Battery 4000 mAh. Back Camera 5 MP,https://images.priceoye.pk/itel-a27-pakistan-priceoye-mu09g-270x270.webp,Itel A27 Itel Mobile Phones Smartphones Display 5.5 inches. RAM 2 GB. Battery 4000 mAh. Back Camera 5 MP,Itel,4.8,Mobile Phones,Smartphones,55.71
P0940,Vivo Y31s,Display 6.58 inches. RAM 4/6 GB. Battery 5000 mAh. Back Camera 13 MP + 2 MP,https://images.priceoye.pk/vivo-y31s-pakistan-priceoye-jgotg-270x270.webp,Vivo Y31s Vivo Mobile Phones Smartphones Display 6.58 inches. RAM 4/6 GB. Battery 5000 mAh. Back Camera 13 MP + 2 MP,Vivo,5.0,Mobile Phones,Smartphones,160.71
P0941,Tecno Pova 6 Neo,Display 6.78 Inches. RAM 16GB (8GB+ 8GB EXTENDED RAM). Battery 7000 mAh. Back Camera 50 MP + 2 MP,https://images.priceoye.pk/tecno-pova-6-neo-pakistan-priceoye-zuhsx-270x270.webp,Tecno Pova 6 Neo Tecno Mobile Phones Smartphones Display 6.78 Inches. RAM 16GB (8GB+ 8GB EXTENDED RAM). Battery 7000 mAh. Back Camera 50 MP + 2 MP,Tecno,4.3,Mobile Phones,Smartphones,167.85
P0942,Xiaomi Redmi 4 (4X),Display 5.0 inches. RAM 4 GB RAM OR 32 GB 3 GB RAM OR 16 GB 2 GB RAM. Battery 4100 mAh. Back Camera 13 MP,https://images.priceoye.pk/xiaomi-redmi-4-4x-pakistan-priceoye-270x270.webp,Xiaomi Redmi 4 (4X) Xiaomi Mobile Phones Smartphones Display 5.0 inches. RAM 4 GB RAM OR 32 GB 3 GB RAM OR 16 GB 2 GB RAM. Battery 4100 mAh. Back Camera 13 MP,Xiaomi,4.0,Mobile Phones,Smartphones,67.5
P0943,vivo Y89,Display 6.26 inches. RAM 4 GB RAM. Battery 3260 mAh. Back Camera 16 MP,https://images.priceoye.pk/vivo-y89-pakistan-priceoye-cde6p-270x270.webp,vivo Y89 Vivo Mobile Phones Smartphones Display 6.26 inches. RAM 4 GB RAM. Battery 3260 mAh. Back Camera 16 MP,Vivo,4.1,Mobile Phones,Smartphones,153.57
P0944,Infinix Hot 10i,Display 6.6 Inches. RAM 4 GB. Battery 6000 mAh. Back Camera 13 MP + QVGA,https://images.priceoye.pk/infinix-hot-10i-pakistan-priceoye-tg9e8-270x270.webp,Infinix Hot 10i Infinix Mobile Phones Smartphones Display 6.6 Inches. RAM 4 GB. Battery 6000 mAh. Back Camera 13 MP + QVGA,Infinix,4.9,Mobile Phones,Smartphones,70.35
P0945,Realme Narzo 10A,Display 6.5 inches. RAM 3 GB. Battery 5000 mAh. Back Camera 12 MP + 2 MP + 2 MP,https://images.priceoye.pk/realme-narzo-10a-pakistan-priceoye-4ei1l-270x270.webp,Realme Narzo 10A Realme Mobile Phones Smartphones Display 6.5 inches. RAM 3 GB. Battery 5000 mAh. Back Camera 12 MP + 2 MP + 2 MP,Realme,5.0,Mobile Phones,Smartphones,71.42
P0946,Tecno Pop 7 Pro,Display 6.56. RAM 3 GB. Battery 5000 mAh. Back Camera 13 MP + QVGA,https://images.priceoye.pk/tecno-pop-7-pro-pakistan-priceoye-b6hgr-270x270.webp,Tecno Pop 7 Pro Tecno Mobile Phones Smartphones Display 6.56. RAM 3 GB. Battery 5000 mAh. Back Camera 13 MP + QVGA,Tecno,5.0,Mobile Phones,Smartphones,142.85
P0947,Oppo A54,Display 6.51 inches. RAM 4 GB. Battery 5000 mAh. Back Camera 13 MP + 2 MP + 2 MP,https://images.priceoye.pk/oppo-a54-pakistan-priceoye-yb9dx-270x270.webp,Oppo A54 Oppo Mobile Phones Smartphones Display 6.51 inches. RAM 4 GB. Battery 5000 mAh. Back Camera 13 MP + 2 MP + 2 MP,Oppo,4.9,Mobile Phones,Smartphones,137.5
P0948,Redmi Pad SE 8.7 Inches 4g,Display 8.7 inches. RAM 6GB. Type 6650 mAh. Back Camera Yes,https://images.priceoye.pk/redmi-pad-se-8-7-pakistan-priceoye-hng3c-270x270.webp,Redmi Pad SE 8.7 Inches 4g Xiaomi Tablets Android Tablets Display 8.7 inches. RAM 6GB. Type 6650 mAh. Back Camera Yes,Xiaomi,5.0,Tablets,Android Tablets,185.71
P0949,HP Notebook 15 FC0298AU AMD Ryzen 5 7430U 8GB 512GB SSD,"Brand HP. Series Notebook. Screen Size 15.6"". Screen Resolution 1920 x 1080. Touchscreen No. Operating System Windows 11 Home. Generation AMD Ryzen Generation. Processor Type AMD Ryzen 5. Processor Model Info n/a. Processor Speed 2.3 GHz. Processor Turbo 4.3 GHz (Up to). Processor Cache 16 MB. RAM 8GB. HDD Interface SSD. Hard Disk Capacity 512GB SSD. Graphics AMD Radeon Graphics. Graphics Detail Info n/a. Video Memory Shared. Optical Drive No Optical Drive. USB Ports 2 ports. Numeric Pad Yes. HDMI Yes. Backlit Keyboard Yes. Warranty 1 Year Manufacturer. Shipping Same Day From Lahore",https://www.shophive.com/media/catalog/product/cache/3875881abdd255ac261538b8462285e9/l/a/laptop_20_1_2.jpg,"HP Notebook 15 FC0298AU AMD Ryzen 5 7430U 8GB 512GB SSD HP Laptops Laptops Brand HP. Series Notebook. Screen Size 15.6"". Screen Resolution 1920 x 1080. Touchscreen No. Operating System Windows 11 Home. Generation AMD Ryzen Generation. Processor Type AMD Ryzen 5. Processor Model Info n/a. Processor Speed 2.3 GHz. Processor Turbo 4.3 GHz (Up to). Processor Cache 16 MB. RAM 8GB. HDD Interface SSD. Hard Disk Capacity 512GB SSD. Graphics AMD Radeon Graphics. Graphics Detail Info n/a. Video Memory Shared. Optical Drive No Optical Drive. USB Ports 2 ports. Numeric Pad Yes. HDMI Yes. Backlit Keyboard Yes. Warranty 1 Year Manufacturer. Shipping Same Day From Lahore",HP,0.0,Laptops,Laptops,439.28
P0950,Realme C11 2021,Display 6.5 Inches. RAM 2 GB. Battery 5000 mAh. Back Camera 8 MP,https://images.priceoye.pk/realme-c11-2021-pakistan-priceoye-4e2q8-270x270.webp,Realme C11 2021 Realme Mobile Phones Smartphones Display 6.5 Inches. RAM 2 GB. Battery 5000 mAh. Back Camera 8 MP,Realme,4.9,Mobile Phones,Smartphones,65.35
P0951,Mibro GS Active Smart Watch,Display 33 mm. Screen Type Amoled. Calling N/A. Battery Life 20 Days,https://images.priceoye.pk/mibro-gs-active-smart-watch-pakistan-priceoye-qsgyu-270x270.webp,Mibro GS Active Smart Watch Mibro Smart Watches Smart Watches Display 33 mm. Screen Type Amoled. Calling N/A. Battery Life 20 Days,Mibro,5.0,Smart Watches,Smart Watches,45.71
P0952,Oppo A3X 4GB 128GB,"Brand Oppo. Operating System Android. Screen Size 6.6"". Internal Memory 128GB. RAM 4GB. Main Camera Pixel 8.0. Dual Sim Yes. Water Resistant No. Expandable Memory Yes. Warranty 1 Year Manufacturer. Shipping 3 - 5 Days. Color Blue",https://www.shophive.com/media/catalog/product/cache/3875881abdd255ac261538b8462285e9/i/m/image-removebg-preview_-_2024-11-19t122500.321_1.jpg,"Oppo A3X 4GB 128GB Oppo Mobile Phones Smartphones Brand Oppo. Operating System Android. Screen Size 6.6"". Internal Memory 128GB. RAM 4GB. Main Camera Pixel 8.0. Dual Sim Yes. Water Resistant No. Expandable Memory Yes. Warranty 1 Year Manufacturer. Shipping 3 - 5 Days. Color Blue",Oppo,0.0,Mobile Phones,Smartphones,125.0
P0953,Oppo Reno 4F,Display 6.43 inches. RAM 8GB. Battery 4000 mAh. Back Camera 48 MP + 8 MP + 2 MP + 2 MP,https://images.priceoye.pk/oppo-reno4-f-pakistan-priceoye-pgjap-270x270.webp,Oppo Reno 4F Oppo Mobile Phones Smartphones Display 6.43 inches. RAM 8GB. Battery 4000 mAh. Back Camera 48 MP + 8 MP + 2 MP + 2 MP,Oppo,5.0,Mobile Phones,Smartphones,196.43
P0954,Samsung Galaxy J2 Pro (2016),Display 5.0 inches. RAM 2 GB RAM. Battery 2600 mAh. Back Camera 8 MP,https://images.priceoye.pk/samsung-galaxy-j2-pro-2016-pakistan-priceoye-270x270.webp,Samsung Galaxy J2 Pro (2016) Samsung Mobile Phones Smartphones Display 5.0 inches. RAM 2 GB RAM. Battery 2600 mAh. Back Camera 8 MP,Samsung,4.7,Mobile Phones,Smartphones,60.71
P0955,Vivo X50 Pro Plus,Display 6.56 inches. RAM 8/12 GB. Battery 4350 mAh. Back Camera 50 MP + 13 MP + 32 MP + 13 MP,https://images.priceoye.pk/vivo-x50-pro-plus-pakistan-priceoye-nh9px-270x270.webp,Vivo X50 Pro Plus Vivo Mobile Phones Smartphones Display 6.56 inches. RAM 8/12 GB. Battery 4350 mAh. Back Camera 50 MP + 13 MP + 32 MP + 13 MP,Vivo,5.0,Mobile Phones,Smartphones,425.0
P0956,Lenovo ThinkPad E14 Gen 5 Raptor Lake i7-1355U 16GB 512GB SSD,"Brand Lenovo. Series ThinkPad. Screen Size 14"". Screen Resolution 1920 x 1200. Touchscreen No. Operating System DOS. Generation Intel 13th Generation. Processor Type Intel Core i7. Processor Model i7-1355U. Processor Speed 3.7 GHz. Processor Turbo 5.0 GHz (Up to). Processor Cache 12 MB. RAM 16GB. HDD Interface SSD. Hard Disk Capacity 512GB SSD. Graphics Intel Integrated Graphics. Graphics Detail Intel Iris XE Graphics. Video Memory Shared. Optical Drive No Optical Drive. USB Ports 2 ports. Numeric Pad No. HDMI Yes. Backlit Keyboard Yes. Warranty 1 Year Manufacturer. Shipping Same Day From Lahore",https://www.shophive.com/media/catalog/product/cache/3875881abdd255ac261538b8462285e9/l/a/laptop_41_7.jpg,"Lenovo ThinkPad E14 Gen 5 Raptor Lake i7-1355U 16GB 512GB SSD Lenovo Laptops Business Laptops Brand Lenovo. Series ThinkPad. Screen Size 14"". Screen Resolution 1920 x 1200. Touchscreen No. Operating System DOS. Generation Intel 13th Generation. Processor Type Intel Core i7. Processor Model i7-1355U. Processor Speed 3.7 GHz. Processor Turbo 5.0 GHz (Up to). Processor Cache 12 MB. RAM 16GB. HDD Interface SSD. Hard Disk Capacity 512GB SSD. Graphics Intel Integrated Graphics. Graphics Detail Intel Iris XE Graphics. Video Memory Shared. Optical Drive No Optical Drive. USB Ports 2 ports. Numeric Pad No. HDMI Yes. Backlit Keyboard Yes. Warranty 1 Year Manufacturer. Shipping Same Day From Lahore",Lenovo,0.0,Laptops,Business Laptops,991.07
P0957,Asus ROG Strix G15 G513RC-HN013W Ryzen 7 6800H 16GB 1TB SSD,"Brand Asus. Series ROG. Screen Size 15.6"". Screen Resolution 1920 x 1080. Touchscreen No. Operating System Windows 11 Home. Generation AMD Ryzen Generation. Processor Type AMD Ryzen 7. Processor Model Ryzen 7 6800H. Processor Speed 3.2 GHz. Processor Turbo 4.7 GHz (Up to). Processor Cache 16 MB. RAM 16GB. HDD Interface SSD. Hard Disk Capacity 1TB SSD. Graphics Nvidia Graphics. Graphics Detail RTX3050 (Nvidia GeForce). Video Memory 4 GB. Optical Drive No Optical Drive. USB Ports 4 ports. Numeric Pad No. HDMI Yes. Backlit Keyboard Yes. Warranty 7 Day Replacement. Shipping 5 - 10 Days",https://www.shophive.com/media/catalog/product/cache/3875881abdd255ac261538b8462285e9/a/s/asus_10.jpg,"Asus ROG Strix G15 G513RC-HN013W Ryzen 7 6800H 16GB 1TB SSD Asus Laptops Gaming Laptops Brand Asus. Series ROG. Screen Size 15.6"". Screen Resolution 1920 x 1080. Touchscreen No. Operating System Windows 11 Home. Generation AMD Ryzen Generation. Processor Type AMD Ryzen 7. Processor Model Ryzen 7 6800H. Processor Speed 3.2 GHz. Processor Turbo 4.7 GHz (Up to). Processor Cache 16 MB. RAM 16GB. HDD Interface SSD. Hard Disk Capacity 1TB SSD. Graphics Nvidia Graphics. Graphics Detail RTX3050 (Nvidia GeForce). Video Memory 4 GB. Optical Drive No Optical Drive. USB Ports 4 ports. Numeric Pad No. HDMI Yes. Backlit Keyboard Yes. Warranty 7 Day Replacement. Shipping 5 - 10 Days",Asus,0.0,Laptops,Gaming Laptops,1405.35
P0958,Vivo X21,Display 6.28 inches. RAM 6 GB RAM. Battery 3200 mAh. Back Camera 12 MP,https://images.priceoye.pk/vivo-x21-pakistan-priceoye-r3t9m-270x270.webp,Vivo X21 Vivo Mobile Phones Smartphones Display 6.28 inches. RAM 6 GB RAM. Battery 3200 mAh. Back Camera 12 MP,Vivo,4.0,Mobile Phones,Smartphones,243.93
P0959,Xiaomi Redmi Note 12S 8GB 256GB,Brand Mi. Operating System Android. Screen Size 6.4''. Internal Memory 256GB. RAM 8GB. Main Camera Pixel 108. Dual Sim Yes. Expandable Memory Yes. Warranty 1 Year Manufacturer. Shipping 24 - 48 hrs. Color Grey,https://www.shophive.com/media/catalog/product/cache/3875881abdd255ac261538b8462285e9/u/n/untitled_design_31__1.jpg,Xiaomi Redmi Note 12S 8GB 256GB Xiaomi Mobile Phones Smartphones Brand Mi. Operating System Android. Screen Size 6.4''. Internal Memory 256GB. RAM 8GB. Main Camera Pixel 108. Dual Sim Yes. Expandable Memory Yes. Warranty 1 Year Manufacturer. Shipping 24 - 48 hrs. Color Grey,Xiaomi,0.0,Mobile Phones,Smartphones,267.85
P0960,Tecno Spark 5 Pro,Display 6.6 Inches. RAM 4GB. Battery 5000 mAh. Back Camera 16 MP,https://images.priceoye.pk/tecno-spark-5-pro-pakistan-priceoye-2pizm-270x270.webp,Tecno Spark 5 Pro Tecno Mobile Phones Smartphones Display 6.6 Inches. RAM 4GB. Battery 5000 mAh. Back Camera 16 MP,Tecno,4.5,Mobile Phones,Smartphones,62.5
P0961,Infinix Hot 5,Display 5.5 inches. RAM 2 GB RAM. Battery 4000 mAh. Back Camera 8 MP,https://images.priceoye.pk/infinix-hot-5-pakistan-priceoye-7x6qi-270x270.webp,Infinix Hot 5 Infinix Mobile Phones Smartphones Display 5.5 inches. RAM 2 GB RAM. Battery 4000 mAh. Back Camera 8 MP,Infinix,5.0,Mobile Phones,Smartphones,52.86
P0962,Xiaomi Mi 8 Explorer,Display 6.21 inches. RAM 8 GB RAM. Battery 3000 mAh. Back Camera 12 MP,https://images.priceoye.pk/xiaomi-mi-8-explorer-pakistan-priceoye-xdb2u-270x270.webp,Xiaomi Mi 8 Explorer Xiaomi Mobile Phones Smartphones Display 6.21 inches. RAM 8 GB RAM. Battery 3000 mAh. Back Camera 12 MP,Xiaomi,4.0,Mobile Phones,Smartphones,232.14
P0963,Xiaomi Redmi A1+,Display 6.52 inches. RAM 2/3 GB. Battery 5000 mAh. Back Camera 8 MP + 0.08 MP (QVGA),https://images.priceoye.pk/xiaomi-redmi-a1-pakistan-priceoye-xlhoy-270x270.webp,Xiaomi Redmi A1+ Xiaomi Mobile Phones Smartphones Display 6.52 inches. RAM 2/3 GB. Battery 5000 mAh. Back Camera 8 MP + 0.08 MP (QVGA),Xiaomi,4.9,Mobile Phones,Smartphones,58.21
P0964,Oppo A11s,Display 6.5 Inches. RAM 4/8 GB. Battery 5000 mAh. Back Camera 13 MP + 2 MP + 2 MP,https://images.priceoye.pk/oppo-a11s-pakistan-priceoye-s8xhx-270x270.webp,Oppo A11s Oppo Mobile Phones Smartphones Display 6.5 Inches. RAM 4/8 GB. Battery 5000 mAh. Back Camera 13 MP + 2 MP + 2 MP,Oppo,5.0,Mobile Phones,Smartphones,178.57
P0965,Msi Sword 15 A12UE‐605US i7-12650H 8GB 512GB SSD,"Brand MSI. Series Gaming. Screen Size 15.6"". Screen Resolution 1920 x 1080. Touchscreen No. Operating System Windows 11 Home. Generation Intel 12Th Generation. Processor Type Intel Core i7. Processor Model i7-12650H. Processor Speed 4.7. Processor Turbo 3.5 GHz (Up to). Processor Cache 24 MB. RAM 8GB. HDD Interface SSD. Hard Disk Capacity 512GB SSD. Graphics Nvidia Graphics. Graphics Detail RTX3060 (Nvidia GeForce). Video Memory 6 GB. Optical Drive No Optical Drive. USB Ports 2 ports. Numeric Pad Yes. HDMI Yes. Backlit Keyboard Yes. Warranty 7 Day Replacement. Shipping Same Day From Lahore",https://www.shophive.com/media/catalog/product/cache/3875881abdd255ac261538b8462285e9/i/m/image-removebg-preview_-_2023-10-27t015135.429.jpg,"Msi Sword 15 A12UE‐605US i7-12650H 8GB 512GB SSD MSI Laptops Gaming Laptops Brand MSI. Series Gaming. Screen Size 15.6"". Screen Resolution 1920 x 1080. Touchscreen No. Operating System Windows 11 Home. Generation Intel 12Th Generation. Processor Type Intel Core i7. Processor Model i7-12650H. Processor Speed 4.7. Processor Turbo 3.5 GHz (Up to). Processor Cache 24 MB. RAM 8GB. HDD Interface SSD. Hard Disk Capacity 512GB SSD. Graphics Nvidia Graphics. Graphics Detail RTX3060 (Nvidia GeForce). Video Memory 6 GB. Optical Drive No Optical Drive. USB Ports 2 ports. Numeric Pad Yes. HDMI Yes. Backlit Keyboard Yes. Warranty 7 Day Replacement. Shipping Same Day From Lahore",MSI,0.0,Laptops,Gaming Laptops,1351.78
P0966,Xiaomi Redmi 3,Display 5.0 inches. RAM 2 GB RAM. Battery 4100 mAh. Back Camera 13 MP,https://images.priceoye.pk/xiaomi-redmi-3-pakistan-priceoye-270x270.webp,Xiaomi Redmi 3 Xiaomi Mobile Phones Smartphones Display 5.0 inches. RAM 2 GB RAM. Battery 4100 mAh. Back Camera 13 MP,Xiaomi,3.3,Mobile Phones,Smartphones,43.93
P0967,Apple Mac Mini M4 2024 16GB 512GB SSD Silver - MU9E3,Brand Apple. Operating System Mac OS. Hard Disk Capacity 512GB SSD. RAM 16GB. RAM Type Info not available. Processor Type M4. Processor Turbo Info n/a. Processor Speed Info n/a. Processor Cache Info n/a. Processor Model Info n/a. Graphics Info na. Graphics Detail Info n/a. Video Memory Shared. Optical Drive No Optical Drive. Warranty Manufacturer Warranty. Shipping Same Day From Lahore,https://www.shophive.com/media/catalog/product/cache/3875881abdd255ac261538b8462285e9/m/a/mac_3_2.jpg,Apple Mac Mini M4 2024 16GB 512GB SSD Silver - MU9E3 Apple Laptops Laptops Brand Apple. Operating System Mac OS. Hard Disk Capacity 512GB SSD. RAM 16GB. RAM Type Info not available. Processor Type M4. Processor Turbo Info n/a. Processor Speed Info n/a. Processor Cache Info n/a. Processor Model Info n/a. Graphics Info na. Graphics Detail Info n/a. Video Memory Shared. Optical Drive No Optical Drive. Warranty Manufacturer Warranty. Shipping Same Day From Lahore,Apple,0.0,Laptops,Laptops,982.14
P0968,Lenovo LOQ 15 Raptor Lake i7-14700HX 16GB 512GB SSD Gaming Laptop,"Brand Lenovo. Series Gaming. Screen Size 15.6"". Screen Resolution 1920 x 1080. Touchscreen No. Operating System DOS. Generation Intel 14th Generation. Processor Type Intel Core i7. Processor Model Info n/a. Processor Speed 3.7 GHz. Processor Turbo 5.1GHz. Processor Cache Info n/a. RAM 16GB. HDD Interface SSD. Hard Disk Capacity 512GB SSD. Graphics Nvidia Graphics. Graphics Detail RTX 4060 (Nvidia Geforce). Video Memory 8 GB. Optical Drive No Optical Drive. USB Ports 2 ports. Numeric Pad Yes. HDMI Yes. Backlit Keyboard Yes. Warranty International Warranty. Shipping Same Day From Lahore",https://www.shophive.com/media/catalog/product/cache/3875881abdd255ac261538b8462285e9/l/e/lenovo_loq_15_raptor_lake_i7-14700hx_16gb_512gb_ssd_gaming_laptop_1.jpg,"Lenovo LOQ 15 Raptor Lake i7-14700HX 16GB 512GB SSD Gaming Laptop Lenovo Laptops Gaming Laptops Brand Lenovo. Series Gaming. Screen Size 15.6"". Screen Resolution 1920 x 1080. Touchscreen No. Operating System DOS. Generation Intel 14th Generation. Processor Type Intel Core i7. Processor Model Info n/a. Processor Speed 3.7 GHz. Processor Turbo 5.1GHz. Processor Cache Info n/a. RAM 16GB. HDD Interface SSD. Hard Disk Capacity 512GB SSD. Graphics Nvidia Graphics. Graphics Detail RTX 4060 (Nvidia Geforce). Video Memory 8 GB. Optical Drive No Optical Drive. USB Ports 2 ports. Numeric Pad Yes. HDMI Yes. Backlit Keyboard Yes. Warranty International Warranty. Shipping Same Day From Lahore",Lenovo,0.0,Laptops,Gaming Laptops,1521.42
P0969,Samsung Galaxy Zero,Display 6.7 inches. RAM 12GB 16GB. Battery 5000 mAh. Back Camera 16 MP,https://images.priceoye.pk/samsung-galaxy-zero-pakistan-priceoye-kk81s-270x270.webp,Samsung Galaxy Zero Samsung Mobile Phones Smartphones Display 6.7 inches. RAM 12GB 16GB. Battery 5000 mAh. Back Camera 16 MP,Samsung,5.0,Mobile Phones,Smartphones,750.0
P0970,Xiaomi Mi 10 Pro 5G,Display 6.67 inches. RAM 8/12 GB. Battery 4500 mAh. Back Camera 108 MP + 12 MP + 8 MP + 20 MP,https://images.priceoye.pk/xiaomi-mi-10-pro-5g-pakistan-priceoye-3deu4-270x270.webp,Xiaomi Mi 10 Pro 5G Xiaomi Mobile Phones Smartphones Display 6.67 inches. RAM 8/12 GB. Battery 4500 mAh. Back Camera 108 MP + 12 MP + 8 MP + 20 MP,Xiaomi,5.0,Mobile Phones,Smartphones,589.28
P0971,vivo iQOO,Display 6.41 inches. RAM 8/12 GB RAM OR 128 GB 6/8 GB RAM. Battery 4000 mAh. Back Camera 12 MP,https://images.priceoye.pk/vivo-iqoo-pakistan-priceoye-12ibh-270x270.webp,vivo iQOO Vivo Mobile Phones Smartphones Display 6.41 inches. RAM 8/12 GB RAM OR 128 GB 6/8 GB RAM. Battery 4000 mAh. Back Camera 12 MP,Vivo,4.3,Mobile Phones,Smartphones,228.57
P0972,Apple MacBook Pro 2022 M2 13.3 256GB MNEH3 Space Gray,"Brand Apple. Series Macbook Pro. Screen Size 13.3"". Screen Resolution 2560 x 1600. Touchscreen No. Operating System Mac OS. Generation Apple M2 Generation. Processor Type M2. Processor Model Info n/a. Processor Speed Info n/a. Processor Turbo Info n/a. Processor Cache Info n/a. RAM 8GB. HDD Interface SSD. Hard Disk Capacity 256GB SSD. Graphics Info na. Graphics Detail Info n/a. Video Memory Shared. Optical Drive No Optical Drive. USB Ports 2 Ports Type-C. Numeric Pad No. HDMI No. Backlit Keyboard Yes. Warranty Manufacturer Warranty. Shipping Same Day From Lahore",https://www.shophive.com/media/catalog/product/cache/3875881abdd255ac261538b8462285e9/i/m/image-removebg-preview---2022-08-18t181609.373_1.jpg,"Apple MacBook Pro 2022 M2 13.3 256GB MNEH3 Space Gray Apple Laptops MacBooks Brand Apple. Series Macbook Pro. Screen Size 13.3"". Screen Resolution 2560 x 1600. Touchscreen No. Operating System Mac OS. Generation Apple M2 Generation. Processor Type M2. Processor Model Info n/a. Processor Speed Info n/a. Processor Turbo Info n/a. Processor Cache Info n/a. RAM 8GB. HDD Interface SSD. Hard Disk Capacity 256GB SSD. Graphics Info na. Graphics Detail Info n/a. Video Memory Shared. Optical Drive No Optical Drive. USB Ports 2 Ports Type-C. Numeric Pad No. HDMI No. Backlit Keyboard Yes. Warranty Manufacturer Warranty. Shipping Same Day From Lahore",Apple,0.0,Laptops,MacBooks,1214.28
P0973,Samsung Galaxy S24 Ultra 12GB 512GB,"Brand Samsung. Operating System Android. Screen Size 6.8"". Internal Memory 512GB. RAM 12GB. Main Camera Pixel 200. Dual Sim Yes. Water Resistant Yes. Expandable Memory No. Warranty 1 Year Manufacturer. Shipping Same Day From Lahore. Color Grey",https://www.shophive.com/media/catalog/product/cache/3875881abdd255ac261538b8462285e9/u/n/untitled_design_72__1.jpg,"Samsung Galaxy S24 Ultra 12GB 512GB Samsung Mobile Phones Smartphones Brand Samsung. Operating System Android. Screen Size 6.8"". Internal Memory 512GB. RAM 12GB. Main Camera Pixel 200. Dual Sim Yes. Water Resistant Yes. Expandable Memory No. Warranty 1 Year Manufacturer. Shipping Same Day From Lahore. Color Grey",Samsung,0.0,Mobile Phones,Smartphones,1535.71
P0974,Xiaomi Pad 7 Pro,"Display 11.2 inches. RAM 12GB. Type Wh. Back Camera 50 MP, f/1.8, (wide), 1/2.76",https://images.priceoye.pk/xiaomi-pad-7-pro-with-standard-keyboard-pakistan-priceoye-b0j2x-270x270.webp,"Xiaomi Pad 7 Pro Xiaomi Tablets Android Tablets Display 11.2 inches. RAM 12GB. Type Wh. Back Camera 50 MP, f/1.8, (wide), 1/2.76",Xiaomi,5.0,Tablets,Android Tablets,571.42
P0975,itel Muzik 400 Core,Display 2.4 inches. RAM 4 MB. Battery 1900 mAh. Back Camera VGA,https://images.priceoye.pk/itel-muzik-400-core-pakistan-priceoye-yr6g9-270x270.webp,itel Muzik 400 Core Itel Mobile Phones Smartphones Display 2.4 inches. RAM 4 MB. Battery 1900 mAh. Back Camera VGA,Itel,4.8,Mobile Phones,Smartphones,13.04
P0976,Samsung Galaxy J4 Core,Display 6.0 inches. RAM 1 GB RAM. Battery 3300 mAh. Back Camera 8 MP,https://images.priceoye.pk/samsung-galaxy-j4-core-pakistan-priceoye-mvajs-270x270.webp,Samsung Galaxy J4 Core Samsung Mobile Phones Smartphones Display 6.0 inches. RAM 1 GB RAM. Battery 3300 mAh. Back Camera 8 MP,Samsung,3.3,Mobile Phones,Smartphones,66.07
P0977,Samsung Galaxy W21 5G,Display 7.6 Inches. RAM 12 GB. Battery 4500 mAh. Back Camera 12 MP + 12 MP + 12 MP,https://images.priceoye.pk/samsung-galaxy-w21-5g-pakistan-priceoye-1e88k-270x270.webp,Samsung Galaxy W21 5G Samsung Mobile Phones Smartphones Display 7.6 Inches. RAM 12 GB. Battery 4500 mAh. Back Camera 12 MP + 12 MP + 12 MP,Samsung,5.0,Mobile Phones,Smartphones,1171.42
P0978,Samsung Galaxy A32 5G,Display 6.5 inches. RAM 4/6/8 GB. Battery 5000 mAh. Back Camera 48 MP + 8 MP + 5 MP + 2 MP,https://images.priceoye.pk/samsung-galaxy-a32-pakistan-priceoye-hdmfr-270x270.webp,Samsung Galaxy A32 5G Samsung Mobile Phones Smartphones Display 6.5 inches. RAM 4/6/8 GB. Battery 5000 mAh. Back Camera 48 MP + 8 MP + 5 MP + 2 MP,Samsung,5.0,Mobile Phones,Smartphones,153.57
P0979,Vivo Y15s,Display 6.51 inches. RAM 3 GB. Battery 5000 mAh. Back Camera 13 MP + 2 MP,https://images.priceoye.pk/vivo-y15s-pakistan-priceoye-x6xlw-270x270.webp,Vivo Y15s Vivo Mobile Phones Smartphones Display 6.51 inches. RAM 3 GB. Battery 5000 mAh. Back Camera 13 MP + 2 MP,Vivo,4.4,Mobile Phones,Smartphones,95.0
P0980,Vivo Y5,Display 6.35inches. RAM 4 GB RAM. Battery 5000 mAh. Back Camera 13 MP,https://images.priceoye.pk/vivo-y5-pakistan-priceoye-ns8fp-270x270.webp,Vivo Y5 Vivo Mobile Phones Smartphones Display 6.35inches. RAM 4 GB RAM. Battery 5000 mAh. Back Camera 13 MP,Vivo,3.7,Mobile Phones,Smartphones,125.0
P0981,Itel P65C,Display 6.6 Inches. RAM 8GB (4 + 4GB EXPANDABLE). Battery 5000 mAh. Back Camera 13MP,https://images.priceoye.pk/itel-p65c-pakistan-priceoye-x18fm-270x270.webp,Itel P65C Itel Mobile Phones Smartphones Display 6.6 Inches. RAM 8GB (4 + 4GB EXPANDABLE). Battery 5000 mAh. Back Camera 13MP,Itel,5.0,Mobile Phones,Smartphones,78.57
P0982,Infinix Note 40 Pro Plus,Display 6.78. RAM 12GB. Battery 4500 mAh. Back Camera 108 MP + 2 MP + 2MP,https://images.priceoye.pk/infinix-note-40-pro-plus-pakistan-priceoye-e7ia6-270x270.webp,Infinix Note 40 Pro Plus Infinix Mobile Phones Smartphones Display 6.78. RAM 12GB. Battery 4500 mAh. Back Camera 108 MP + 2 MP + 2MP,Infinix,5.0,Mobile Phones,Smartphones,268.93
P0983,Infinix Note 3,Display 6.0 inches. RAM 16GB 2GB RAM. Battery 4500 mAh. Back Camera 13 MP,https://images.priceoye.pk/infinix-note-3-pakistan-priceoye-270x270.webp,Infinix Note 3 Infinix Mobile Phones Smartphones Display 6.0 inches. RAM 16GB 2GB RAM. Battery 4500 mAh. Back Camera 13 MP,Infinix,4.5,Mobile Phones,Smartphones,64.28
P0984,Tecno Phantom V Fold 12GB 256GB,"Brand Tecno. Operating System Android. Screen Size 7.85"". Internal Memory 256GB. RAM 12GB. Main Camera Pixel 50.0. Dual Sim Yes. Water Resistant No. Expandable Memory No. Warranty 1 Year Manufacturer. Shipping Same Day From Lahore. Color Black",https://www.shophive.com/media/catalog/product/cache/3875881abdd255ac261538b8462285e9/u/n/untitled_design_36_.jpg,"Tecno Phantom V Fold 12GB 256GB Tecno Mobile Phones Smartphones Brand Tecno. Operating System Android. Screen Size 7.85"". Internal Memory 256GB. RAM 12GB. Main Camera Pixel 50.0. Dual Sim Yes. Water Resistant No. Expandable Memory No. Warranty 1 Year Manufacturer. Shipping Same Day From Lahore. Color Black",Tecno,0.0,Mobile Phones,Smartphones,1178.57
P0985,Asus ROG Zephyrus G14 GA402RJ-L8170W Ryzen 7 6800HS 16GB 1TB SSD,"Brand Asus. Series ROG. Screen Size 14"". Screen Resolution 2560 x 1600. Touchscreen No. Operating System Windows 11 Home. Generation AMD Ryzen Generation. Processor Type AMD Ryzen 7. Processor Model Info n/a. Processor Speed 3.2 GHz. Processor Turbo 4.7 GHz (Up to). Processor Cache 16 MB. RAM 16GB. HDD Interface SSD. Hard Disk Capacity 1TB SSD. Graphics AMD Radeon Graphics. Graphics Detail Info n/a. Video Memory 8 GB. Optical Drive No Optical Drive. USB Ports 2 ports. Numeric Pad No. HDMI Yes. Backlit Keyboard Yes. Warranty 7 Day Replacement. Shipping 5 - 10 Days",https://www.shophive.com/media/catalog/product/cache/3875881abdd255ac261538b8462285e9/a/s/asus_16.jpg,"Asus ROG Zephyrus G14 GA402RJ-L8170W Ryzen 7 6800HS 16GB 1TB SSD Asus Laptops Gaming Laptops Brand Asus. Series ROG. Screen Size 14"". Screen Resolution 2560 x 1600. Touchscreen No. Operating System Windows 11 Home. Generation AMD Ryzen Generation. Processor Type AMD Ryzen 7. Processor Model Info n/a. Processor Speed 3.2 GHz. Processor Turbo 4.7 GHz (Up to). Processor Cache 16 MB. RAM 16GB. HDD Interface SSD. Hard Disk Capacity 1TB SSD. Graphics AMD Radeon Graphics. Graphics Detail Info n/a. Video Memory 8 GB. Optical Drive No Optical Drive. USB Ports 2 ports. Numeric Pad No. HDMI Yes. Backlit Keyboard Yes. Warranty 7 Day Replacement. Shipping 5 - 10 Days",Asus,0.0,Laptops,Gaming Laptops,2183.93
P0986,Oppo RX17 Neo,Display 6.41 inches. RAM 4 GB RAM. Battery 3600 mAh. Back Camera 16 MP,https://images.priceoye.pk/oppo-rx17-neo-pakistan-priceoye-837jq-270x270.webp,Oppo RX17 Neo Oppo Mobile Phones Smartphones Display 6.41 inches. RAM 4 GB RAM. Battery 3600 mAh. Back Camera 16 MP,Oppo,3.7,Mobile Phones,Smartphones,189.29
P0987,Samsung Galaxy A03,Display 6.5 Inches. RAM 3/4 GB. Battery 5000 mAh. Back Camera 48 MP + 2 MP,https://images.priceoye.pk/samsung-galaxy-a03-pakistan-priceoye-g7f5i-270x270.webp,Samsung Galaxy A03 Samsung Mobile Phones Smartphones Display 6.5 Inches. RAM 3/4 GB. Battery 5000 mAh. Back Camera 48 MP + 2 MP,Samsung,4.9,Mobile Phones,Smartphones,95.35
P0988,Vivo Y33s,Display 6.5 Inches. RAM 8GB RAM +4GB EXTENDED RAM. Battery 5000 mAh. Back Camera 50MP + 2MP + 2MP,https://images.priceoye.pk/vivo-y33s-pakistan-priceoye-9bh3i-270x270.webp,Vivo Y33s Vivo Mobile Phones Smartphones Display 6.5 Inches. RAM 8GB RAM +4GB EXTENDED RAM. Battery 5000 mAh. Back Camera 50MP + 2MP + 2MP,Vivo,4.8,Mobile Phones,Smartphones,185.71
P0989,Tecno Camon 12,Display 6.55 inches. RAM 64GB 4GB RAM. Battery 4000 mAh. Back Camera 16 MP,https://images.priceoye.pk/tecno-camon-12-pakistan-priceoye-j1ytx-270x270.webp,Tecno Camon 12 Tecno Mobile Phones Smartphones Display 6.55 inches. RAM 64GB 4GB RAM. Battery 4000 mAh. Back Camera 16 MP,Tecno,4.0,Mobile Phones,Smartphones,69.64
P0990,Tecno Spark 6 Air,Display 7.0 Inches. RAM 2 GB. Battery 6000 mAh. Back Camera 13 MP,https://images.priceoye.pk/tecno-spark-6-air-pakistan-priceoye-drgm1-270x270.webp,Tecno Spark 6 Air Tecno Mobile Phones Smartphones Display 7.0 Inches. RAM 2 GB. Battery 6000 mAh. Back Camera 13 MP,Tecno,5.0,Mobile Phones,Smartphones,71.42
P0991,Apple Magic Trackpad 3,Brand Apple. Warranty 7 Day Replacement. Shipping Same Day From Lahore. Wireless Yes,https://www.shophive.com/media/catalog/product/cache/3875881abdd255ac261538b8462285e9/1/6/1629845149_img_1596790.jpg,Apple Magic Trackpad 3 Apple Laptops Laptops Brand Apple. Warranty 7 Day Replacement. Shipping Same Day From Lahore. Wireless Yes,Apple,0.0,Laptops,Laptops,142.85
P0992,Samsung Galaxy S24 FE 8GB 256GB,"Brand Samsung. Operating System Android. Screen Size 6.7"". Internal Memory 256GB. RAM 8GB. Main Camera Pixel 50.0. Dual Sim Yes. Water Resistant Yes. Expandable Memory No. Warranty 1 Year Manufacturer. Shipping Same Day From Lahore. Color Grey",https://www.shophive.com/media/catalog/product/cache/3875881abdd255ac261538b8462285e9/m/o/mobile_21.jpg,"Samsung Galaxy S24 FE 8GB 256GB Samsung Mobile Phones Smartphones Brand Samsung. Operating System Android. Screen Size 6.7"". Internal Memory 256GB. RAM 8GB. Main Camera Pixel 50.0. Dual Sim Yes. Water Resistant Yes. Expandable Memory No. Warranty 1 Year Manufacturer. Shipping Same Day From Lahore. Color Grey",Samsung,0.0,Mobile Phones,Smartphones,703.57
P0993,Apple Watch Series 10 42mm Rose Gold Aluminium Case With Starlight Sports Band,Brand Apple. Shipping Pre Order,https://www.shophive.com/media/catalog/product/cache/3875881abdd255ac261538b8462285e9/i/m/image-removebg-preview_-_2024-09-10t180501.333.jpg,Apple Watch Series 10 42mm Rose Gold Aluminium Case With Starlight Sports Band Apple Smart Watches Premium Smart Watches Brand Apple. Shipping Pre Order,Apple,0.0,Smart Watches,Premium Smart Watches,389.28
P0994,Zero Bolt Smart Watch,"Display 1.85 Inches. Screen Type TFT Screen. Calling Yes. Battery Life 10 Days Typical Usage Time, 30 Days Standby Time",https://images.priceoye.pk/zero-bolt-smart-watch-pakistan-priceoye-xd672-270x270.webp,"Zero Bolt Smart Watch Zero Smart Watches Smart Watches Display 1.85 Inches. Screen Type TFT Screen. Calling Yes. Battery Life 10 Days Typical Usage Time, 30 Days Standby Time",Zero,5.0,Smart Watches,Smart Watches,25.0
P0995,vivo iQOO Neo 6,Display 6.62 inches. RAM 8GB. Battery 4700 mAh. Back Camera 64 MP + 8 MP + 2 MP,https://images.priceoye.pk/vivo-iqoo-neo-6-pakistan-priceoye-nmedp-270x270.webp,vivo iQOO Neo 6 Vivo Mobile Phones Smartphones Display 6.62 inches. RAM 8GB. Battery 4700 mAh. Back Camera 64 MP + 8 MP + 2 MP,Vivo,5.0,Mobile Phones,Smartphones,250.0
P0996,Itel It5262,Display 2.4 Inches. RAM STANDARD. Battery 2000 mAh. Back Camera Digital camera,https://images.priceoye.pk/itel-it5262-pakistan-priceoye-7jmwr-270x270.webp,Itel It5262 Itel Mobile Phones Smartphones Display 2.4 Inches. RAM STANDARD. Battery 2000 mAh. Back Camera Digital camera,Itel,5.0,Mobile Phones,Smartphones,13.57
P0997,Amazfit Active Smart Watch 42mm,Brand Amazfit. Shipping 24 - 48 hrs,https://www.shophive.com/media/catalog/product/cache/3875881abdd255ac261538b8462285e9/w/a/watch_3_8.jpg,Amazfit Active Smart Watch 42mm Amazfit Smart Watches Smart Watches Brand Amazfit. Shipping 24 - 48 hrs,Amazfit,0.0,Smart Watches,Smart Watches,96.07
P0998,Realme 3i,Display 6.22inches. RAM 3 GB RAM OR 4 GB RAM. Battery 4230 mAh. Back Camera 13 MP,https://images.priceoye.pk/realme-3i-pakistan-priceoye-kw0jv-270x270.webp,Realme 3i Realme Mobile Phones Smartphones Display 6.22inches. RAM 3 GB RAM OR 4 GB RAM. Battery 4230 mAh. Back Camera 13 MP,Realme,5.0,Mobile Phones,Smartphones,85.71
P0999,MSI Cyborg 15 A12VE-46US i5-12450H 8GB 512GB SSD,"Brand MSI. Series Gaming. Screen Size 15.6"". Screen Resolution 1920 x 1080. Touchscreen No. Operating System Windows 11. Generation Intel 12Th Generation. Processor Type Intel Core i5. Processor Model i5-12450H. Processor Speed 3.3 GHz. Processor Turbo 4.4 GHz (Up to). Processor Cache 12 MB. RAM 8GB. HDD Interface SSD. Hard Disk Capacity 512GB SSD. Graphics Nvidia Graphics. Graphics Detail RTX 4060 (Nvidia Geforce). Video Memory 6 GB. Optical Drive No Optical Drive. USB Ports 2 Ports Type-C. Numeric Pad Yes. HDMI Yes. Backlit Keyboard Yes. Warranty 7 Day Replacement. Shipping Same Day From Lahore",https://www.shophive.com/media/catalog/product/cache/3875881abdd255ac261538b8462285e9/m/s/msi_1_1.jpg,"MSI Cyborg 15 A12VE-46US i5-12450H 8GB 512GB SSD MSI Laptops Gaming Laptops Brand MSI. Series Gaming. Screen Size 15.6"". Screen Resolution 1920 x 1080. Touchscreen No. Operating System Windows 11. Generation Intel 12Th Generation. Processor Type Intel Core i5. Processor Model i5-12450H. Processor Speed 3.3 GHz. Processor Turbo 4.4 GHz (Up to). Processor Cache 12 MB. RAM 8GB. HDD Interface SSD. Hard Disk Capacity 512GB SSD. Graphics Nvidia Graphics. Graphics Detail RTX 4060 (Nvidia Geforce). Video Memory 6 GB. Optical Drive No Optical Drive. USB Ports 2 Ports Type-C. Numeric Pad Yes. HDMI Yes. Backlit Keyboard Yes. Warranty 7 Day Replacement. Shipping Same Day From Lahore",MSI,0.0,Laptops,Gaming Laptops,1096.42
P1000,Lenovo Thinkpad X1 2-in-1 Intel Core Ultra 7 155U 16GB 1TB SSD,"Brand Lenovo. Series ThinkPad. Screen Size 14"". Screen Resolution 1920 x 1200. Touchscreen Yes. Operating System Windows 11 Pro. Generation Info n/a. Processor Type Intel Core Ultra 7. Processor Model Info n/a. Processor Speed 1.7 GHz. Processor Turbo 4.8 GHz (Up to). Processor Cache 12 MB. RAM 16GB. HDD Interface SSD. Hard Disk Capacity 1TB SSD. Graphics Intel Integrated Graphics. Graphics Detail Info n/a. Video Memory Shared. Optical Drive No Optical Drive. USB Ports 2 ports. Numeric Pad No. HDMI Yes. Backlit Keyboard Yes. Warranty 1 Year Manufacturer. Shipping Same Day From Lahore",https://www.shophive.com/media/catalog/product/cache/3875881abdd255ac261538b8462285e9/l/e/lenovo_2_1_5.jpg,"Lenovo Thinkpad X1 2-in-1 Intel Core Ultra 7 155U 16GB 1TB SSD Lenovo Laptops Business Laptops Brand Lenovo. Series ThinkPad. Screen Size 14"". Screen Resolution 1920 x 1200. Touchscreen Yes. Operating System Windows 11 Pro. Generation Info n/a. Processor Type Intel Core Ultra 7. Processor Model Info n/a. Processor Speed 1.7 GHz. Processor Turbo 4.8 GHz (Up to). Processor Cache 12 MB. RAM 16GB. HDD Interface SSD. Hard Disk Capacity 1TB SSD. Graphics Intel Integrated Graphics. Graphics Detail Info n/a. Video Memory Shared. Optical Drive No Optical Drive. USB Ports 2 ports. Numeric Pad No. HDMI Yes. Backlit Keyboard Yes. Warranty 1 Year Manufacturer. Shipping Same Day From Lahore",Lenovo,0.0,Laptops,Business Laptops,3253.57
